gl_txn_id,txn_date,period,account_code,account_name,account_category,department,cost_center,vendor_customer,amount,dr_cr,entity,memo
GL0000001,2023-01-13,2023-01-01,6100.0,s&m,Sales & Marketing,Unknown,CC300,"Buckley, Smith and Robinson",-19304.47,DR,SaaS US,Reclass
GL0000002,2023-01-18,2023-01-01,Unknown,cash,Cash,Marketing,CC100,Garcia-West,24798.35,,SaaS Canada,Refund
GL0000003,2023-01-17,2023-01-01,6300.0,g&a,G&A,Finance,CC100,Jacobs LLC,12201.17,DR,SaaS HoldCo,Refund
GL0000004,2023-01-11,2023-01-01,6300.0,g&a,G&A,Unknown,Unknown,Jarvis Inc,-15758.42,,SaaS HoldCo,Payroll
GL0000005,2023-01-16,2023-01-01,6300.0,general and administrative,G&A,Finance,Unknown,Frost Ltd,-1939.61,CR,SaaS Canada,AWS hosting
GL0000006,2023-01-07,2023-01-01,6200.0,r&d,R&D,Unknown,CC100,Logan Ltd,6026.08,,SaaS Canada,Refund
GL0000007,2023-01-21,2023-01-01,6100.0,sales & marketing,Sales & Marketing,Engineering,CC400,Robinson Ltd,13804.21,DR,SaaS US,AWS hosting
GL0000008,2023-01-22,2023-01-01,5000.0,cost of service,COGS,Marketing,CC100,Young PLC,5046.49,DR,SaaS US,Reclass
GL0000009,2023-01-09,2023-01-01,9999.0,misc expense,Other,Unknown,CC300,"Lee, Ross and Sanchez",-2872.76,CR,SaaS US,Software tools
GL0000010,2023-01-10,2023-01-01,6100.0,sales & marketing,Sales & Marketing,Unknown,Unknown,Lopez-Pham,11028.55,DR,SaaS HoldCo,Google Ads
GL0000011,2023-01-26,2023-01-01,1010.0,cash,Cash,Engineering,CC200,Bender PLC,-10848.1,,SaaS US,Unknown
GL0000012,2023-01-27,2023-01-01,6100.0,s&m,Sales & Marketing,Finance,CC200,Stephens Group,-23661.37,CR,SaaS US,AWS hosting
GL0000013,2023-01-07,2023-01-01,6100.0,sales & marketing,Sales & Marketing,Unknown,Unknown,"Booth, Curtis and Sanchez",17067.54,DR,SaaS US,Contractor costs
GL0000014,2023-01-18,2023-01-01,6100.0,sales and marketing,Sales & Marketing,Unknown,Unknown,"Castro, Mathis and Powell",10585.49,DR,SaaS US,Reclass
GL0000015,2023-01-18,2023-01-01,6300.0,general and administrative,G&A,Operations,CC100,Zuniga LLC,19961.78,DR,SaaS Canada,Refund
GL0000016,2023-01-07,2023-01-01,5000.0,cost of service,COGS,Engineering,Unknown,Hill Inc,9222.37,DR,SaaS HoldCo,Reclass
GL0000017,2023-01-01,2023-01-01,6100.0,sales and marketing,Sales & Marketing,Finance,Unknown,Baker-Durham,-23688.79,CR,SaaS HoldCo,Payroll
GL0000018,2023-01-02,2023-01-01,6200.0,r&d,R&D,Finance,CC200,Shelton Group,22803.12,DR,SaaS US,Payroll
GL0000019,2023-01-20,2023-01-01,6300.0,g&a,G&A,Unknown,CC100,"Wilson, Sawyer and Duke",12454.66,DR,SaaS US,Payroll
GL0000020,2023-01-27,2023-01-01,6300.0,general and administrative,G&A,Operations,CC300,"Galloway, Shaffer and Horton",20477.13,DR,SaaS HoldCo,Unknown
GL0000021,2023-01-01,2023-01-01,6300.0,g&a,G&A,Unknown,CC200,"Carroll, Morgan and Moore",19022.28,DR,SaaS US,Reclass
GL0000022,2023-01-01,2023-01-01,6200.0,research and development,R&D,Finance,CC100,"Gonzalez, Santiago and Silva",-14235.77,DR,SaaS US,AWS hosting
GL0000023,2023-01-12,2023-01-01,6300.0,g&a,G&A,Sales,Unknown,"Arroyo, Schneider and Montgomery",18709.84,DR,SaaS Canada,Unknown
GL0000024,2023-01-04,2023-01-01,5000.0,cost of service,COGS,Engineering,CC300,Watson LLC,13673.4,DR,SaaS US,Google Ads
GL0000025,2023-01-04,2023-01-01,6200.0,r&d,R&D,Finance,CC200,"Jackson, Jenkins and Torres",-24501.72,CR,SaaS US,Google Ads
GL0000026,2023-01-25,2023-01-01,5000.0,cost of service,COGS,Operations,CC100,Lambert-Watson,14755.07,DR,SaaS US,Google Ads
GL0000027,2023-01-26,2023-01-01,6200.0,research and development,R&D,Unknown,CC200,Rush Ltd,20973.42,DR,SaaS HoldCo,Payroll
GL0000028,2023-01-18,2023-01-01,6300.0,g&a,G&A,Operations,CC200,Moore Ltd,-7050.37,,SaaS US,Reclass
GL0000029,2023-01-15,2023-01-01,5000.0,cost of service,COGS,Unknown,CC200,Payne-Smith,15791.07,DR,SaaS US,Reclass
GL0000030,2023-01-20,2023-01-01,6200.0,research and development,R&D,Sales,Unknown,Chavez-Murray,1369.96,DR,SaaS US,Contractor costs
GL0000031,2023-01-06,2023-01-01,9999.0,misc expense,Other,Sales,CC300,"Howard, Carr and Herrera",19293.54,,SaaS US,Software tools
GL0000032,2023-01-18,2023-01-01,6200.0,r&d,R&D,Unknown,CC400,"Williams, Hall and Thompson",-17932.06,CR,SaaS US,Reclass
GL0000033,2023-01-22,2023-01-01,6200.0,research and development,R&D,Marketing,CC400,Petersen Group,7530.02,DR,SaaS US,Unknown
GL0000034,2023-01-02,2023-01-01,6200.0,r&d,R&D,Finance,Unknown,Elliott-Fisher,-13162.8,CR,SaaS Canada,Unknown
GL0000035,2023-01-14,2023-01-01,6200.0,r&d,R&D,Finance,CC300,Cole-Bell,22999.03,DR,SaaS US,Software tools
GL0000036,2023-01-15,2023-01-01,6100.0,s&m,Sales & Marketing,Unknown,Unknown,Jones-Manning,16717.73,DR,SaaS Canada,Unknown
GL0000037,2023-01-07,2023-01-01,6100.0,sales and marketing,Sales & Marketing,Unknown,Unknown,Jones-Webb,24749.56,DR,SaaS HoldCo,Reclass
GL0000038,2023-01-19,2023-01-01,6200.0,r&d,R&D,Finance,Unknown,"Coleman, Herman and Schneider",15497.73,DR,SaaS US,Reclass
GL0000039,2023-01-09,2023-01-01,6100.0,s&m,Sales & Marketing,Engineering,Unknown,"Phillips, Chapman and Brady",15786.37,DR,SaaS HoldCo,Contractor costs
GL0000040,2023-01-13,2023-01-01,6100.0,s&m,Sales & Marketing,Operations,Unknown,Jones LLC,-13889.91,CR,SaaS US,Refund
GL0000041,2023-01-24,2023-01-01,Unknown,cash,Cash,Unknown,CC400,Short and Sons,-3421.33,CR,SaaS US,Reclass
GL0000042,2023-01-09,2023-01-01,6100.0,sales & marketing,Sales & Marketing,Engineering,Unknown,"Cervantes, Russell and Perez",-15714.93,CR,SaaS Canada,Contractor costs
GL0000043,2023-01-20,2023-01-01,6200.0,r&d,R&D,Unknown,Unknown,Marshall PLC,-17276.38,CR,SaaS Canada,Refund
GL0000044,2023-01-09,2023-01-01,6300.0,g&a,G&A,Operations,CC300,Taylor Ltd,-14143.14,CR,SaaS Canada,Contractor costs
GL0000045,2023-01-20,2023-01-01,6100.0,sales and marketing,Sales & Marketing,Engineering,Unknown,Cox Group,-20246.09,CR,SaaS US,Google Ads
GL0000046,2023-01-26,2023-01-01,6300.0,general and administrative,G&A,Marketing,CC100,"Evans, Russell and Meyer",17007.64,DR,SaaS Canada,Unknown
GL0000047,2023-01-03,2023-01-01,6200.0,r&d,R&D,Finance,CC400,Washington and Sons,-20239.79,CR,SaaS US,Google Ads
GL0000048,2023-01-27,2023-01-01,5000.0,cost of service,COGS,Unknown,Unknown,"Newton, Medina and Bates",-15372.02,CR,SaaS Canada,AWS hosting
GL0000049,2023-01-09,2023-01-01,6300.0,general and administrative,G&A,Unknown,CC200,Herman-Drake,2960.9,DR,SaaS US,Google Ads
GL0000050,2023-01-01,2023-01-01,6100.0,sales & marketing,Sales & Marketing,Operations,Unknown,Castillo-Hull,8434.54,DR,SaaS Canada,Google Ads
GL0000051,2023-01-25,2023-01-01,6100.0,sales & marketing,Sales & Marketing,Unknown,Unknown,Lucas-Wright,-13910.15,CR,SaaS Canada,Payroll
GL0000052,2023-01-13,2023-01-01,5000.0,cost of service,COGS,Marketing,CC200,Sherman-Barnes,7547.74,DR,SaaS US,Unknown
GL0000053,2023-01-01,2023-01-01,1010.0,cash,Cash,Marketing,CC300,"Lambert, Castillo and Hoffman",10470.52,DR,SaaS HoldCo,Contractor costs
GL0000054,2023-01-07,2023-01-01,1010.0,cash,Cash,Engineering,Unknown,Munoz-Roberts,6936.27,DR,SaaS Canada,Contractor costs
GL0000055,2023-01-21,2023-01-01,9999.0,misc expense,Other,Unknown,Unknown,"Mckay, Barrera and Shelton",19202.7,DR,SaaS US,Refund
GL0000056,2023-01-21,2023-01-01,5000.0,cost of service,COGS,Unknown,Unknown,Gibson-Daniel,19076.79,DR,SaaS US,Reclass
GL0000057,2023-01-22,2023-01-01,6200.0,research and development,R&D,Unknown,CC400,"Miles, Cruz and Fowler",-13510.5,CR,SaaS Canada,Software tools
GL0000058,2023-01-09,2023-01-01,1010.0,cash,Cash,Operations,CC400,Dawson-Schwartz,13358.74,DR,SaaS US,Google Ads
GL0000059,2023-01-10,2023-01-01,6100.0,sales and marketing,Sales & Marketing,Engineering,Unknown,Mcdonald-King,12717.79,DR,SaaS US,Unknown
GL0000060,2023-01-14,2023-01-01,9999.0,misc expense,Other,Unknown,Unknown,Townsend and Sons,11967.53,DR,SaaS HoldCo,Google Ads
GL0000061,2023-01-12,2023-01-01,6100.0,sales and marketing,Sales & Marketing,Sales,Unknown,"Cox, Hess and Brown",-2353.08,CR,SaaS US,AWS hosting
GL0000062,2023-01-17,2023-01-01,6300.0,g&a,G&A,Marketing,CC300,Thomas-Smith,13176.77,DR,SaaS US,Unknown
GL0000063,2023-01-02,2023-01-01,6200.0,r&d,R&D,Operations,CC300,"Thomas, Moreno and Young",5143.76,DR,SaaS US,Unknown
GL0000064,2023-01-17,2023-01-01,6200.0,r&d,R&D,Unknown,Unknown,Thornton-Lane,-14985.32,CR,SaaS US,AWS hosting
GL0000065,2023-01-05,2023-01-01,6300.0,g&a,G&A,Operations,CC400,Madden Group,4289.63,DR,SaaS HoldCo,Unknown
GL0000066,2023-01-05,2023-01-01,5000.0,cost of service,COGS,Finance,CC400,"Jones, Lee and Rodriguez",8809.37,DR,SaaS US,Software tools
GL0000067,2023-01-17,2023-01-01,5000.0,cost of service,COGS,Operations,Unknown,"Robbins, Hanna and Hughes",8423.03,DR,SaaS US,Contractor costs
GL0000068,2023-01-23,2023-01-01,5000.0,cost of service,COGS,Marketing,Unknown,Meyers LLC,5761.73,DR,SaaS US,Reclass
GL0000069,2023-01-14,2023-01-01,6100.0,sales & marketing,Sales & Marketing,Marketing,CC400,Anderson-Hoover,1439.66,DR,SaaS HoldCo,AWS hosting
GL0000070,2023-01-01,2023-01-01,6200.0,research and development,R&D,Engineering,CC400,Brewer-Smith,-19997.77,,SaaS HoldCo,AWS hosting
GL0000071,2023-01-22,2023-01-01,6300.0,general and administrative,G&A,Operations,Unknown,"Galloway, Hall and Richardson",12360.3,DR,SaaS US,Refund
GL0000072,2023-01-17,2023-01-01,6100.0,s&m,Sales & Marketing,Engineering,CC400,Perez-Spencer,-7896.49,CR,SaaS Canada,Reclass
GL0000073,2023-01-23,2023-01-01,6100.0,sales & marketing,Sales & Marketing,Unknown,CC400,Lynch-Conrad,-11247.19,CR,SaaS US,Software tools
GL0000074,2023-01-26,2023-01-01,1010.0,cash,Cash,Operations,CC300,Hood-Conley,4572.56,DR,SaaS US,Unknown
GL0000075,2023-01-19,2023-01-01,6100.0,sales & marketing,Sales & Marketing,Unknown,CC200,"Kelley, Hinton and Harris",-16758.93,CR,SaaS US,AWS hosting
GL0000076,2023-01-01,2023-01-01,6100.0,sales & marketing,Sales & Marketing,Unknown,CC200,"Thomas, James and Simmons",4591.28,DR,SaaS Canada,AWS hosting
GL0000077,2023-01-06,2023-01-01,9999.0,misc expense,Other,Unknown,CC300,"Mueller, Goodwin and Cox",-10858.65,CR,SaaS HoldCo,Reclass
GL0000078,2023-01-08,2023-01-01,5000.0,cost of service,COGS,Operations,Unknown,Hernandez-Green,9021.91,,SaaS US,Reclass
GL0000079,2023-01-01,2023-01-01,6200.0,r&d,R&D,Finance,CC300,Dorsey LLC,11212.14,DR,SaaS HoldCo,Software tools
GL0000080,2023-01-02,2023-01-01,5000.0,cost of service,COGS,Unknown,CC400,Jones-Harris,14116.33,DR,SaaS HoldCo,Payroll
GL0000081,2023-01-17,2023-01-01,1010.0,cash,Cash,Marketing,CC200,Doyle Ltd,2924.98,DR,SaaS Canada,Unknown
GL0000082,2023-01-15,2023-01-01,9999.0,misc expense,Other,Operations,Unknown,Gomez-Mcgrath,-3566.21,CR,SaaS Canada,Reclass
GL0000083,2023-01-24,2023-01-01,1010.0,cash,Cash,Marketing,Unknown,Rodriguez-Oconnor,-21346.97,CR,SaaS US,Software tools
GL0000084,2023-01-03,2023-01-01,6300.0,g&a,G&A,Unknown,CC300,Galvan-Richards,24907.52,DR,SaaS Canada,Reclass
GL0000085,2023-01-12,2023-01-01,6200.0,research and development,R&D,Engineering,CC400,Hayes and Sons,-18078.59,CR,SaaS US,Unknown
GL0000086,2023-01-18,2023-01-01,5000.0,cost of service,COGS,Finance,Unknown,"Brown, Velazquez and Huffman",11850.45,DR,SaaS HoldCo,Refund
GL0000087,2023-01-12,2023-01-01,Unknown,cash,Cash,Unknown,CC400,"Rodgers, White and Campbell",-13724.65,CR,SaaS HoldCo,Google Ads
GL0000088,2023-01-13,2023-01-01,6100.0,s&m,Sales & Marketing,Unknown,Unknown,Roth-Martinez,-17692.11,CR,SaaS HoldCo,Google Ads
GL0000089,2023-01-09,2023-01-01,6200.0,r&d,R&D,Operations,Unknown,Gomez-Randall,17960.67,,SaaS Canada,Payroll
GL0000090,2023-01-07,2023-01-01,6200.0,r&d,R&D,Sales,CC100,Johnson Ltd,-15145.14,CR,SaaS Canada,Unknown
GL0000091,2023-02-25,2023-02-01,6100.0,s&m,Sales & Marketing,Sales,Unknown,West-English,-24574.35,CR,SaaS US,Software tools
GL0000092,2023-02-06,2023-02-01,6200.0,r&d,R&D,Marketing,CC100,Simpson-Williams,-3238.24,CR,SaaS US,Software tools
GL0000093,2023-02-03,2023-02-01,6100.0,sales and marketing,Sales & Marketing,Sales,CC200,"Whitehead, Hickman and Velasquez",-22808.63,CR,SaaS Canada,Software tools
GL0000094,2023-02-18,2023-02-01,6100.0,sales & marketing,Sales & Marketing,Finance,CC200,Logan-Garrett,9794.96,DR,SaaS Canada,Payroll
GL0000095,2023-02-15,2023-02-01,6200.0,research and development,R&D,Engineering,CC400,Daniels LLC,-24532.97,,SaaS US,Contractor costs
GL0000096,2023-02-20,2023-02-01,6300.0,g&a,G&A,Unknown,CC200,Mann-Lewis,-16329.74,CR,SaaS US,Refund
GL0000097,2023-02-26,2023-02-01,6100.0,sales & marketing,Sales & Marketing,Sales,CC200,"Riddle, Young and Brown",14174.53,DR,SaaS US,Refund
GL0000098,2023-02-16,2023-02-01,6200.0,r&d,R&D,Marketing,CC100,Clayton-Walls,3372.79,DR,SaaS US,Software tools
GL0000099,2023-02-01,2023-02-01,6300.0,g&a,G&A,Marketing,Unknown,Payne-Lewis,23885.73,DR,SaaS Canada,Contractor costs
GL0000100,2023-02-22,2023-02-01,1010.0,cash,Cash,Finance,CC400,"Cortez, Gregory and Moss",-23154.06,CR,SaaS US,Google Ads
GL0000101,2023-02-13,2023-02-01,6100.0,sales & marketing,Sales & Marketing,Sales,CC200,Robertson Ltd,14857.83,DR,SaaS US,Reclass
GL0000102,2023-02-17,2023-02-01,6200.0,research and development,R&D,Sales,CC200,"Leonard, Murray and Boyd",-14451.36,CR,SaaS US,Contractor costs
GL0000103,2023-02-07,2023-02-01,5000.0,cost of service,COGS,Engineering,CC200,Johnson-Barnes,-7490.04,CR,SaaS US,Refund
GL0000104,2023-02-06,2023-02-01,9999.0,misc expense,Other,Finance,Unknown,Taylor Inc,9597.8,DR,SaaS HoldCo,Google Ads
GL0000105,2023-02-24,2023-02-01,6100.0,sales and marketing,Sales & Marketing,Operations,CC400,Cardenas Ltd,-22761.82,,SaaS US,Refund
GL0000106,2023-02-06,2023-02-01,6100.0,s&m,Sales & Marketing,Unknown,Unknown,"Farrell, Wood and Farrell",-19582.25,CR,SaaS HoldCo,Refund
GL0000107,2023-02-13,2023-02-01,1010.0,cash,Cash,Unknown,CC400,"Gray, Miller and Cole",3190.01,DR,SaaS US,Google Ads
GL0000108,2023-02-09,2023-02-01,6200.0,r&d,R&D,Unknown,CC400,Lara-Davis,16715.95,DR,SaaS Canada,Unknown
GL0000109,2023-02-08,2023-02-01,6200.0,r&d,R&D,Marketing,Unknown,"Sullivan, Bishop and Kim",-23197.18,CR,SaaS Canada,Software tools
GL0000110,2023-02-08,2023-02-01,6200.0,research and development,R&D,Sales,Unknown,"Aguilar, Ramirez and Palmer",9480.87,DR,SaaS Canada,Google Ads
GL0000111,2023-02-17,2023-02-01,6100.0,sales & marketing,Sales & Marketing,Engineering,CC400,"Hughes, Murphy and Duarte",18441.77,,SaaS HoldCo,Reclass
GL0000112,2023-02-24,2023-02-01,6200.0,research and development,R&D,Unknown,CC400,"Wilcox, Munoz and Rodriguez",6795.14,DR,SaaS Canada,Unknown
GL0000113,2023-02-13,2023-02-01,6300.0,general and administrative,G&A,Marketing,CC200,Ramirez Group,14043.75,DR,SaaS HoldCo,Payroll
GL0000114,2023-02-24,2023-02-01,6200.0,r&d,R&D,Engineering,CC300,"Guzman, Lee and Clark",11421.68,DR,SaaS HoldCo,Software tools
GL0000115,2023-02-13,2023-02-01,6200.0,research and development,R&D,Operations,Unknown,"Russo, Foster and Novak",-9430.68,CR,SaaS US,Software tools
GL0000116,2023-02-06,2023-02-01,6200.0,research and development,R&D,Finance,Unknown,Mclaughlin-Turner,24675.69,DR,SaaS HoldCo,Unknown
GL0000117,2023-02-17,2023-02-01,Unknown,sales & marketing,Sales & Marketing,Sales,CC400,Li-Johnson,24191.64,DR,SaaS HoldCo,Reclass
GL0000118,2023-02-11,2023-02-01,1010.0,cash,Cash,Operations,CC400,Rodriguez and Sons,-6560.82,CR,SaaS HoldCo,AWS hosting
GL0000119,2023-02-27,2023-02-01,6300.0,g&a,G&A,Engineering,Unknown,"Smith, Malone and Hudson",16157.28,DR,SaaS HoldCo,Unknown
GL0000120,2023-02-24,2023-02-01,6100.0,s&m,Sales & Marketing,Finance,CC300,Rose Ltd,24566.03,DR,SaaS Canada,Reclass
GL0000121,2023-02-09,2023-02-01,6100.0,sales & marketing,Sales & Marketing,Marketing,CC100,Brown Group,2119.26,DR,SaaS US,Payroll
GL0000122,2023-02-17,2023-02-01,5000.0,cost of service,COGS,Operations,CC300,Olson-Sampson,6638.3,DR,SaaS HoldCo,Unknown
GL0000123,2023-02-23,2023-02-01,5000.0,cost of service,COGS,Unknown,CC200,"Malone, Pearson and Neal",-7543.13,CR,SaaS US,Reclass
GL0000124,2023-02-08,2023-02-01,6200.0,r&d,R&D,Engineering,CC200,Melendez Group,9324.57,DR,SaaS US,Refund
GL0000125,2023-02-14,2023-02-01,6100.0,sales and marketing,Sales & Marketing,Finance,CC200,Jimenez-Stevens,17435.09,DR,SaaS HoldCo,Reclass
GL0000126,2023-02-18,2023-02-01,6300.0,general and administrative,G&A,Operations,Unknown,"Brown, Miller and Griffin",-11046.57,CR,SaaS US,Contractor costs
GL0000127,2023-02-14,2023-02-01,6300.0,g&a,G&A,Operations,CC300,"Dean, Johnson and Choi",15907.01,DR,SaaS Canada,Payroll
GL0000128,2023-02-26,2023-02-01,6100.0,sales and marketing,Sales & Marketing,Sales,CC200,Carter-Caldwell,3741.96,CR,SaaS HoldCo,AWS hosting
GL0000129,2023-02-22,2023-02-01,6300.0,general and administrative,G&A,Finance,Unknown,Wood Inc,-17271.88,CR,SaaS US,Refund
GL0000130,2023-02-21,2023-02-01,6100.0,sales & marketing,Sales & Marketing,Unknown,CC200,"Kramer, Smith and Phillips",-4383.5,CR,SaaS Canada,AWS hosting
GL0000131,2023-02-10,2023-02-01,6200.0,r&d,R&D,Sales,CC200,"Coleman, Higgins and Roth",11495.1,DR,SaaS US,Payroll
GL0000132,2023-02-08,2023-02-01,6100.0,sales and marketing,Sales & Marketing,Unknown,Unknown,Long-Hall,14714.53,DR,SaaS US,Payroll
GL0000133,2023-02-16,2023-02-01,5000.0,cost of service,COGS,Marketing,Unknown,Moore-Singh,-5401.99,CR,SaaS US,AWS hosting
GL0000134,2023-02-08,2023-02-01,6200.0,research and development,R&D,Engineering,CC200,Bell-Jensen,2328.21,DR,SaaS US,Software tools
GL0000135,2023-02-21,2023-02-01,5000.0,cost of service,COGS,Unknown,CC100,"Park, Smith and Clark",17007.27,DR,SaaS HoldCo,Reclass
GL0000136,2023-02-05,2023-02-01,5000.0,cost of service,COGS,Marketing,CC200,Padilla-Gregory,21943.28,DR,SaaS US,Contractor costs
GL0000137,2023-02-13,2023-02-01,6300.0,general and administrative,G&A,Marketing,CC400,Adams-Ochoa,-4942.33,CR,SaaS HoldCo,Payroll
GL0000138,2023-02-02,2023-02-01,5000.0,cost of service,COGS,Engineering,Unknown,"Bender, Wagner and Robinson",-11989.83,CR,SaaS Canada,Payroll
GL0000139,2023-02-13,2023-02-01,1010.0,cash,Cash,Marketing,CC300,Torres-Chapman,-2907.32,CR,SaaS Canada,Payroll
GL0000140,2023-02-12,2023-02-01,6200.0,r&d,R&D,Marketing,CC100,Mckay LLC,-10708.46,CR,SaaS US,AWS hosting
GL0000141,2023-02-04,2023-02-01,1010.0,cash,Cash,Marketing,CC400,"Kelley, Nelson and Ruiz",10856.23,DR,SaaS US,AWS hosting
GL0000142,2023-02-26,2023-02-01,6200.0,r&d,R&D,Operations,CC100,Tran Ltd,22493.72,DR,SaaS Canada,Contractor costs
GL0000143,2023-02-09,2023-02-01,5000.0,cost of service,COGS,Unknown,Unknown,"Gray, Rodriguez and Thomas",-18430.88,CR,SaaS Canada,Google Ads
GL0000144,2023-02-12,2023-02-01,6100.0,sales & marketing,Sales & Marketing,Unknown,Unknown,"Hodge, Stanley and Padilla",18152.24,DR,SaaS Canada,Unknown
GL0000145,2023-02-14,2023-02-01,6300.0,g&a,G&A,Engineering,CC200,Bolton LLC,22667.85,DR,SaaS Canada,AWS hosting
GL0000146,2023-02-08,2023-02-01,6100.0,sales and marketing,Sales & Marketing,Operations,CC200,"Ortiz, Clark and Baldwin",18508.24,DR,SaaS Canada,Payroll
GL0000147,2023-02-11,2023-02-01,6100.0,s&m,Sales & Marketing,Unknown,CC200,Hartman-Collins,16541.98,DR,SaaS US,Google Ads
GL0000148,2023-02-05,2023-02-01,6300.0,general and administrative,G&A,Unknown,Unknown,Gonzalez LLC,24773.57,DR,SaaS US,AWS hosting
GL0000149,2023-02-14,2023-02-01,5000.0,cost of service,COGS,Unknown,CC400,Evans-Ortega,-13717.58,CR,SaaS Canada,Unknown
GL0000150,2023-02-06,2023-02-01,5000.0,cost of service,COGS,Unknown,CC300,Ford Group,1642.49,DR,SaaS Canada,Google Ads
GL0000151,2023-02-22,2023-02-01,5000.0,cost of service,COGS,Sales,Unknown,Lewis Ltd,-24796.18,CR,SaaS US,AWS hosting
GL0000152,2023-02-06,2023-02-01,6100.0,s&m,Sales & Marketing,Operations,CC300,Conway-Thomas,21917.94,DR,SaaS US,AWS hosting
GL0000153,2023-02-02,2023-02-01,6300.0,general and administrative,G&A,Engineering,CC400,Hill-Saunders,-1776.29,CR,SaaS US,Refund
GL0000154,2023-02-23,2023-02-01,5000.0,cost of service,COGS,Unknown,CC300,Martin-Martinez,21511.27,DR,SaaS US,AWS hosting
GL0000155,2023-02-10,2023-02-01,1010.0,cash,Cash,Marketing,Unknown,Hernandez-Bridges,24371.24,DR,SaaS US,Google Ads
GL0000156,2023-02-13,2023-02-01,1010.0,cash,Cash,Sales,CC400,Smith Group,21983.13,DR,SaaS HoldCo,Reclass
GL0000157,2023-02-07,2023-02-01,6100.0,s&m,Sales & Marketing,Sales,Unknown,Campbell-Moyer,21755.29,DR,SaaS Canada,Google Ads
GL0000158,2023-02-16,2023-02-01,5000.0,cost of service,COGS,Engineering,Unknown,King PLC,-16881.3,CR,SaaS US,Contractor costs
GL0000159,2023-02-27,2023-02-01,5000.0,cost of service,COGS,Finance,Unknown,"Weiss, Moon and Taylor",17899.71,DR,SaaS US,Unknown
GL0000160,2023-02-26,2023-02-01,1010.0,cash,Cash,Unknown,CC100,Price-Nichols,2533.02,DR,SaaS US,Unknown
GL0000161,2023-02-23,2023-02-01,6100.0,sales & marketing,Sales & Marketing,Engineering,CC400,Baxter-Price,23555.64,DR,SaaS US,Unknown
GL0000162,2023-02-15,2023-02-01,6100.0,sales and marketing,Sales & Marketing,Finance,CC200,Bryan-Sanchez,24884.12,DR,SaaS Canada,AWS hosting
GL0000163,2023-02-23,2023-02-01,6100.0,sales & marketing,Sales & Marketing,Engineering,Unknown,"Cordova, Matthews and Meadows",-23660.18,DR,SaaS US,Reclass
GL0000164,2023-02-04,2023-02-01,5000.0,cost of service,COGS,Marketing,CC300,"Rodriguez, Brown and Duncan",11965.47,DR,SaaS HoldCo,Unknown
GL0000165,2023-02-15,2023-02-01,6300.0,general and administrative,G&A,Operations,CC300,Woodward-Kim,12339.05,CR,SaaS US,AWS hosting
GL0000166,2023-02-21,2023-02-01,9999.0,misc expense,Other,Operations,CC400,Combs and Sons,-14376.28,CR,SaaS US,AWS hosting
GL0000167,2023-02-27,2023-02-01,6100.0,s&m,Sales & Marketing,Finance,Unknown,Roman Group,1426.84,DR,SaaS US,Unknown
GL0000168,2023-02-08,2023-02-01,1010.0,cash,Cash,Engineering,Unknown,Payne PLC,15623.49,DR,SaaS US,Reclass
GL0000169,2023-02-11,2023-02-01,6300.0,general and administrative,G&A,Operations,CC300,Powers and Sons,-14038.67,CR,SaaS US,Refund
GL0000170,2023-02-12,2023-02-01,9999.0,misc expense,Other,Marketing,CC100,Anderson-Walker,10152.09,DR,SaaS US,Unknown
GL0000171,2023-02-04,2023-02-01,6100.0,s&m,Sales & Marketing,Finance,Unknown,Powers-Davis,-1034.04,CR,SaaS US,Google Ads
GL0000172,2023-02-10,2023-02-01,9999.0,misc expense,Other,Engineering,CC400,Hansen LLC,-6282.28,DR,SaaS US,AWS hosting
GL0000173,2023-02-03,2023-02-01,6100.0,s&m,Sales & Marketing,Marketing,CC400,Lyons-King,-21677.54,DR,SaaS Canada,Payroll
GL0000174,2023-02-02,2023-02-01,6300.0,g&a,G&A,Marketing,Unknown,Preston-Atkinson,-22247.18,CR,SaaS US,Payroll
GL0000175,2023-02-15,2023-02-01,6300.0,general and administrative,G&A,Finance,CC100,Rodriguez-Martinez,1015.35,DR,SaaS Canada,Refund
GL0000176,2023-02-05,2023-02-01,1010.0,cash,Cash,Unknown,CC400,Leon LLC,-12342.72,CR,SaaS US,AWS hosting
GL0000177,2023-02-15,2023-02-01,9999.0,misc expense,Other,Sales,Unknown,Charles Ltd,12985.71,DR,SaaS Canada,Reclass
GL0000178,2023-02-08,2023-02-01,6100.0,sales & marketing,Sales & Marketing,Finance,CC200,Cabrera-Rios,8465.09,DR,SaaS US,Payroll
GL0000179,2023-02-04,2023-02-01,5000.0,cost of service,COGS,Unknown,Unknown,Copeland-Collins,18954.65,DR,SaaS Canada,Refund
GL0000180,2023-02-03,2023-02-01,6300.0,g&a,G&A,Marketing,Unknown,Cole and Sons,9165.41,DR,SaaS US,Reclass
GL0000181,2023-03-05,2023-03-01,6300.0,general and administrative,G&A,Unknown,CC200,"Fritz, Garcia and Robinson",21908.09,DR,SaaS US,Unknown
GL0000182,2023-03-02,2023-03-01,6300.0,general and administrative,G&A,Sales,CC300,Martin PLC,4137.29,DR,SaaS US,Payroll
GL0000183,2023-03-01,2023-03-01,5000.0,cost of service,COGS,Sales,CC200,"Rivera, Collins and Larson",-3299.33,CR,SaaS US,Payroll
GL0000184,2023-03-12,2023-03-01,6200.0,research and development,R&D,Operations,CC100,Avila Group,21660.88,CR,SaaS Canada,Google Ads
GL0000185,2023-03-20,2023-03-01,5000.0,cost of service,COGS,Marketing,CC300,Mcintosh and Sons,-22103.76,CR,SaaS Canada,Unknown
GL0000186,2023-03-17,2023-03-01,6200.0,research and development,R&D,Operations,CC300,Poole-Shannon,8128.49,DR,SaaS US,AWS hosting
GL0000187,2023-03-23,2023-03-01,1010.0,cash,Cash,Finance,Unknown,Bailey LLC,-21094.75,CR,SaaS US,Refund
GL0000188,2023-03-22,2023-03-01,5000.0,cost of service,COGS,Finance,Unknown,Lamb-Kim,20404.32,CR,SaaS US,Refund
GL0000189,2023-03-16,2023-03-01,Unknown,s&m,Sales & Marketing,Engineering,Unknown,Hamilton-Leon,-11369.22,CR,SaaS US,Refund
GL0000190,2023-03-15,2023-03-01,1010.0,cash,Cash,Finance,CC100,Osborne and Sons,-7215.96,CR,SaaS US,Software tools
GL0000191,2023-03-14,2023-03-01,6100.0,s&m,Sales & Marketing,Finance,CC400,"Garrison, Lowe and Jackson",15375.76,DR,SaaS HoldCo,Reclass
GL0000192,2023-03-16,2023-03-01,6300.0,g&a,G&A,Engineering,CC100,Obrien Inc,24829.68,DR,SaaS US,Google Ads
GL0000193,2023-03-05,2023-03-01,5000.0,cost of service,COGS,Operations,CC300,Strong-Holden,10075.39,DR,SaaS US,Contractor costs
GL0000194,2023-03-09,2023-03-01,6200.0,r&d,R&D,Sales,CC300,"Christian, Fernandez and Patton",5817.88,DR,SaaS US,Google Ads
GL0000195,2023-03-24,2023-03-01,6100.0,sales and marketing,Sales & Marketing,Operations,Unknown,"Matthews, Romero and Hernandez",8432.33,DR,SaaS Canada,Google Ads
GL0000196,2023-03-22,2023-03-01,9999.0,misc expense,Other,Engineering,Unknown,Wright Group,-8738.59,CR,SaaS HoldCo,Google Ads
GL0000197,2023-03-19,2023-03-01,1010.0,cash,Cash,Finance,Unknown,Mitchell-Norris,7335.2,DR,SaaS US,Software tools
GL0000198,2023-03-26,2023-03-01,5000.0,cost of service,COGS,Unknown,CC300,"Alexander, Rose and Sanchez",1322.66,DR,SaaS US,Payroll
GL0000199,2023-03-18,2023-03-01,5000.0,cost of service,COGS,Finance,Unknown,Castro and Sons,2157.86,DR,SaaS HoldCo,Unknown
GL0000200,2023-03-08,2023-03-01,1010.0,cash,Cash,Sales,Unknown,"Rodriguez, Short and Smith",-10047.84,CR,SaaS HoldCo,Reclass
GL0000201,2023-03-17,2023-03-01,6100.0,sales & marketing,Sales & Marketing,Operations,Unknown,"Martin, Lozano and Cherry",-3604.67,CR,SaaS US,Refund
GL0000202,2023-03-06,2023-03-01,9999.0,misc expense,Other,Unknown,Unknown,"Ramsey, Smith and Reyes",9241.84,DR,SaaS US,Refund
GL0000203,2023-03-09,2023-03-01,1010.0,cash,Cash,Engineering,CC300,"Brown, Murray and Rice",16607.76,DR,SaaS US,Unknown
GL0000204,2023-03-11,2023-03-01,6300.0,g&a,G&A,Unknown,Unknown,Escobar-Graham,21679.18,DR,SaaS HoldCo,Unknown
GL0000205,2023-03-11,2023-03-01,6200.0,r&d,R&D,Engineering,CC400,Turner-Lopez,-11257.96,CR,SaaS US,Contractor costs
GL0000206,2023-03-21,2023-03-01,6300.0,general and administrative,G&A,Unknown,CC300,"Lawrence, Rice and Lloyd",17974.5,DR,SaaS HoldCo,Payroll
GL0000207,2023-03-15,2023-03-01,6300.0,general and administrative,G&A,Engineering,Unknown,Brady-Garrett,15028.52,DR,SaaS US,Google Ads
GL0000208,2023-03-19,2023-03-01,9999.0,misc expense,Other,Unknown,CC100,Evans and Sons,9114.56,DR,SaaS Canada,Reclass
GL0000209,2023-03-02,2023-03-01,1010.0,cash,Cash,Unknown,CC300,Hawkins-Gross,10522.02,DR,SaaS US,Refund
GL0000210,2023-03-19,2023-03-01,5000.0,cost of service,COGS,Operations,CC300,Vaughn-Wallace,3467.41,DR,SaaS HoldCo,Payroll
GL0000211,2023-03-26,2023-03-01,1010.0,cash,Cash,Engineering,CC200,Spencer PLC,6076.02,DR,SaaS Canada,AWS hosting
GL0000212,2023-03-18,2023-03-01,6200.0,research and development,R&D,Unknown,CC200,Walsh Inc,23836.7,DR,SaaS Canada,AWS hosting
GL0000213,2023-03-24,2023-03-01,1010.0,cash,Cash,Marketing,Unknown,Brown-Peters,-3496.41,CR,SaaS HoldCo,Contractor costs
GL0000214,2023-03-23,2023-03-01,6100.0,sales and marketing,Sales & Marketing,Unknown,CC300,Jackson Ltd,-6202.19,CR,SaaS Canada,Google Ads
GL0000215,2023-03-16,2023-03-01,6100.0,s&m,Sales & Marketing,Sales,CC400,Christian-Jackson,-20555.11,CR,SaaS Canada,Payroll
GL0000216,2023-03-25,2023-03-01,5000.0,cost of service,COGS,Sales,Unknown,"Taylor, Sanford and Jordan",4237.0,DR,SaaS US,Contractor costs
GL0000217,2023-03-08,2023-03-01,6200.0,research and development,R&D,Operations,CC100,"Dominguez, Jensen and Garrett",5600.78,CR,SaaS US,Refund
GL0000218,2023-03-24,2023-03-01,6100.0,s&m,Sales & Marketing,Unknown,CC200,Johnston-Morgan,14491.47,DR,SaaS HoldCo,Google Ads
GL0000219,2023-03-11,2023-03-01,6100.0,sales & marketing,Sales & Marketing,Sales,Unknown,Medina-Payne,-14195.33,CR,SaaS HoldCo,Software tools
GL0000220,2023-03-20,2023-03-01,5000.0,cost of service,COGS,Engineering,CC400,Delacruz Ltd,15575.79,DR,SaaS US,Refund
GL0000221,2023-03-26,2023-03-01,6300.0,general and administrative,G&A,Finance,Unknown,"Lewis, Moore and Rodriguez",16087.25,DR,SaaS US,Contractor costs
GL0000222,2023-03-17,2023-03-01,5000.0,cost of service,COGS,Finance,Unknown,Greer PLC,5276.71,DR,SaaS US,Contractor costs
GL0000223,2023-03-16,2023-03-01,6300.0,general and administrative,G&A,Finance,CC200,Meyer PLC,-17532.8,CR,SaaS Canada,Reclass
GL0000224,2023-03-21,2023-03-01,6100.0,s&m,Sales & Marketing,Finance,Unknown,Stone Inc,-7945.14,CR,SaaS Canada,Refund
GL0000225,2023-03-11,2023-03-01,5000.0,cost of service,COGS,Marketing,CC100,"Arnold, Willis and Holland",2063.03,DR,SaaS US,Google Ads
GL0000226,2023-03-07,2023-03-01,6100.0,s&m,Sales & Marketing,Sales,Unknown,Cabrera-Santos,13371.64,DR,SaaS Canada,AWS hosting
GL0000227,2023-03-26,2023-03-01,6200.0,research and development,R&D,Unknown,Unknown,Bennett-Gonzalez,10955.94,DR,SaaS Canada,Unknown
GL0000228,2023-03-05,2023-03-01,6100.0,sales & marketing,Sales & Marketing,Engineering,Unknown,Harrington Group,22282.54,DR,SaaS US,Google Ads
GL0000229,2023-03-19,2023-03-01,6100.0,s&m,Sales & Marketing,Marketing,CC100,Rodriguez Inc,24349.65,DR,SaaS Canada,Reclass
GL0000230,2023-03-19,2023-03-01,6300.0,g&a,G&A,Finance,Unknown,"Ward, Browning and West",-22133.98,CR,SaaS HoldCo,Payroll
GL0000231,2023-03-24,2023-03-01,5000.0,cost of service,COGS,Unknown,CC400,Webb LLC,-8981.76,,SaaS US,Refund
GL0000232,2023-03-25,2023-03-01,6100.0,sales and marketing,Sales & Marketing,Unknown,CC100,"Benton, Morgan and Griffith",24438.78,DR,SaaS US,Google Ads
GL0000233,2023-03-07,2023-03-01,6300.0,general and administrative,G&A,Unknown,CC400,Nelson LLC,22004.49,DR,SaaS HoldCo,Unknown
GL0000234,2023-03-03,2023-03-01,9999.0,misc expense,Other,Finance,CC100,Hall LLC,-4085.63,CR,SaaS HoldCo,Refund
GL0000235,2023-03-23,2023-03-01,6300.0,general and administrative,G&A,Unknown,CC400,Rogers Inc,-12237.43,CR,SaaS US,Refund
GL0000236,2023-03-11,2023-03-01,6100.0,sales and marketing,Sales & Marketing,Sales,CC400,"Jones, Pratt and Robertson",23224.18,DR,SaaS US,Google Ads
GL0000237,2023-03-24,2023-03-01,6200.0,research and development,R&D,Finance,CC300,Lopez and Sons,2930.64,DR,SaaS US,Refund
GL0000238,2023-03-17,2023-03-01,Unknown,misc expense,Other,Unknown,CC300,"Henderson, Walters and Dillon",-21985.29,CR,SaaS US,Google Ads
GL0000239,2023-03-04,2023-03-01,6100.0,s&m,Sales & Marketing,Unknown,Unknown,White-Howell,-22473.14,CR,SaaS US,Reclass
GL0000240,2023-03-26,2023-03-01,6200.0,research and development,R&D,Unknown,CC200,Hernandez-Gonzales,11400.81,DR,SaaS Canada,Google Ads
GL0000241,2023-03-08,2023-03-01,1010.0,cash,Cash,Unknown,CC400,Rose-Hernandez,12519.59,DR,SaaS US,Contractor costs
GL0000242,2023-03-04,2023-03-01,6300.0,g&a,G&A,Engineering,CC300,"Hartman, Cortez and Price",11358.77,DR,SaaS US,Contractor costs
GL0000243,2023-03-13,2023-03-01,6100.0,sales and marketing,Sales & Marketing,Unknown,CC100,Potts-Ball,11920.78,DR,SaaS US,Refund
GL0000244,2023-03-17,2023-03-01,9999.0,misc expense,Other,Engineering,CC100,Allison Inc,13919.9,DR,SaaS US,Payroll
GL0000245,2023-03-07,2023-03-01,5000.0,cost of service,COGS,Unknown,CC300,James and Sons,17544.13,DR,SaaS US,Reclass
GL0000246,2023-03-10,2023-03-01,6200.0,r&d,R&D,Engineering,CC100,"Brooks, Gibson and Dean",2563.29,DR,SaaS HoldCo,Google Ads
GL0000247,2023-03-15,2023-03-01,6100.0,sales and marketing,Sales & Marketing,Engineering,Unknown,"Nguyen, Yates and Garner",16594.98,DR,SaaS HoldCo,Reclass
GL0000248,2023-03-08,2023-03-01,Unknown,g&a,G&A,Unknown,CC400,Bartlett-Price,-10483.58,CR,SaaS US,Payroll
GL0000249,2023-03-02,2023-03-01,1010.0,cash,Cash,Unknown,CC300,Chandler-Shannon,-2915.95,DR,SaaS HoldCo,Unknown
GL0000250,2023-03-18,2023-03-01,6300.0,general and administrative,G&A,Unknown,CC100,Green-Pena,-8782.0,CR,SaaS US,Refund
GL0000251,2023-03-15,2023-03-01,6200.0,r&d,R&D,Finance,CC300,Garcia-Chang,11997.92,DR,SaaS HoldCo,Software tools
GL0000252,2023-03-04,2023-03-01,6300.0,general and administrative,G&A,Marketing,Unknown,Nichols PLC,15088.62,DR,SaaS US,Unknown
GL0000253,2023-03-26,2023-03-01,6300.0,general and administrative,G&A,Sales,CC300,Brown LLC,-11275.07,,SaaS US,Software tools
GL0000254,2023-03-03,2023-03-01,1010.0,cash,Cash,Operations,Unknown,Anderson-Shah,2815.47,DR,SaaS US,Unknown
GL0000255,2023-03-02,2023-03-01,6100.0,s&m,Sales & Marketing,Engineering,CC400,Turner-Johnson,-13556.27,CR,SaaS Canada,AWS hosting
GL0000256,2023-03-24,2023-03-01,6100.0,sales and marketing,Sales & Marketing,Unknown,CC300,Brown Group,15066.89,DR,SaaS Canada,AWS hosting
GL0000257,2023-03-07,2023-03-01,Unknown,sales and marketing,Sales & Marketing,Finance,CC100,"Aguilar, Diaz and Mcguire",8297.69,DR,SaaS US,Unknown
GL0000258,2023-03-12,2023-03-01,6300.0,general and administrative,G&A,Unknown,CC100,Williams and Sons,1758.76,DR,SaaS US,Payroll
GL0000259,2023-03-14,2023-03-01,9999.0,misc expense,Other,Unknown,CC400,Conway-Jensen,1696.93,DR,SaaS HoldCo,Reclass
GL0000260,2023-03-26,2023-03-01,6100.0,s&m,Sales & Marketing,Engineering,CC200,Morgan-Flynn,-15713.25,CR,SaaS HoldCo,Refund
GL0000261,2023-03-19,2023-03-01,1010.0,cash,Cash,Operations,CC200,Ortiz-Rodriguez,3387.08,DR,SaaS US,Reclass
GL0000262,2023-03-19,2023-03-01,6100.0,sales and marketing,Sales & Marketing,Marketing,CC300,"Murray, Davis and Rocha",16083.23,DR,SaaS Canada,Google Ads
GL0000263,2023-03-05,2023-03-01,6100.0,sales & marketing,Sales & Marketing,Marketing,CC300,Smith-Jackson,4493.63,DR,SaaS US,AWS hosting
GL0000264,2023-03-12,2023-03-01,6100.0,s&m,Sales & Marketing,Marketing,Unknown,"Farrell, Shaw and Trevino",16327.45,DR,SaaS Canada,Payroll
GL0000265,2023-03-18,2023-03-01,6200.0,research and development,R&D,Operations,Unknown,"Freeman, Tran and Grant",9734.07,DR,SaaS US,Contractor costs
GL0000266,2023-03-24,2023-03-01,9999.0,misc expense,Other,Unknown,CC400,"Frank, Lopez and Schultz",1857.73,DR,SaaS Canada,Contractor costs
GL0000267,2023-03-21,2023-03-01,5000.0,cost of service,COGS,Marketing,CC200,Miller-Bell,20326.69,DR,SaaS US,Google Ads
GL0000268,2023-03-14,2023-03-01,6100.0,s&m,Sales & Marketing,Operations,Unknown,Vaughn-Medina,10725.42,DR,SaaS Canada,Unknown
GL0000269,2023-03-26,2023-03-01,5000.0,cost of service,COGS,Finance,CC200,Peterson Group,-2725.59,CR,SaaS US,AWS hosting
GL0000270,2023-03-07,2023-03-01,6100.0,sales and marketing,Sales & Marketing,Engineering,CC100,Scott-Becker,-7769.45,CR,SaaS HoldCo,AWS hosting
GL0000271,2023-04-04,2023-04-01,9999.0,misc expense,Other,Sales,CC300,Clark LLC,5327.09,DR,SaaS HoldCo,Unknown
GL0000272,2023-04-12,2023-04-01,6100.0,sales & marketing,Sales & Marketing,Operations,Unknown,"Wood, Scott and Moore",1301.16,DR,SaaS HoldCo,Google Ads
GL0000273,2023-04-17,2023-04-01,6200.0,research and development,R&D,Unknown,CC100,"Aguirre, Gaines and Barajas",-17837.52,CR,SaaS HoldCo,Payroll
GL0000274,2023-04-05,2023-04-01,6300.0,g&a,G&A,Unknown,Unknown,"Underwood, Holloway and Wilkinson",-6747.15,CR,SaaS US,Refund
GL0000275,2023-04-06,2023-04-01,5000.0,cost of service,COGS,Engineering,CC400,Brown-West,-9487.31,CR,SaaS Canada,Contractor costs
GL0000276,2023-04-22,2023-04-01,6300.0,g&a,G&A,Unknown,Unknown,Ayala Group,21418.73,DR,SaaS US,Contractor costs
GL0000277,2023-04-24,2023-04-01,6300.0,general and administrative,G&A,Finance,CC300,"Todd, Hernandez and Middleton",2487.3,DR,SaaS US,AWS hosting
GL0000278,2023-04-06,2023-04-01,6200.0,research and development,R&D,Unknown,CC100,"Hall, Finley and Montes",10282.49,DR,SaaS Canada,Payroll
GL0000279,2023-04-22,2023-04-01,6200.0,research and development,R&D,Engineering,Unknown,Clark PLC,2019.3,DR,SaaS HoldCo,Refund
GL0000280,2023-04-23,2023-04-01,5000.0,cost of service,COGS,Engineering,CC400,Moreno-Boyle,-21343.48,CR,SaaS HoldCo,AWS hosting
GL0000281,2023-04-16,2023-04-01,Unknown,general and administrative,G&A,Sales,CC300,"Miller, Baird and Brown",24782.02,DR,SaaS US,Unknown
GL0000282,2023-04-08,2023-04-01,Unknown,r&d,R&D,Engineering,CC200,Foster-Sutton,-16145.58,CR,SaaS US,Software tools
GL0000283,2023-04-08,2023-04-01,6100.0,sales & marketing,Sales & Marketing,Operations,Unknown,"Estrada, Turner and Goodwin",22245.5,DR,SaaS HoldCo,Reclass
GL0000284,2023-04-25,2023-04-01,6100.0,sales and marketing,Sales & Marketing,Operations,CC100,Garcia-Kelly,-12144.89,CR,SaaS Canada,Software tools
GL0000285,2023-04-13,2023-04-01,6200.0,r&d,R&D,Marketing,Unknown,"Jones, Salinas and Powers",14788.91,DR,SaaS Canada,AWS hosting
GL0000286,2023-04-22,2023-04-01,6300.0,general and administrative,G&A,Operations,Unknown,"Romero, Kim and George",1422.22,DR,SaaS HoldCo,Unknown
GL0000287,2023-04-23,2023-04-01,6100.0,s&m,Sales & Marketing,Operations,Unknown,Schwartz PLC,-6242.52,CR,SaaS US,Software tools
GL0000288,2023-04-20,2023-04-01,6300.0,general and administrative,G&A,Unknown,CC200,Lara-Alexander,11631.8,DR,SaaS US,AWS hosting
GL0000289,2023-04-04,2023-04-01,6100.0,sales & marketing,Sales & Marketing,Unknown,CC200,Page-Mccoy,16569.33,DR,SaaS HoldCo,Payroll
GL0000290,2023-04-11,2023-04-01,Unknown,cost of service,COGS,Sales,CC300,Thompson-Crane,19713.08,DR,SaaS Canada,Refund
GL0000291,2023-04-24,2023-04-01,6200.0,r&d,R&D,Engineering,Unknown,Mclean Group,8340.59,DR,SaaS US,Software tools
GL0000292,2023-04-04,2023-04-01,6100.0,sales and marketing,Sales & Marketing,Marketing,Unknown,"Patrick, Lewis and Ryan",-20364.91,CR,SaaS Canada,Software tools
GL0000293,2023-04-01,2023-04-01,1010.0,cash,Cash,Unknown,CC400,Vaughn LLC,15024.43,DR,SaaS Canada,Software tools
GL0000294,2023-04-08,2023-04-01,6100.0,sales and marketing,Sales & Marketing,Marketing,Unknown,Jensen and Sons,-24195.48,CR,SaaS HoldCo,Unknown
GL0000295,2023-04-16,2023-04-01,9999.0,misc expense,Other,Marketing,CC100,"Lopez, Cook and Owens",5559.92,DR,SaaS HoldCo,Software tools
GL0000296,2023-04-21,2023-04-01,6300.0,g&a,G&A,Operations,Unknown,Howard-Cole,-13488.31,CR,SaaS HoldCo,Reclass
GL0000297,2023-04-18,2023-04-01,6200.0,r&d,R&D,Marketing,CC100,"Wheeler, Bishop and Brown",1443.18,DR,SaaS US,Contractor costs
GL0000298,2023-04-21,2023-04-01,1010.0,cash,Cash,Engineering,CC300,Thompson and Sons,11258.35,DR,SaaS US,AWS hosting
GL0000299,2023-04-16,2023-04-01,6300.0,general and administrative,G&A,Operations,Unknown,"Rodriguez, Moore and Lambert",13893.0,DR,SaaS HoldCo,Refund
GL0000300,2023-04-03,2023-04-01,6200.0,research and development,R&D,Unknown,Unknown,Flynn and Sons,14637.47,DR,SaaS US,Reclass
GL0000301,2023-04-14,2023-04-01,6100.0,s&m,Sales & Marketing,Sales,CC400,"Simon, Bush and Jones",21843.17,DR,SaaS HoldCo,Google Ads
GL0000302,2023-04-01,2023-04-01,6100.0,sales & marketing,Sales & Marketing,Engineering,CC200,"Carroll, Thompson and Morris",-21613.9,CR,SaaS Canada,Contractor costs
GL0000303,2023-04-09,2023-04-01,1010.0,cash,Cash,Unknown,CC400,Sanders-Humphrey,-13567.83,CR,SaaS US,Reclass
GL0000304,2023-04-25,2023-04-01,6100.0,sales & marketing,Sales & Marketing,Engineering,CC100,Gutierrez-Smith,-6408.09,,SaaS US,Payroll
GL0000305,2023-04-13,2023-04-01,6300.0,general and administrative,G&A,Finance,Unknown,"Lee, Smith and Boyd",14384.91,DR,SaaS US,Reclass
GL0000306,2023-04-08,2023-04-01,5000.0,cost of service,COGS,Engineering,CC400,Sullivan-Conner,24905.9,DR,SaaS HoldCo,Software tools
GL0000307,2023-04-24,2023-04-01,6100.0,s&m,Sales & Marketing,Unknown,CC100,Durham Ltd,7687.08,DR,SaaS HoldCo,Payroll
GL0000308,2023-04-20,2023-04-01,5000.0,cost of service,COGS,Engineering,CC200,"Wheeler, Mendoza and Collins",17074.89,DR,SaaS Canada,Unknown
GL0000309,2023-04-16,2023-04-01,6100.0,sales and marketing,Sales & Marketing,Sales,Unknown,Robinson-Graham,6380.13,DR,SaaS US,Contractor costs
GL0000310,2023-04-19,2023-04-01,6100.0,sales and marketing,Sales & Marketing,Operations,CC100,Hansen PLC,15252.5,DR,SaaS US,Refund
GL0000311,2023-04-17,2023-04-01,6100.0,s&m,Sales & Marketing,Unknown,Unknown,Hood-Farmer,-13096.91,CR,SaaS HoldCo,Payroll
GL0000312,2023-04-19,2023-04-01,5000.0,cost of service,COGS,Unknown,CC100,Myers and Sons,-6586.53,CR,SaaS HoldCo,Software tools
GL0000313,2023-04-20,2023-04-01,9999.0,misc expense,Other,Unknown,CC400,Ayala-Tran,22210.2,DR,SaaS US,AWS hosting
GL0000314,2023-04-26,2023-04-01,6300.0,g&a,G&A,Finance,CC400,Arroyo and Sons,7757.1,DR,SaaS US,Unknown
GL0000315,2023-04-19,2023-04-01,6300.0,g&a,G&A,Finance,CC200,Gaines-Henson,14549.72,DR,SaaS HoldCo,Contractor costs
GL0000316,2023-04-04,2023-04-01,6300.0,general and administrative,G&A,Unknown,CC200,Stephens Ltd,11154.72,DR,SaaS HoldCo,Software tools
GL0000317,2023-04-15,2023-04-01,6200.0,research and development,R&D,Marketing,Unknown,Thompson-Carr,1783.72,DR,SaaS US,Reclass
GL0000318,2023-04-13,2023-04-01,5000.0,cost of service,COGS,Unknown,Unknown,"Sutton, Flynn and Hale",19738.56,DR,SaaS US,Refund
GL0000319,2023-04-16,2023-04-01,6100.0,sales & marketing,Sales & Marketing,Operations,CC100,"Chambers, Thomas and Leonard",-7376.28,CR,SaaS Canada,Payroll
GL0000320,2023-04-19,2023-04-01,6200.0,research and development,R&D,Finance,CC300,Riley Inc,2719.61,,SaaS US,AWS hosting
GL0000321,2023-04-05,2023-04-01,6200.0,research and development,R&D,Operations,CC400,"Hunter, Mccullough and Alvarez",-22211.1,CR,SaaS HoldCo,Software tools
GL0000322,2023-04-15,2023-04-01,6200.0,r&d,R&D,Engineering,Unknown,"Warren, Wilson and Olson",17163.76,DR,SaaS Canada,Payroll
GL0000323,2023-04-05,2023-04-01,6300.0,general and administrative,G&A,Unknown,CC300,Newton Group,-10644.46,CR,SaaS US,Payroll
GL0000324,2023-04-08,2023-04-01,6100.0,s&m,Sales & Marketing,Marketing,CC400,Galvan-Davidson,-7009.58,CR,SaaS HoldCo,Software tools
GL0000325,2023-04-22,2023-04-01,6100.0,s&m,Sales & Marketing,Unknown,Unknown,Day Inc,9663.31,DR,SaaS HoldCo,Reclass
GL0000326,2023-04-01,2023-04-01,6300.0,g&a,G&A,Engineering,CC400,Pace PLC,20040.28,DR,SaaS Canada,AWS hosting
GL0000327,2023-04-10,2023-04-01,6200.0,research and development,R&D,Unknown,CC400,"Berry, Salazar and Jones",-24932.16,CR,SaaS US,Contractor costs
GL0000328,2023-04-03,2023-04-01,6100.0,sales & marketing,Sales & Marketing,Unknown,CC100,Mcbride-Wilson,2999.26,DR,SaaS HoldCo,AWS hosting
GL0000329,2023-04-01,2023-04-01,6100.0,sales and marketing,Sales & Marketing,Sales,CC300,Owens-Charles,-5114.37,,SaaS HoldCo,AWS hosting
GL0000330,2023-04-06,2023-04-01,6300.0,general and administrative,G&A,Sales,CC200,"Poole, Ortiz and Lucas",20969.49,DR,SaaS US,Payroll
GL0000331,2023-04-27,2023-04-01,9999.0,misc expense,Other,Unknown,CC100,Velazquez-Ramirez,22992.76,DR,SaaS US,AWS hosting
GL0000332,2023-04-23,2023-04-01,Unknown,general and administrative,G&A,Sales,CC200,Fitzgerald-Alvarado,-2331.18,CR,SaaS Canada,Google Ads
GL0000333,2023-04-11,2023-04-01,6100.0,s&m,Sales & Marketing,Unknown,CC400,Case Group,2581.29,DR,SaaS HoldCo,Google Ads
GL0000334,2023-04-03,2023-04-01,6100.0,sales and marketing,Sales & Marketing,Marketing,CC100,Unknown,12322.41,DR,SaaS Canada,Google Ads
GL0000335,2023-04-26,2023-04-01,6200.0,r&d,R&D,Sales,CC200,Guerrero-Ramos,3209.93,DR,SaaS HoldCo,AWS hosting
GL0000336,2023-04-16,2023-04-01,6200.0,r&d,R&D,Marketing,Unknown,Miles LLC,23394.26,DR,SaaS Canada,Unknown
GL0000337,2023-04-08,2023-04-01,5000.0,cost of service,COGS,Unknown,CC400,"Warren, Adams and Robinson",2844.39,DR,SaaS US,Unknown
GL0000338,2023-04-24,2023-04-01,6100.0,sales & marketing,Sales & Marketing,Unknown,Unknown,Johnson-Hart,-4245.76,CR,SaaS HoldCo,Contractor costs
GL0000339,2023-04-07,2023-04-01,Unknown,general and administrative,G&A,Engineering,Unknown,"Peterson, Rivers and Goodwin",12790.42,DR,SaaS Canada,Reclass
GL0000340,2023-04-04,2023-04-01,1010.0,cash,Cash,Engineering,Unknown,Brown Inc,22187.34,DR,SaaS HoldCo,Google Ads
GL0000341,2023-04-10,2023-04-01,5000.0,cost of service,COGS,Sales,Unknown,Carroll Inc,6200.42,DR,SaaS Canada,Refund
GL0000342,2023-04-17,2023-04-01,9999.0,misc expense,Other,Marketing,CC300,Huynh LLC,-13324.53,CR,SaaS HoldCo,Unknown
GL0000343,2023-04-19,2023-04-01,6200.0,r&d,R&D,Operations,Unknown,Johnson Ltd,-12954.89,CR,SaaS US,Google Ads
GL0000344,2023-04-15,2023-04-01,1010.0,cash,Cash,Sales,CC300,"Williams, Fisher and Alvarez",23409.86,DR,SaaS HoldCo,Contractor costs
GL0000345,2023-04-09,2023-04-01,6200.0,research and development,R&D,Sales,Unknown,Guzman PLC,2431.3,DR,SaaS US,AWS hosting
GL0000346,2023-04-13,2023-04-01,5000.0,cost of service,COGS,Unknown,Unknown,Huffman-Bishop,10767.71,DR,SaaS HoldCo,Payroll
GL0000347,2023-04-18,2023-04-01,6100.0,sales and marketing,Sales & Marketing,Engineering,CC100,Navarro Ltd,4815.16,DR,SaaS US,Unknown
GL0000348,2023-04-16,2023-04-01,6200.0,r&d,R&D,Unknown,CC400,"Ray, Johnson and Jackson",8323.8,,SaaS HoldCo,Contractor costs
GL0000349,2023-04-16,2023-04-01,6100.0,sales and marketing,Sales & Marketing,Operations,CC200,Sampson-Lee,13512.02,DR,SaaS US,Google Ads
GL0000350,2023-04-25,2023-04-01,6100.0,s&m,Sales & Marketing,Unknown,Unknown,Hess and Sons,2762.67,DR,SaaS Canada,Unknown
GL0000351,2023-04-27,2023-04-01,6200.0,research and development,R&D,Sales,CC100,Harmon Group,13523.86,DR,SaaS US,Google Ads
GL0000352,2023-04-11,2023-04-01,6300.0,g&a,G&A,Marketing,Unknown,Woodward and Sons,-3124.46,CR,SaaS US,Unknown
GL0000353,2023-04-12,2023-04-01,1010.0,cash,Cash,Unknown,CC100,Kennedy-Montgomery,3342.64,DR,SaaS US,Software tools
GL0000354,2023-04-19,2023-04-01,6100.0,sales & marketing,Sales & Marketing,Engineering,Unknown,"Wilson, Lloyd and Silva",4542.56,DR,SaaS US,Software tools
GL0000355,2023-04-15,2023-04-01,6300.0,general and administrative,G&A,Operations,Unknown,Brown PLC,11987.53,DR,SaaS Canada,Google Ads
GL0000356,2023-04-20,2023-04-01,5000.0,cost of service,COGS,Sales,CC300,Lewis-Flores,23910.82,DR,SaaS US,Google Ads
GL0000357,2023-04-14,2023-04-01,6200.0,research and development,R&D,Engineering,CC300,"Armstrong, Wall and Strong",14982.94,DR,SaaS Canada,Google Ads
GL0000358,2023-04-10,2023-04-01,6100.0,sales & marketing,Sales & Marketing,Sales,CC400,White Group,17054.84,DR,SaaS Canada,Refund
GL0000359,2023-04-03,2023-04-01,9999.0,misc expense,Other,Engineering,Unknown,Levine Ltd,-6612.36,DR,SaaS US,Refund
GL0000360,2023-04-10,2023-04-01,5000.0,cost of service,COGS,Marketing,Unknown,"Wilson, Green and Brown",-10770.04,CR,SaaS US,AWS hosting
GL0000361,2023-05-23,2023-05-01,1010.0,cash,Cash,Sales,Unknown,Joseph Ltd,3093.38,DR,SaaS US,AWS hosting
GL0000362,2023-05-20,2023-05-01,6100.0,sales and marketing,Sales & Marketing,Operations,CC300,Peters and Sons,21322.15,DR,SaaS US,Software tools
GL0000363,2023-05-04,2023-05-01,6300.0,g&a,G&A,Marketing,CC200,"Peterson, Fuentes and Harris",-24606.18,CR,SaaS Canada,Unknown
GL0000364,2023-05-17,2023-05-01,5000.0,cost of service,COGS,Finance,CC300,Thomas and Sons,-17769.45,DR,SaaS Canada,Unknown
GL0000365,2023-05-17,2023-05-01,9999.0,misc expense,Other,Engineering,CC200,Mcgee-Ford,15066.65,DR,SaaS US,Reclass
GL0000366,2023-05-17,2023-05-01,6200.0,research and development,R&D,Unknown,CC100,"Walker, Jones and Powell",-5047.08,,SaaS Canada,Refund
GL0000367,2023-05-12,2023-05-01,6300.0,g&a,G&A,Marketing,Unknown,"Schmidt, Marsh and Figueroa",1795.2,DR,SaaS US,Google Ads
GL0000368,2023-05-08,2023-05-01,1010.0,cash,Cash,Engineering,CC200,Perez Group,18275.93,DR,SaaS Canada,Refund
GL0000369,2023-05-06,2023-05-01,6200.0,research and development,R&D,Finance,CC200,Martinez PLC,-16460.93,CR,SaaS US,Software tools
GL0000370,2023-05-08,2023-05-01,6200.0,r&d,R&D,Sales,CC200,Huff LLC,2181.87,DR,SaaS HoldCo,Refund
GL0000371,2023-05-16,2023-05-01,6100.0,sales and marketing,Sales & Marketing,Operations,CC100,"Olson, Gray and Jacobson",10639.48,DR,SaaS US,Contractor costs
GL0000372,2023-05-25,2023-05-01,5000.0,cost of service,COGS,Sales,CC300,Ingram-Welch,20918.99,DR,SaaS HoldCo,Google Ads
GL0000373,2023-05-24,2023-05-01,6200.0,research and development,R&D,Marketing,CC200,Johnson-Nichols,-12198.23,CR,SaaS HoldCo,Google Ads
GL0000374,2023-05-23,2023-05-01,1010.0,cash,Cash,Marketing,CC300,"Allison, Parsons and Ford",-20253.31,CR,SaaS US,Reclass
GL0000375,2023-05-06,2023-05-01,5000.0,cost of service,COGS,Unknown,CC100,"Olson, Brown and Park",-11480.96,CR,SaaS US,Refund
GL0000376,2023-05-06,2023-05-01,6300.0,general and administrative,G&A,Marketing,CC200,"Byrd, Green and Hart",3482.71,DR,SaaS HoldCo,Payroll
GL0000377,2023-05-24,2023-05-01,6200.0,r&d,R&D,Marketing,Unknown,Porter-Miller,-23441.06,CR,SaaS US,Refund
GL0000378,2023-05-16,2023-05-01,6200.0,r&d,R&D,Finance,CC300,"Wilson, Bradford and Murphy",-2607.37,CR,SaaS HoldCo,Refund
GL0000379,2023-05-13,2023-05-01,6100.0,sales & marketing,Sales & Marketing,Sales,CC200,"Avila, Lee and Fisher",-17699.76,CR,SaaS HoldCo,Google Ads
GL0000380,2023-05-08,2023-05-01,1010.0,cash,Cash,Unknown,CC100,Burnett-Brown,1269.3,DR,SaaS US,Payroll
GL0000381,2023-05-20,2023-05-01,6300.0,g&a,G&A,Sales,CC400,Monroe-Salazar,5551.54,DR,SaaS US,Contractor costs
GL0000382,2023-05-23,2023-05-01,1010.0,cash,Cash,Operations,CC200,Holloway PLC,-22558.22,CR,SaaS US,Reclass
GL0000383,2023-05-27,2023-05-01,1010.0,cash,Cash,Finance,CC200,Porter-Murray,13205.87,DR,SaaS Canada,AWS hosting
GL0000384,2023-05-09,2023-05-01,6200.0,r&d,R&D,Marketing,CC300,"Johnston, Harris and Waller",18343.59,DR,SaaS HoldCo,AWS hosting
GL0000385,2023-05-15,2023-05-01,6300.0,g&a,G&A,Unknown,Unknown,Salas-Lee,-19039.14,CR,SaaS US,Reclass
GL0000386,2023-05-10,2023-05-01,5000.0,cost of service,COGS,Marketing,CC400,"Grant, Thomas and Gomez",6636.17,DR,SaaS Canada,Google Ads
GL0000387,2023-05-15,2023-05-01,6300.0,g&a,G&A,Engineering,CC100,"Olson, Anderson and Smith",21808.76,DR,SaaS US,Payroll
GL0000388,2023-05-09,2023-05-01,6300.0,g&a,G&A,Engineering,Unknown,Sandoval-Barber,20551.71,DR,SaaS US,AWS hosting
GL0000389,2023-05-22,2023-05-01,6100.0,sales & marketing,Sales & Marketing,Unknown,CC400,Marsh PLC,6496.6,DR,SaaS US,Contractor costs
GL0000390,2023-05-07,2023-05-01,9999.0,misc expense,Other,Unknown,CC200,Washington-Alexander,-7324.27,CR,SaaS HoldCo,Refund
GL0000391,2023-05-09,2023-05-01,6100.0,sales & marketing,Sales & Marketing,Unknown,CC200,"Finley, Davis and Andrade",18862.74,DR,SaaS Canada,Refund
GL0000392,2023-05-01,2023-05-01,6200.0,r&d,R&D,Engineering,Unknown,"James, Snyder and Valencia",8364.12,DR,SaaS HoldCo,Reclass
GL0000393,2023-05-21,2023-05-01,6200.0,r&d,R&D,Sales,Unknown,"Gonzales, Chapman and Williams",-22785.41,CR,SaaS Canada,Software tools
GL0000394,2023-05-23,2023-05-01,6100.0,sales and marketing,Sales & Marketing,Operations,CC300,Carter-Cook,8723.86,DR,SaaS Canada,Unknown
GL0000395,2023-05-27,2023-05-01,5000.0,cost of service,COGS,Sales,Unknown,"Sanders, Flores and Sanders",-3400.3,CR,SaaS Canada,AWS hosting
GL0000396,2023-05-04,2023-05-01,6200.0,research and development,R&D,Unknown,CC400,Rodriguez LLC,-24608.6,CR,SaaS US,Refund
GL0000397,2023-05-11,2023-05-01,6300.0,g&a,G&A,Sales,CC200,"Nichols, Hawkins and Garrett",-1086.55,CR,SaaS Canada,Payroll
GL0000398,2023-05-18,2023-05-01,6100.0,sales and marketing,Sales & Marketing,Marketing,Unknown,Campbell-Dennis,-24198.76,CR,SaaS US,Software tools
GL0000399,2023-05-06,2023-05-01,6100.0,s&m,Sales & Marketing,Finance,CC300,"Estrada, Huynh and Vega",-18219.37,CR,SaaS US,Payroll
GL0000400,2023-05-18,2023-05-01,1010.0,cash,Cash,Engineering,Unknown,"Bell, Schmidt and French",11446.99,DR,SaaS HoldCo,Google Ads
GL0000401,2023-05-04,2023-05-01,1010.0,cash,Cash,Operations,CC300,Cook LLC,-22029.36,CR,SaaS Canada,Reclass
GL0000402,2023-05-23,2023-05-01,6100.0,sales & marketing,Sales & Marketing,Finance,CC100,Morgan-Davis,16202.33,DR,SaaS US,Contractor costs
GL0000403,2023-05-19,2023-05-01,5000.0,cost of service,COGS,Sales,CC300,Miller Inc,23540.74,DR,SaaS HoldCo,Unknown
GL0000404,2023-05-05,2023-05-01,6200.0,r&d,R&D,Finance,Unknown,Edwards PLC,6760.92,DR,SaaS US,Contractor costs
GL0000405,2023-05-16,2023-05-01,5000.0,cost of service,COGS,Unknown,Unknown,"Campbell, Johnson and Turner",-3631.0,CR,SaaS HoldCo,Payroll
GL0000406,2023-05-22,2023-05-01,6200.0,r&d,R&D,Sales,CC100,Townsend-Todd,-2329.38,CR,SaaS US,Google Ads
GL0000407,2023-05-16,2023-05-01,6300.0,general and administrative,G&A,Engineering,CC300,Campbell-Nguyen,-15079.43,CR,SaaS US,Reclass
GL0000408,2023-05-06,2023-05-01,9999.0,misc expense,Other,Engineering,CC200,Price-Daniels,4848.96,DR,SaaS Canada,Payroll
GL0000409,2023-05-22,2023-05-01,9999.0,misc expense,Other,Sales,Unknown,Johnson Ltd,-15082.06,CR,SaaS Canada,Unknown
GL0000410,2023-05-24,2023-05-01,5000.0,cost of service,COGS,Engineering,Unknown,"Randall, Mcdaniel and Sullivan",23529.06,DR,SaaS US,Unknown
GL0000411,2023-05-04,2023-05-01,Unknown,s&m,Sales & Marketing,Finance,Unknown,"Caldwell, Valdez and Hansen",6585.0,DR,SaaS US,Unknown
GL0000412,2023-05-25,2023-05-01,1010.0,cash,Cash,Unknown,CC300,Best-Hughes,18717.2,DR,SaaS US,Software tools
GL0000413,2023-05-10,2023-05-01,5000.0,cost of service,COGS,Unknown,CC300,Phelps Ltd,14789.61,DR,SaaS Canada,Reclass
GL0000414,2023-05-13,2023-05-01,6100.0,s&m,Sales & Marketing,Unknown,CC200,Garcia Group,7169.96,DR,SaaS US,Unknown
GL0000415,2023-05-24,2023-05-01,9999.0,misc expense,Other,Finance,CC300,Martinez-Ball,16383.31,DR,SaaS US,Google Ads
GL0000416,2023-05-19,2023-05-01,6300.0,g&a,G&A,Unknown,Unknown,"Morales, Myers and Ramirez",-21085.68,CR,SaaS Canada,Unknown
GL0000417,2023-05-11,2023-05-01,5000.0,cost of service,COGS,Operations,Unknown,Taylor-Perkins,2536.0,DR,SaaS Canada,Reclass
GL0000418,2023-05-24,2023-05-01,1010.0,cash,Cash,Engineering,CC200,Yates Ltd,3320.55,DR,SaaS US,Refund
GL0000419,2023-05-27,2023-05-01,5000.0,cost of service,COGS,Finance,CC100,Brown-Scott,-3705.69,CR,SaaS US,Unknown
GL0000420,2023-05-25,2023-05-01,1010.0,cash,Cash,Engineering,CC100,"Mitchell, Mccormick and Alexander",-7146.57,CR,SaaS US,Unknown
GL0000421,2023-05-20,2023-05-01,9999.0,misc expense,Other,Marketing,CC100,Smith-Mccarthy,-21888.61,CR,SaaS Canada,Google Ads
GL0000422,2023-05-16,2023-05-01,5000.0,cost of service,COGS,Engineering,CC400,Mccormick Ltd,-1656.9,CR,SaaS HoldCo,Reclass
GL0000423,2023-05-22,2023-05-01,6100.0,sales & marketing,Sales & Marketing,Engineering,CC200,"Cunningham, Smith and Jimenez",22582.69,DR,SaaS Canada,AWS hosting
GL0000424,2023-05-12,2023-05-01,5000.0,cost of service,COGS,Unknown,CC400,Johnson LLC,-16603.75,CR,SaaS Canada,Contractor costs
GL0000425,2023-05-08,2023-05-01,6100.0,sales & marketing,Sales & Marketing,Engineering,CC300,Orozco-Miranda,18538.3,DR,SaaS US,Contractor costs
GL0000426,2023-05-12,2023-05-01,9999.0,misc expense,Other,Unknown,CC100,"Martinez, Cobb and Jones",2620.03,DR,SaaS Canada,Google Ads
GL0000427,2023-05-01,2023-05-01,1010.0,cash,Cash,Unknown,CC100,"Page, Grimes and White",-7688.68,CR,SaaS US,Payroll
GL0000428,2023-05-19,2023-05-01,6100.0,sales and marketing,Sales & Marketing,Engineering,CC200,"Cabrera, Andrade and Jones",3766.22,DR,SaaS US,Unknown
GL0000429,2023-05-07,2023-05-01,5000.0,cost of service,COGS,Unknown,CC300,Lawson-Adams,14529.22,DR,SaaS Canada,Refund
GL0000430,2023-05-20,2023-05-01,Unknown,misc expense,Other,Sales,Unknown,Sanchez PLC,20926.83,DR,SaaS HoldCo,Google Ads
GL0000431,2023-05-14,2023-05-01,5000.0,cost of service,COGS,Operations,CC200,"Craig, White and Prince",10158.67,DR,SaaS Canada,AWS hosting
GL0000432,2023-05-05,2023-05-01,6100.0,s&m,Sales & Marketing,Operations,CC200,"Gonzalez, Wyatt and Payne",-1896.44,CR,SaaS Canada,Software tools
GL0000433,2023-05-18,2023-05-01,6300.0,general and administrative,G&A,Marketing,CC400,"Graham, Oconnor and Gibson",10155.26,DR,SaaS US,Contractor costs
GL0000434,2023-05-18,2023-05-01,5000.0,cost of service,COGS,Finance,Unknown,"Mcguire, Johnson and Stewart",16018.47,DR,SaaS HoldCo,Reclass
GL0000435,2023-05-24,2023-05-01,6200.0,research and development,R&D,Sales,Unknown,Smith-Bell,8885.62,DR,SaaS HoldCo,Google Ads
GL0000436,2023-05-13,2023-05-01,6100.0,sales & marketing,Sales & Marketing,Marketing,CC300,Lane-Roy,-10928.47,CR,SaaS US,Contractor costs
GL0000437,2023-05-09,2023-05-01,9999.0,misc expense,Other,Marketing,CC100,"Coleman, Cruz and Alvarez",8845.09,CR,SaaS HoldCo,AWS hosting
GL0000438,2023-05-13,2023-05-01,5000.0,cost of service,COGS,Unknown,CC200,"Tucker, Cobb and Gregory",22062.36,DR,SaaS Canada,Refund
GL0000439,2023-05-13,2023-05-01,6200.0,research and development,R&D,Operations,CC300,"Mosley, Lewis and Gamble",-23457.42,CR,SaaS HoldCo,Google Ads
GL0000440,2023-05-25,2023-05-01,5000.0,cost of service,COGS,Unknown,CC200,"Barrera, Armstrong and Brown",3020.09,DR,SaaS Canada,Contractor costs
GL0000441,2023-05-02,2023-05-01,6100.0,s&m,Sales & Marketing,Engineering,Unknown,"Stafford, Jackson and Anderson",11632.96,DR,SaaS US,Payroll
GL0000442,2023-05-06,2023-05-01,6200.0,research and development,R&D,Unknown,Unknown,Rodriguez Ltd,-13276.36,CR,SaaS HoldCo,Refund
GL0000443,2023-05-13,2023-05-01,5000.0,cost of service,COGS,Unknown,Unknown,"Reed, Nelson and Morris",-21883.43,CR,SaaS HoldCo,Refund
GL0000444,2023-05-10,2023-05-01,6100.0,sales and marketing,Sales & Marketing,Unknown,CC300,"Schwartz, Mendoza and Dennis",-2769.04,CR,SaaS HoldCo,Contractor costs
GL0000445,2023-05-02,2023-05-01,Unknown,r&d,R&D,Unknown,Unknown,Drake-Mccall,-22719.45,DR,SaaS US,Reclass
GL0000446,2023-05-14,2023-05-01,9999.0,misc expense,Other,Unknown,Unknown,Bell and Sons,13529.16,DR,SaaS HoldCo,Unknown
GL0000447,2023-05-06,2023-05-01,6300.0,g&a,G&A,Marketing,Unknown,Holland PLC,24695.57,DR,SaaS Canada,Payroll
GL0000448,2023-05-24,2023-05-01,6200.0,research and development,R&D,Unknown,CC400,Howell Group,16660.63,DR,SaaS HoldCo,Payroll
GL0000449,2023-05-02,2023-05-01,6100.0,sales & marketing,Sales & Marketing,Operations,CC400,"Ingram, Fowler and Rojas",-20437.03,CR,SaaS HoldCo,Reclass
GL0000450,2023-05-23,2023-05-01,6300.0,general and administrative,G&A,Unknown,CC200,"Nelson, Cruz and Daniels",-7227.71,CR,SaaS US,Payroll
GL0000451,2023-06-25,2023-06-01,5000.0,cost of service,COGS,Marketing,CC400,"Smith, Carter and Olson",-2228.31,DR,SaaS US,AWS hosting
GL0000452,2023-06-25,2023-06-01,6300.0,general and administrative,G&A,Marketing,Unknown,Daniels PLC,3914.62,DR,SaaS US,Refund
GL0000453,2023-06-02,2023-06-01,6100.0,sales and marketing,Sales & Marketing,Operations,CC300,Flores PLC,-7426.04,CR,SaaS US,Refund
GL0000454,2023-06-10,2023-06-01,6300.0,g&a,G&A,Operations,CC100,Boyer Group,19683.24,DR,SaaS US,Contractor costs
GL0000455,2023-06-10,2023-06-01,6100.0,s&m,Sales & Marketing,Unknown,Unknown,Thomas-Reyes,-14727.58,CR,SaaS US,Google Ads
GL0000456,2023-06-03,2023-06-01,6100.0,sales and marketing,Sales & Marketing,Finance,Unknown,"Lyons, Lewis and Pollard",11537.27,DR,SaaS US,Reclass
GL0000457,2023-06-14,2023-06-01,5000.0,cost of service,COGS,Engineering,CC300,Bennett Group,-5041.94,CR,SaaS US,Payroll
GL0000458,2023-06-20,2023-06-01,6200.0,r&d,R&D,Finance,Unknown,Smith-Robinson,-2466.73,CR,SaaS US,AWS hosting
GL0000459,2023-06-24,2023-06-01,6300.0,g&a,G&A,Finance,CC100,Lam and Sons,17309.24,DR,SaaS HoldCo,Payroll
GL0000460,2023-06-13,2023-06-01,5000.0,cost of service,COGS,Unknown,CC300,"Murray, Baker and Miller",-4816.6,CR,SaaS Canada,Reclass
GL0000461,2023-06-02,2023-06-01,6200.0,r&d,R&D,Engineering,CC200,Unknown,4566.1,DR,SaaS US,Refund
GL0000462,2023-06-22,2023-06-01,1010.0,cash,Cash,Marketing,CC300,Williams-Perez,-19847.07,CR,SaaS HoldCo,Payroll
GL0000463,2023-06-13,2023-06-01,6100.0,sales & marketing,Sales & Marketing,Sales,Unknown,Fernandez LLC,4647.2,DR,SaaS US,Unknown
GL0000464,2023-06-27,2023-06-01,1010.0,cash,Cash,Marketing,Unknown,Black Inc,11109.51,DR,SaaS US,AWS hosting
GL0000465,2023-06-04,2023-06-01,6200.0,research and development,R&D,Sales,CC100,Johnson and Sons,-23618.99,,SaaS US,Software tools
GL0000466,2023-06-05,2023-06-01,1010.0,cash,Cash,Marketing,CC200,Brady-Coleman,11791.88,DR,SaaS US,Payroll
GL0000467,2023-06-04,2023-06-01,9999.0,misc expense,Other,Sales,Unknown,"Bridges, Foley and Simmons",1822.11,DR,SaaS US,AWS hosting
GL0000468,2023-06-08,2023-06-01,9999.0,misc expense,Other,Sales,CC200,Ford LLC,-15009.77,CR,SaaS Canada,Google Ads
GL0000469,2023-06-25,2023-06-01,6100.0,sales and marketing,Sales & Marketing,Engineering,CC400,Russell-Smith,17542.82,DR,SaaS US,Software tools
GL0000470,2023-06-17,2023-06-01,6100.0,sales & marketing,Sales & Marketing,Unknown,Unknown,Chandler and Sons,13117.38,,SaaS Canada,Payroll
GL0000471,2023-06-22,2023-06-01,6100.0,sales and marketing,Sales & Marketing,Sales,Unknown,Montgomery and Sons,-12316.39,CR,SaaS Canada,AWS hosting
GL0000472,2023-06-05,2023-06-01,6100.0,sales & marketing,Sales & Marketing,Marketing,CC100,Reyes PLC,-4954.55,CR,SaaS HoldCo,Contractor costs
GL0000473,2023-06-19,2023-06-01,6300.0,general and administrative,G&A,Unknown,CC200,Smith-Dougherty,24566.29,DR,SaaS Canada,Contractor costs
GL0000474,2023-06-07,2023-06-01,1010.0,cash,Cash,Engineering,CC100,"Williams, Clark and King",18579.15,DR,SaaS HoldCo,Reclass
GL0000475,2023-06-03,2023-06-01,6100.0,sales & marketing,Sales & Marketing,Operations,CC300,Hayes-Harris,-16802.21,CR,SaaS Canada,Payroll
GL0000476,2023-06-06,2023-06-01,6200.0,research and development,R&D,Marketing,Unknown,Daniels PLC,-9313.23,CR,SaaS US,Refund
GL0000477,2023-06-06,2023-06-01,6300.0,general and administrative,G&A,Operations,Unknown,Lloyd PLC,-22783.34,CR,SaaS Canada,Google Ads
GL0000478,2023-06-15,2023-06-01,6100.0,sales & marketing,Sales & Marketing,Finance,CC400,Donaldson-Beard,17980.88,DR,SaaS HoldCo,Software tools
GL0000479,2023-06-07,2023-06-01,1010.0,cash,Cash,Marketing,Unknown,"Smith, Hill and Douglas",-7086.69,CR,SaaS US,AWS hosting
GL0000480,2023-06-26,2023-06-01,6100.0,sales and marketing,Sales & Marketing,Unknown,CC400,Mccoy Group,6344.66,DR,SaaS US,AWS hosting
GL0000481,2023-06-19,2023-06-01,6100.0,s&m,Sales & Marketing,Marketing,CC100,White-Johnson,8727.59,DR,SaaS US,AWS hosting
GL0000482,2023-06-04,2023-06-01,6300.0,general and administrative,G&A,Operations,Unknown,Randolph-Wilson,22743.71,DR,SaaS US,AWS hosting
GL0000483,2023-06-22,2023-06-01,1010.0,cash,Cash,Marketing,Unknown,Williams Ltd,-18915.03,CR,SaaS US,Refund
GL0000484,2023-06-18,2023-06-01,9999.0,misc expense,Other,Marketing,Unknown,Unknown,18562.53,DR,SaaS HoldCo,Payroll
GL0000485,2023-06-17,2023-06-01,5000.0,cost of service,COGS,Unknown,CC400,Valdez and Sons,-2920.99,DR,SaaS Canada,Reclass
GL0000486,2023-06-17,2023-06-01,1010.0,cash,Cash,Sales,CC200,Unknown,-9383.85,CR,SaaS Canada,Contractor costs
GL0000487,2023-06-01,2023-06-01,5000.0,cost of service,COGS,Engineering,CC200,"Henson, Mccoy and Costa",21929.28,DR,SaaS HoldCo,Payroll
GL0000488,2023-06-05,2023-06-01,6100.0,s&m,Sales & Marketing,Unknown,CC200,"Branch, Curtis and Thomas",5846.58,DR,SaaS US,Refund
GL0000489,2023-06-12,2023-06-01,6100.0,s&m,Sales & Marketing,Engineering,CC100,Anderson-Lewis,-13389.59,CR,SaaS Canada,Reclass
GL0000490,2023-06-21,2023-06-01,1010.0,cash,Cash,Finance,Unknown,Olson-Mccarthy,-8423.84,CR,SaaS US,Reclass
GL0000491,2023-06-20,2023-06-01,1010.0,cash,Cash,Engineering,CC300,Phillips-Kim,10262.11,CR,SaaS Canada,Refund
GL0000492,2023-06-26,2023-06-01,6300.0,general and administrative,G&A,Engineering,Unknown,Marquez Inc,15172.24,DR,SaaS HoldCo,Refund
GL0000493,2023-06-15,2023-06-01,5000.0,cost of service,COGS,Unknown,CC100,"Smith, Baldwin and Dudley",23950.52,DR,SaaS Canada,Refund
GL0000494,2023-06-11,2023-06-01,6100.0,sales & marketing,Sales & Marketing,Sales,CC100,Gomez-Smith,17398.64,DR,SaaS Canada,AWS hosting
GL0000495,2023-06-22,2023-06-01,6300.0,general and administrative,G&A,Operations,CC400,"Benjamin, Miller and Sullivan",-13813.9,CR,SaaS Canada,Payroll
GL0000496,2023-06-06,2023-06-01,1010.0,cash,Cash,Engineering,CC300,Hart Ltd,17621.86,DR,SaaS Canada,Reclass
GL0000497,2023-06-20,2023-06-01,6100.0,sales & marketing,Sales & Marketing,Finance,Unknown,Gould Group,18244.8,DR,SaaS US,Contractor costs
GL0000498,2023-06-07,2023-06-01,6100.0,sales and marketing,Sales & Marketing,Operations,CC400,Serrano Inc,15114.64,DR,SaaS US,Reclass
GL0000499,2023-06-26,2023-06-01,Unknown,r&d,R&D,Unknown,CC300,"Carrillo, Torres and Thompson",14618.54,DR,SaaS US,Google Ads
GL0000500,2023-06-20,2023-06-01,1010.0,cash,Cash,Marketing,CC200,Durham-Bailey,23235.55,DR,SaaS Canada,Refund
GL0000501,2023-06-08,2023-06-01,6100.0,sales & marketing,Sales & Marketing,Sales,CC100,Clarke PLC,13115.25,DR,SaaS HoldCo,Software tools
GL0000502,2023-06-16,2023-06-01,6100.0,sales and marketing,Sales & Marketing,Engineering,Unknown,Kelley-Finley,17154.72,DR,SaaS Canada,Contractor costs
GL0000503,2023-06-12,2023-06-01,6100.0,sales & marketing,Sales & Marketing,Finance,CC100,Preston-Lopez,-9856.35,CR,SaaS US,Payroll
GL0000504,2023-06-08,2023-06-01,6100.0,sales and marketing,Sales & Marketing,Marketing,Unknown,Baker-Cherry,15949.03,DR,SaaS HoldCo,Contractor costs
GL0000505,2023-06-22,2023-06-01,9999.0,misc expense,Other,Unknown,Unknown,Stewart-Marshall,7589.72,DR,SaaS US,Payroll
GL0000506,2023-06-17,2023-06-01,6100.0,sales & marketing,Sales & Marketing,Unknown,CC400,Lang-Roberts,16148.18,DR,SaaS Canada,Google Ads
GL0000507,2023-06-24,2023-06-01,6200.0,r&d,R&D,Unknown,CC400,Humphrey-Carlson,10478.77,DR,SaaS HoldCo,Payroll
GL0000508,2023-06-07,2023-06-01,6300.0,g&a,G&A,Sales,CC200,Perez Ltd,13658.27,DR,SaaS HoldCo,Reclass
GL0000509,2023-06-22,2023-06-01,6100.0,sales and marketing,Sales & Marketing,Operations,CC300,Richardson-Garcia,-2790.72,DR,SaaS Canada,Google Ads
GL0000510,2023-06-22,2023-06-01,6200.0,research and development,R&D,Marketing,Unknown,"Soto, Mckenzie and Williams",4730.4,DR,SaaS Canada,AWS hosting
GL0000511,2023-06-14,2023-06-01,1010.0,cash,Cash,Unknown,CC100,Alvarez-Burnett,18867.72,DR,SaaS US,Refund
GL0000512,2023-06-27,2023-06-01,6200.0,r&d,R&D,Engineering,CC100,Dorsey and Sons,16999.54,DR,SaaS US,AWS hosting
GL0000513,2023-06-09,2023-06-01,6100.0,s&m,Sales & Marketing,Engineering,CC400,"Gibson, Anderson and Stevens",10117.83,DR,SaaS HoldCo,Google Ads
GL0000514,2023-06-06,2023-06-01,6300.0,g&a,G&A,Engineering,CC300,"Harris, David and Hernandez",7984.16,DR,SaaS US,AWS hosting
GL0000515,2023-06-24,2023-06-01,5000.0,cost of service,COGS,Sales,CC100,Reyes-Johnson,6070.11,DR,SaaS US,Google Ads
GL0000516,2023-06-26,2023-06-01,6200.0,research and development,R&D,Sales,Unknown,"Howard, Evans and Davies",9482.48,DR,SaaS US,Google Ads
GL0000517,2023-06-17,2023-06-01,6100.0,sales and marketing,Sales & Marketing,Finance,CC300,Moore-Foley,-12599.64,CR,SaaS Canada,AWS hosting
GL0000518,2023-06-01,2023-06-01,1010.0,cash,Cash,Finance,Unknown,Moore LLC,3303.42,DR,SaaS HoldCo,Unknown
GL0000519,2023-06-27,2023-06-01,6200.0,r&d,R&D,Finance,CC400,Murray Group,5012.73,DR,SaaS HoldCo,Contractor costs
GL0000520,2023-06-27,2023-06-01,5000.0,cost of service,COGS,Marketing,CC200,Gentry-Burns,1731.6,DR,SaaS US,AWS hosting
GL0000521,2023-06-26,2023-06-01,6100.0,sales & marketing,Sales & Marketing,Engineering,CC200,George-Rodriguez,1594.58,DR,SaaS Canada,Payroll
GL0000522,2023-06-18,2023-06-01,6200.0,r&d,R&D,Unknown,CC400,Thompson-Dean,-12238.5,CR,SaaS US,Reclass
GL0000523,2023-06-07,2023-06-01,6200.0,research and development,R&D,Engineering,CC400,Sanders LLC,23959.22,DR,SaaS US,AWS hosting
GL0000524,2023-06-17,2023-06-01,9999.0,misc expense,Other,Finance,CC200,Garza-Holt,21136.33,DR,SaaS US,Unknown
GL0000525,2023-06-22,2023-06-01,9999.0,misc expense,Other,Operations,Unknown,Davis and Sons,-16931.44,CR,SaaS US,AWS hosting
GL0000526,2023-06-22,2023-06-01,6100.0,sales and marketing,Sales & Marketing,Marketing,CC200,Ortega-Andrews,14842.95,DR,SaaS Canada,Contractor costs
GL0000527,2023-06-18,2023-06-01,9999.0,misc expense,Other,Finance,Unknown,Johnson-Santiago,-12838.35,CR,SaaS US,Unknown
GL0000528,2023-06-05,2023-06-01,9999.0,misc expense,Other,Unknown,CC100,Brewer LLC,8540.02,DR,SaaS US,Refund
GL0000529,2023-06-27,2023-06-01,6300.0,g&a,G&A,Sales,Unknown,"Hall, Strickland and Armstrong",14875.38,DR,SaaS HoldCo,Contractor costs
GL0000530,2023-06-11,2023-06-01,1010.0,cash,Cash,Finance,Unknown,Salinas Inc,-20993.19,CR,SaaS US,Payroll
GL0000531,2023-06-06,2023-06-01,1010.0,cash,Cash,Engineering,CC300,"Nelson, Jimenez and Morris",3667.55,DR,SaaS US,Reclass
GL0000532,2023-06-15,2023-06-01,6200.0,r&d,R&D,Unknown,Unknown,Gibson-Ramos,-6827.16,,SaaS US,AWS hosting
GL0000533,2023-06-18,2023-06-01,5000.0,cost of service,COGS,Engineering,CC400,Knox Inc,13656.96,DR,SaaS HoldCo,Payroll
GL0000534,2023-06-24,2023-06-01,5000.0,cost of service,COGS,Finance,CC100,"Davis, Zamora and Dorsey",24489.95,DR,SaaS US,AWS hosting
GL0000535,2023-06-06,2023-06-01,6200.0,r&d,R&D,Sales,Unknown,"Ramirez, Morse and Rios",5289.55,DR,SaaS US,Software tools
GL0000536,2023-06-07,2023-06-01,6100.0,sales & marketing,Sales & Marketing,Unknown,CC400,"Myers, Stokes and Lewis",2022.18,,SaaS Canada,Payroll
GL0000537,2023-06-09,2023-06-01,5000.0,cost of service,COGS,Finance,CC100,Ross-Johnson,17799.03,DR,SaaS US,Payroll
GL0000538,2023-06-05,2023-06-01,6200.0,research and development,R&D,Sales,CC100,Maldonado Group,-17362.79,CR,SaaS Canada,Unknown
GL0000539,2023-06-24,2023-06-01,6100.0,sales and marketing,Sales & Marketing,Finance,Unknown,Fowler-Rodriguez,20618.74,DR,SaaS US,Unknown
GL0000540,2023-06-04,2023-06-01,1010.0,cash,Cash,Engineering,Unknown,Watson Ltd,-3561.16,CR,SaaS HoldCo,Google Ads
GL0000541,2023-07-03,2023-07-01,6200.0,r&d,R&D,Finance,Unknown,"Burnett, Kelley and Swanson",3246.14,DR,SaaS US,Refund
GL0000542,2023-07-17,2023-07-01,6200.0,r&d,R&D,Engineering,CC100,Unknown,19455.23,DR,SaaS US,Unknown
GL0000543,2023-07-19,2023-07-01,5000.0,cost of service,COGS,Engineering,CC200,"Warren, Brown and Delgado",20965.92,DR,SaaS HoldCo,Refund
GL0000544,2023-07-17,2023-07-01,6100.0,s&m,Sales & Marketing,Marketing,CC300,Martin and Sons,7445.3,DR,SaaS HoldCo,Google Ads
GL0000545,2023-07-11,2023-07-01,6200.0,r&d,R&D,Engineering,CC400,Alvarez and Sons,17087.68,CR,SaaS HoldCo,Payroll
GL0000546,2023-07-20,2023-07-01,5000.0,cost of service,COGS,Sales,CC300,Hester-Ward,-7101.4,CR,SaaS US,Payroll
GL0000547,2023-07-05,2023-07-01,6200.0,r&d,R&D,Marketing,Unknown,"Bennett, Carlson and Campbell",14444.62,DR,SaaS US,Google Ads
GL0000548,2023-07-13,2023-07-01,6300.0,general and administrative,G&A,Engineering,Unknown,Fry-Boyer,2650.74,DR,SaaS HoldCo,AWS hosting
GL0000549,2023-07-24,2023-07-01,6200.0,research and development,R&D,Finance,CC400,Fernandez-Hayden,-12271.09,CR,SaaS US,Unknown
GL0000550,2023-07-07,2023-07-01,9999.0,misc expense,Other,Engineering,Unknown,Reid-Mills,13365.23,DR,SaaS US,Payroll
GL0000551,2023-07-12,2023-07-01,6200.0,r&d,R&D,Marketing,CC300,Jones-Barrera,18623.76,DR,SaaS US,Google Ads
GL0000552,2023-07-23,2023-07-01,6200.0,research and development,R&D,Finance,CC100,Wheeler Inc,15922.23,DR,SaaS US,Payroll
GL0000553,2023-07-14,2023-07-01,6100.0,s&m,Sales & Marketing,Finance,CC200,"Odonnell, Stout and Abbott",15991.25,DR,SaaS US,Reclass
GL0000554,2023-07-04,2023-07-01,6300.0,g&a,G&A,Finance,CC100,"Glover, Silva and Stewart",-24108.08,CR,SaaS US,Reclass
GL0000555,2023-07-15,2023-07-01,6200.0,research and development,R&D,Operations,CC200,West and Sons,-22350.43,CR,SaaS US,Software tools
GL0000556,2023-07-19,2023-07-01,6300.0,general and administrative,G&A,Unknown,CC200,"Lewis, Brown and Mathis",-6380.58,CR,SaaS US,Software tools
GL0000557,2023-07-11,2023-07-01,9999.0,misc expense,Other,Marketing,CC400,Jones-Smith,-20820.53,CR,SaaS Canada,Payroll
GL0000558,2023-07-06,2023-07-01,6300.0,g&a,G&A,Marketing,CC100,Jones Ltd,16000.54,DR,SaaS HoldCo,Google Ads
GL0000559,2023-07-12,2023-07-01,6100.0,sales & marketing,Sales & Marketing,Marketing,CC400,"Knapp, Diaz and Pratt",14159.97,DR,SaaS US,Reclass
GL0000560,2023-07-07,2023-07-01,9999.0,misc expense,Other,Finance,CC200,Pineda-Wood,-17285.01,CR,SaaS HoldCo,Payroll
GL0000561,2023-07-07,2023-07-01,6100.0,sales & marketing,Sales & Marketing,Unknown,CC200,Torres Ltd,20571.33,DR,SaaS Canada,Software tools
GL0000562,2023-07-17,2023-07-01,6100.0,sales & marketing,Sales & Marketing,Finance,Unknown,Miranda-Schultz,17981.28,DR,SaaS US,Payroll
GL0000563,2023-07-26,2023-07-01,6100.0,s&m,Sales & Marketing,Unknown,CC100,Price and Sons,-20263.13,CR,SaaS HoldCo,Reclass
GL0000564,2023-07-11,2023-07-01,5000.0,cost of service,COGS,Sales,CC200,Martinez-Leach,20985.35,DR,SaaS Canada,Google Ads
GL0000565,2023-07-01,2023-07-01,6100.0,s&m,Sales & Marketing,Sales,CC400,"Hill, Stevens and Marshall",-5962.76,CR,SaaS US,Unknown
GL0000566,2023-07-13,2023-07-01,6300.0,g&a,G&A,Unknown,Unknown,Oconnell-Simpson,12782.36,DR,SaaS US,AWS hosting
GL0000567,2023-07-12,2023-07-01,6300.0,g&a,G&A,Operations,Unknown,Bond-Ward,1576.9,CR,SaaS HoldCo,Payroll
GL0000568,2023-07-20,2023-07-01,9999.0,misc expense,Other,Finance,Unknown,Lam-Delgado,-14304.74,CR,SaaS HoldCo,Software tools
GL0000569,2023-07-13,2023-07-01,5000.0,cost of service,COGS,Finance,Unknown,Mcgrath Group,-11985.14,CR,SaaS US,Refund
GL0000570,2023-07-19,2023-07-01,5000.0,cost of service,COGS,Marketing,CC100,Anderson Inc,-13700.19,,SaaS Canada,AWS hosting
GL0000571,2023-07-24,2023-07-01,6100.0,sales and marketing,Sales & Marketing,Finance,CC300,Green Ltd,9016.02,DR,SaaS US,Software tools
GL0000572,2023-07-26,2023-07-01,6100.0,sales and marketing,Sales & Marketing,Engineering,CC300,Delgado LLC,1931.49,DR,SaaS US,AWS hosting
GL0000573,2023-07-03,2023-07-01,6100.0,sales and marketing,Sales & Marketing,Operations,Unknown,"Thornton, Johnson and Mcguire",10560.53,DR,SaaS HoldCo,Software tools
GL0000574,2023-07-11,2023-07-01,6300.0,general and administrative,G&A,Unknown,Unknown,Edwards-Garcia,-19930.52,CR,SaaS Canada,Reclass
GL0000575,2023-07-22,2023-07-01,6300.0,g&a,G&A,Operations,Unknown,Lane-Miranda,-5975.5,CR,SaaS US,Refund
GL0000576,2023-07-16,2023-07-01,6100.0,sales and marketing,Sales & Marketing,Engineering,CC100,Gonzalez-Phillips,3694.71,DR,SaaS Canada,Refund
GL0000577,2023-07-08,2023-07-01,6200.0,research and development,R&D,Operations,Unknown,Jackson-Smith,14706.22,DR,SaaS US,Reclass
GL0000578,2023-07-18,2023-07-01,6200.0,r&d,R&D,Sales,CC200,Richardson-Williamson,2671.56,DR,SaaS Canada,Unknown
GL0000579,2023-07-01,2023-07-01,6100.0,sales and marketing,Sales & Marketing,Unknown,Unknown,"Pierce, Wilson and Bush",20979.47,DR,SaaS US,Contractor costs
GL0000580,2023-07-06,2023-07-01,5000.0,cost of service,COGS,Marketing,Unknown,"Martinez, Fleming and Clark",11212.82,DR,SaaS Canada,Reclass
GL0000581,2023-07-18,2023-07-01,Unknown,research and development,R&D,Engineering,Unknown,Hurley-Carlson,23410.29,DR,SaaS US,Reclass
GL0000582,2023-07-26,2023-07-01,Unknown,s&m,Sales & Marketing,Sales,CC200,"Riley, Davidson and Ellison",4566.98,DR,SaaS US,Payroll
GL0000583,2023-07-01,2023-07-01,5000.0,cost of service,COGS,Operations,CC100,Hanson Group,-14135.03,CR,SaaS Canada,AWS hosting
GL0000584,2023-07-03,2023-07-01,Unknown,cost of service,COGS,Unknown,CC400,Fletcher-Gould,15929.43,DR,SaaS US,Software tools
GL0000585,2023-07-02,2023-07-01,6200.0,r&d,R&D,Operations,CC300,"Lee, Murray and Hall",-1737.45,CR,SaaS Canada,Google Ads
GL0000586,2023-07-11,2023-07-01,5000.0,cost of service,COGS,Sales,CC300,Unknown,-3185.59,CR,SaaS HoldCo,Reclass
GL0000587,2023-07-17,2023-07-01,6200.0,research and development,R&D,Unknown,CC100,Garner and Sons,10701.66,DR,SaaS US,Payroll
GL0000588,2023-07-03,2023-07-01,6100.0,sales and marketing,Sales & Marketing,Unknown,CC200,Adams-Mullen,15546.14,DR,SaaS Canada,Unknown
GL0000589,2023-07-09,2023-07-01,6200.0,r&d,R&D,Engineering,CC200,"Cruz, Lynch and House",13165.13,DR,SaaS US,Software tools
GL0000590,2023-07-15,2023-07-01,6100.0,sales & marketing,Sales & Marketing,Unknown,CC100,"Fields, Murray and Hoover",19038.89,DR,SaaS US,Unknown
GL0000591,2023-07-07,2023-07-01,6300.0,general and administrative,G&A,Engineering,CC400,"Smith, Delacruz and Freeman",-21552.48,CR,SaaS HoldCo,AWS hosting
GL0000592,2023-07-23,2023-07-01,1010.0,cash,Cash,Finance,Unknown,"Simmons, Wong and Black",18985.2,DR,SaaS US,Google Ads
GL0000593,2023-07-10,2023-07-01,6200.0,r&d,R&D,Marketing,CC400,Ingram-Chavez,-18248.69,CR,SaaS US,Contractor costs
GL0000594,2023-07-17,2023-07-01,6100.0,sales & marketing,Sales & Marketing,Sales,CC400,"May, Cobb and Johnson",1882.93,DR,SaaS US,Software tools
GL0000595,2023-07-10,2023-07-01,Unknown,cash,Cash,Sales,Unknown,"Ball, Price and Moore",8088.91,DR,SaaS US,Refund
GL0000596,2023-07-18,2023-07-01,6200.0,r&d,R&D,Engineering,Unknown,"Hill, Johnson and Bird",-10923.73,CR,SaaS Canada,Contractor costs
GL0000597,2023-07-14,2023-07-01,9999.0,misc expense,Other,Unknown,CC100,"Hickman, Patrick and Thompson",15994.72,DR,SaaS US,Google Ads
GL0000598,2023-07-05,2023-07-01,5000.0,cost of service,COGS,Finance,Unknown,Graham-Cummings,12782.2,DR,SaaS HoldCo,AWS hosting
GL0000599,2023-07-03,2023-07-01,6100.0,sales and marketing,Sales & Marketing,Unknown,CC100,"Wiggins, Lee and Mason",5796.65,DR,SaaS HoldCo,Refund
GL0000600,2023-07-15,2023-07-01,6300.0,g&a,G&A,Unknown,CC400,Newman Group,-11554.44,CR,SaaS US,Unknown
GL0000601,2023-07-16,2023-07-01,6100.0,sales and marketing,Sales & Marketing,Sales,Unknown,Bennett Inc,7431.91,DR,SaaS HoldCo,AWS hosting
GL0000602,2023-07-02,2023-07-01,6100.0,s&m,Sales & Marketing,Finance,CC200,Gilmore LLC,5588.39,DR,SaaS HoldCo,Software tools
GL0000603,2023-07-14,2023-07-01,1010.0,cash,Cash,Sales,Unknown,"Osborne, Taylor and Guzman",8789.54,DR,SaaS HoldCo,Refund
GL0000604,2023-07-06,2023-07-01,5000.0,cost of service,COGS,Marketing,Unknown,"Patel, Bell and Bates",6812.13,DR,SaaS US,Software tools
GL0000605,2023-07-27,2023-07-01,5000.0,cost of service,COGS,Operations,CC400,Hill-Castro,5557.17,DR,SaaS HoldCo,Unknown
GL0000606,2023-07-20,2023-07-01,6200.0,research and development,R&D,Sales,Unknown,Ballard Group,4392.62,DR,SaaS US,Payroll
GL0000607,2023-07-03,2023-07-01,6100.0,sales and marketing,Sales & Marketing,Finance,CC200,Randolph-Cochran,-19593.36,CR,SaaS US,Contractor costs
GL0000608,2023-07-06,2023-07-01,9999.0,misc expense,Other,Operations,Unknown,Ellis-Cooper,4902.41,DR,SaaS US,Software tools
GL0000609,2023-07-01,2023-07-01,5000.0,cost of service,COGS,Unknown,Unknown,Howard LLC,5288.63,DR,SaaS HoldCo,Software tools
GL0000610,2023-07-26,2023-07-01,6100.0,s&m,Sales & Marketing,Engineering,CC400,"Smith, White and Dickson",-7692.9,CR,SaaS US,Unknown
GL0000611,2023-07-24,2023-07-01,6100.0,sales and marketing,Sales & Marketing,Sales,CC200,Reynolds Inc,-18932.56,,SaaS US,Software tools
GL0000612,2023-07-20,2023-07-01,6200.0,r&d,R&D,Marketing,CC200,Lane Group,8708.3,DR,SaaS HoldCo,Unknown
GL0000613,2023-07-25,2023-07-01,6100.0,s&m,Sales & Marketing,Sales,CC400,Richards-Sanchez,2557.76,DR,SaaS US,Unknown
GL0000614,2023-07-15,2023-07-01,6200.0,r&d,R&D,Marketing,Unknown,"Lowe, Barker and Harrell",11124.6,DR,SaaS US,AWS hosting
GL0000615,2023-07-20,2023-07-01,6100.0,sales and marketing,Sales & Marketing,Unknown,CC300,"Michael, Hall and Sutton",1524.43,DR,SaaS US,Refund
GL0000616,2023-07-01,2023-07-01,5000.0,cost of service,COGS,Unknown,CC400,Ward PLC,-8948.23,,SaaS US,Reclass
GL0000617,2023-07-18,2023-07-01,6100.0,sales & marketing,Sales & Marketing,Engineering,Unknown,"Mckinney, Reed and Ellis",-7378.57,CR,SaaS HoldCo,Payroll
GL0000618,2023-07-14,2023-07-01,1010.0,cash,Cash,Unknown,CC400,Eaton Group,23097.71,DR,SaaS US,AWS hosting
GL0000619,2023-07-05,2023-07-01,5000.0,cost of service,COGS,Operations,CC200,Boyd-Martinez,4360.62,DR,SaaS US,Contractor costs
GL0000620,2023-07-26,2023-07-01,6100.0,sales and marketing,Sales & Marketing,Finance,CC200,"Holland, Lee and Anderson",23382.81,DR,SaaS US,Payroll
GL0000621,2023-07-09,2023-07-01,5000.0,cost of service,COGS,Sales,CC100,Carter-Taylor,18555.69,,SaaS US,Software tools
GL0000622,2023-07-15,2023-07-01,6300.0,g&a,G&A,Finance,Unknown,Carrillo Group,-12832.37,CR,SaaS Canada,Google Ads
GL0000623,2023-07-01,2023-07-01,6200.0,research and development,R&D,Operations,CC200,Smith LLC,18134.63,DR,SaaS Canada,Reclass
GL0000624,2023-07-08,2023-07-01,1010.0,cash,Cash,Engineering,CC400,Smith and Sons,1311.44,DR,SaaS HoldCo,Payroll
GL0000625,2023-07-24,2023-07-01,6100.0,s&m,Sales & Marketing,Sales,CC300,"Davis, Sherman and Phillips",-23623.51,CR,SaaS Canada,Software tools
GL0000626,2023-07-19,2023-07-01,6100.0,sales and marketing,Sales & Marketing,Finance,CC200,Bryant-Hubbard,22539.12,DR,SaaS Canada,Payroll
GL0000627,2023-07-18,2023-07-01,6300.0,general and administrative,G&A,Operations,Unknown,Martinez-Becker,-24254.58,CR,SaaS Canada,Software tools
GL0000628,2023-07-13,2023-07-01,6200.0,r&d,R&D,Finance,Unknown,"Hendrix, Johnson and Duncan",14416.26,DR,SaaS HoldCo,Reclass
GL0000629,2023-07-22,2023-07-01,5000.0,cost of service,COGS,Marketing,CC300,Newman Inc,17989.41,DR,SaaS HoldCo,Contractor costs
GL0000630,2023-07-01,2023-07-01,5000.0,cost of service,COGS,Finance,CC300,Mcknight-Davis,19842.35,DR,SaaS US,AWS hosting
GL0000631,2023-08-03,2023-08-01,6300.0,general and administrative,G&A,Unknown,Unknown,"Sandoval, Young and Rivas",18628.48,CR,SaaS US,Unknown
GL0000632,2023-08-06,2023-08-01,5000.0,cost of service,COGS,Sales,CC400,"Johnson, Carr and Rose",-1789.93,CR,SaaS US,Software tools
GL0000633,2023-08-09,2023-08-01,1010.0,cash,Cash,Unknown,CC200,Parker and Sons,21975.99,DR,SaaS Canada,Payroll
GL0000634,2023-08-27,2023-08-01,1010.0,cash,Cash,Unknown,Unknown,Terry-Massey,12724.33,DR,SaaS Canada,Software tools
GL0000635,2023-08-07,2023-08-01,5000.0,cost of service,COGS,Unknown,CC100,"Wilson, Reynolds and Brown",-2883.82,CR,SaaS Canada,AWS hosting
GL0000636,2023-08-18,2023-08-01,5000.0,cost of service,COGS,Engineering,Unknown,Boyle LLC,-14746.64,,SaaS HoldCo,Payroll
GL0000637,2023-08-13,2023-08-01,6300.0,g&a,G&A,Sales,CC200,Shepard-Cruz,-4050.86,CR,SaaS US,Contractor costs
GL0000638,2023-08-27,2023-08-01,5000.0,cost of service,COGS,Unknown,CC300,Ramirez-Scott,22049.13,DR,SaaS Canada,AWS hosting
GL0000639,2023-08-15,2023-08-01,9999.0,misc expense,Other,Finance,CC100,Carter Inc,7067.91,DR,SaaS US,Contractor costs
GL0000640,2023-08-06,2023-08-01,1010.0,cash,Cash,Marketing,Unknown,"Osborne, Raymond and Patterson",2434.4,DR,SaaS HoldCo,Unknown
GL0000641,2023-08-07,2023-08-01,6300.0,general and administrative,G&A,Engineering,CC300,Khan Inc,19836.09,DR,SaaS Canada,Contractor costs
GL0000642,2023-08-15,2023-08-01,5000.0,cost of service,COGS,Unknown,CC200,"Kerr, Page and Gomez",5651.3,DR,SaaS US,Software tools
GL0000643,2023-08-02,2023-08-01,6100.0,sales and marketing,Sales & Marketing,Sales,CC400,Stewart PLC,-19571.82,CR,SaaS US,Contractor costs
GL0000644,2023-08-11,2023-08-01,6200.0,r&d,R&D,Sales,Unknown,"West, Morgan and Simpson",-13341.65,CR,SaaS US,Payroll
GL0000645,2023-08-08,2023-08-01,6300.0,g&a,G&A,Finance,CC400,Rios PLC,16794.22,DR,SaaS US,Payroll
GL0000646,2023-08-22,2023-08-01,6200.0,research and development,R&D,Finance,CC100,"Atkinson, Walker and Small",5634.95,DR,SaaS US,Software tools
GL0000647,2023-08-17,2023-08-01,6100.0,s&m,Sales & Marketing,Unknown,Unknown,Liu Ltd,14792.88,DR,SaaS US,Unknown
GL0000648,2023-08-10,2023-08-01,6100.0,sales & marketing,Sales & Marketing,Engineering,Unknown,"Hernandez, Smith and Johnson",16377.6,DR,SaaS US,Reclass
GL0000649,2023-08-10,2023-08-01,9999.0,misc expense,Other,Operations,CC100,Mckay-Robbins,7204.73,DR,SaaS US,Refund
GL0000650,2023-08-27,2023-08-01,6300.0,g&a,G&A,Marketing,CC300,Unknown,14927.73,DR,SaaS HoldCo,Software tools
GL0000651,2023-08-01,2023-08-01,6200.0,research and development,R&D,Unknown,Unknown,White-Henderson,-18403.25,CR,SaaS HoldCo,Software tools
GL0000652,2023-08-13,2023-08-01,6200.0,research and development,R&D,Marketing,CC300,Howard Inc,4062.46,DR,SaaS US,Google Ads
GL0000653,2023-08-17,2023-08-01,1010.0,cash,Cash,Unknown,CC200,"Adams, Torres and Mitchell",16147.29,DR,SaaS Canada,Refund
GL0000654,2023-08-05,2023-08-01,6200.0,research and development,R&D,Unknown,Unknown,Walker LLC,22101.98,DR,SaaS US,Refund
GL0000655,2023-08-12,2023-08-01,6100.0,sales & marketing,Sales & Marketing,Marketing,CC300,Herrera LLC,20569.81,DR,SaaS US,Refund
GL0000656,2023-08-08,2023-08-01,6100.0,sales & marketing,Sales & Marketing,Finance,Unknown,"Johnson, Ramirez and Henson",5238.96,DR,SaaS US,Google Ads
GL0000657,2023-08-16,2023-08-01,6200.0,research and development,R&D,Marketing,Unknown,Unknown,-5883.88,CR,SaaS Canada,Refund
GL0000658,2023-08-04,2023-08-01,5000.0,cost of service,COGS,Sales,CC100,Spencer Group,21616.44,DR,SaaS Canada,Refund
GL0000659,2023-08-14,2023-08-01,6200.0,r&d,R&D,Sales,Unknown,"Davis, Nelson and Arnold",12118.16,DR,SaaS Canada,Reclass
GL0000660,2023-08-19,2023-08-01,6200.0,r&d,R&D,Marketing,Unknown,Lee-Jones,4994.07,DR,SaaS US,Payroll
GL0000661,2023-08-10,2023-08-01,6100.0,s&m,Sales & Marketing,Unknown,CC300,"Chase, Moses and Kerr",17194.26,DR,SaaS Canada,Contractor costs
GL0000662,2023-08-14,2023-08-01,6300.0,g&a,G&A,Unknown,CC100,Norman Group,1503.86,DR,SaaS Canada,Unknown
GL0000663,2023-08-09,2023-08-01,6200.0,research and development,R&D,Engineering,CC400,Fowler-Price,22963.39,DR,SaaS US,Payroll
GL0000664,2023-08-10,2023-08-01,5000.0,cost of service,COGS,Marketing,CC300,"Edwards, Contreras and Newman",-14742.81,CR,SaaS US,Contractor costs
GL0000665,2023-08-22,2023-08-01,6300.0,general and administrative,G&A,Marketing,Unknown,Mosley-Morris,1503.59,DR,SaaS HoldCo,Contractor costs
GL0000666,2023-08-06,2023-08-01,6200.0,research and development,R&D,Sales,CC200,"Hunt, Higgins and Santos",-1445.33,CR,SaaS US,Unknown
GL0000667,2023-08-25,2023-08-01,9999.0,misc expense,Other,Engineering,CC100,Hall PLC,3752.55,DR,SaaS US,Payroll
GL0000668,2023-08-08,2023-08-01,6200.0,r&d,R&D,Marketing,CC200,"Proctor, Bailey and Henry",-2469.08,CR,SaaS US,Google Ads
GL0000669,2023-08-05,2023-08-01,5000.0,cost of service,COGS,Sales,Unknown,Bass Inc,17201.32,DR,SaaS US,Refund
GL0000670,2023-08-17,2023-08-01,6100.0,sales & marketing,Sales & Marketing,Sales,CC200,Perez-Jackson,10461.81,DR,SaaS HoldCo,AWS hosting
GL0000671,2023-08-17,2023-08-01,6100.0,sales & marketing,Sales & Marketing,Finance,CC400,"Evans, Brown and Peters",2624.2,DR,SaaS US,Reclass
GL0000672,2023-08-17,2023-08-01,1010.0,cash,Cash,Finance,Unknown,Moore-Norris,6896.92,DR,SaaS HoldCo,Payroll
GL0000673,2023-08-17,2023-08-01,6100.0,s&m,Sales & Marketing,Operations,CC100,Mitchell Group,8320.45,DR,SaaS HoldCo,Unknown
GL0000674,2023-08-25,2023-08-01,5000.0,cost of service,COGS,Engineering,Unknown,Reynolds-Perez,2079.84,DR,SaaS US,Google Ads
GL0000675,2023-08-16,2023-08-01,6100.0,s&m,Sales & Marketing,Engineering,CC200,"Griffin, Lamb and Mason",18006.48,DR,SaaS HoldCo,Reclass
GL0000676,2023-08-02,2023-08-01,6200.0,r&d,R&D,Operations,Unknown,Gilmore-Lopez,19252.77,DR,SaaS US,Reclass
GL0000677,2023-08-10,2023-08-01,5000.0,cost of service,COGS,Unknown,CC300,"Davis, Hall and Simpson",7533.25,DR,SaaS US,Contractor costs
GL0000678,2023-08-07,2023-08-01,6100.0,s&m,Sales & Marketing,Unknown,CC300,"Robinson, Baker and Henson",1577.61,DR,SaaS US,Unknown
GL0000679,2023-08-23,2023-08-01,5000.0,cost of service,COGS,Unknown,Unknown,Campbell LLC,6942.82,DR,SaaS Canada,Google Ads
GL0000680,2023-08-02,2023-08-01,9999.0,misc expense,Other,Finance,CC400,Harrington-Lee,-15996.09,CR,SaaS Canada,Reclass
GL0000681,2023-08-24,2023-08-01,6100.0,sales & marketing,Sales & Marketing,Finance,CC300,Bautista Ltd,-12816.83,CR,SaaS Canada,Payroll
GL0000682,2023-08-20,2023-08-01,6300.0,general and administrative,G&A,Operations,Unknown,Smith Group,3037.04,DR,SaaS US,Unknown
GL0000683,2023-08-03,2023-08-01,6200.0,r&d,R&D,Operations,CC200,Gregory-Baker,21147.32,DR,SaaS US,AWS hosting
GL0000684,2023-08-14,2023-08-01,1010.0,cash,Cash,Unknown,CC300,Campbell-Chen,21860.39,,SaaS HoldCo,Contractor costs
GL0000685,2023-08-19,2023-08-01,6200.0,research and development,R&D,Finance,CC100,Johnson-Deleon,-23523.2,CR,SaaS Canada,Google Ads
GL0000686,2023-08-09,2023-08-01,5000.0,cost of service,COGS,Finance,CC300,Brooks-Sanchez,9989.22,DR,SaaS HoldCo,Software tools
GL0000687,2023-08-24,2023-08-01,9999.0,misc expense,Other,Finance,Unknown,"Vasquez, Miles and Shaw",9938.24,DR,SaaS HoldCo,Unknown
GL0000688,2023-08-27,2023-08-01,5000.0,cost of service,COGS,Marketing,CC400,Golden Group,1852.08,,SaaS US,Payroll
GL0000689,2023-08-23,2023-08-01,6100.0,sales & marketing,Sales & Marketing,Operations,CC300,Adams LLC,-8739.31,CR,SaaS US,Refund
GL0000690,2023-08-27,2023-08-01,5000.0,cost of service,COGS,Sales,Unknown,Mcguire-Matthews,12056.81,DR,SaaS HoldCo,AWS hosting
GL0000691,2023-08-07,2023-08-01,5000.0,cost of service,COGS,Finance,Unknown,Cobb-Miller,24518.04,DR,SaaS US,AWS hosting
GL0000692,2023-08-07,2023-08-01,6100.0,sales and marketing,Sales & Marketing,Finance,Unknown,Walker Ltd,-10847.33,CR,SaaS Canada,Refund
GL0000693,2023-08-13,2023-08-01,6300.0,general and administrative,G&A,Finance,CC200,"Mccann, Cook and Dougherty",3746.1,DR,SaaS Canada,Unknown
GL0000694,2023-08-21,2023-08-01,6300.0,general and administrative,G&A,Sales,CC100,"Mullins, Knight and Carson",22531.13,DR,SaaS HoldCo,Software tools
GL0000695,2023-08-05,2023-08-01,6200.0,research and development,R&D,Finance,CC100,Lewis-Jordan,17100.58,DR,SaaS HoldCo,Software tools
GL0000696,2023-08-15,2023-08-01,6100.0,sales & marketing,Sales & Marketing,Unknown,Unknown,Wood-Dominguez,15156.21,DR,SaaS Canada,Software tools
GL0000697,2023-08-18,2023-08-01,6300.0,g&a,G&A,Engineering,CC100,"Delgado, Cabrera and Lyons",-10054.86,CR,SaaS US,Unknown
GL0000698,2023-08-07,2023-08-01,6100.0,s&m,Sales & Marketing,Finance,CC200,House-Campos,2576.57,DR,SaaS US,Reclass
GL0000699,2023-08-19,2023-08-01,6300.0,general and administrative,G&A,Engineering,CC200,Yang-Smith,-12269.85,CR,SaaS US,Google Ads
GL0000700,2023-08-09,2023-08-01,1010.0,cash,Cash,Engineering,CC400,Mullins-Simpson,16813.29,DR,SaaS US,AWS hosting
GL0000701,2023-08-19,2023-08-01,5000.0,cost of service,COGS,Sales,Unknown,"Burton, Patterson and Jones",17038.95,DR,SaaS US,Contractor costs
GL0000702,2023-08-12,2023-08-01,6200.0,research and development,R&D,Engineering,CC300,Clark Ltd,-4496.63,CR,SaaS HoldCo,Reclass
GL0000703,2023-08-22,2023-08-01,6300.0,g&a,G&A,Finance,CC100,"Hernandez, Shepherd and Wilson",19832.22,DR,SaaS US,Contractor costs
GL0000704,2023-08-09,2023-08-01,6100.0,sales & marketing,Sales & Marketing,Operations,Unknown,Russell-Mathews,4992.71,DR,SaaS Canada,Reclass
GL0000705,2023-08-27,2023-08-01,5000.0,cost of service,COGS,Finance,CC100,Johnston-Fletcher,-3364.36,CR,SaaS Canada,Reclass
GL0000706,2023-08-11,2023-08-01,5000.0,cost of service,COGS,Unknown,Unknown,Pham-Ramirez,21698.52,DR,SaaS HoldCo,Reclass
GL0000707,2023-08-20,2023-08-01,6100.0,s&m,Sales & Marketing,Marketing,CC200,"Tapia, Jackson and Foster",14164.94,DR,SaaS HoldCo,Refund
GL0000708,2023-08-03,2023-08-01,6100.0,s&m,Sales & Marketing,Engineering,CC300,"Medina, Callahan and Jones",19549.15,DR,SaaS US,Payroll
GL0000709,2023-08-02,2023-08-01,1010.0,cash,Cash,Engineering,CC400,Benitez-Martinez,-4289.79,CR,SaaS US,Contractor costs
GL0000710,2023-08-25,2023-08-01,6200.0,research and development,R&D,Unknown,Unknown,Porter and Sons,6342.04,DR,SaaS Canada,Reclass
GL0000711,2023-08-24,2023-08-01,5000.0,cost of service,COGS,Finance,CC300,Thornton-Forbes,23982.5,DR,SaaS Canada,Contractor costs
GL0000712,2023-08-04,2023-08-01,6300.0,g&a,G&A,Unknown,CC200,Noble Inc,-13830.7,CR,SaaS HoldCo,Payroll
GL0000713,2023-08-25,2023-08-01,6300.0,general and administrative,G&A,Engineering,CC200,Stone-Williams,11007.73,DR,SaaS US,Contractor costs
GL0000714,2023-08-02,2023-08-01,5000.0,cost of service,COGS,Sales,CC100,Lee-Burch,-18690.98,CR,SaaS US,Google Ads
GL0000715,2023-08-11,2023-08-01,5000.0,cost of service,COGS,Unknown,CC200,Barber-Hardin,18863.32,DR,SaaS Canada,Contractor costs
GL0000716,2023-08-27,2023-08-01,6300.0,general and administrative,G&A,Operations,Unknown,Lane LLC,12236.41,DR,SaaS US,Software tools
GL0000717,2023-08-13,2023-08-01,6200.0,research and development,R&D,Marketing,Unknown,Williams-Foster,7395.21,DR,SaaS US,Google Ads
GL0000718,2023-08-20,2023-08-01,6300.0,g&a,G&A,Operations,CC100,"Donovan, Curtis and Walsh",4073.88,DR,SaaS Canada,Google Ads
GL0000719,2023-08-17,2023-08-01,6300.0,g&a,G&A,Marketing,CC400,"Reid, Keller and Foley",18178.9,DR,SaaS US,Reclass
GL0000720,2023-08-07,2023-08-01,1010.0,cash,Cash,Sales,Unknown,Jarvis Ltd,6260.8,DR,SaaS Canada,Payroll
GL0000721,2023-09-19,2023-09-01,6100.0,s&m,Sales & Marketing,Engineering,Unknown,Kelly-White,1250.25,DR,SaaS HoldCo,Contractor costs
GL0000722,2023-09-10,2023-09-01,6200.0,research and development,R&D,Unknown,CC400,Turner PLC,15478.78,DR,SaaS US,AWS hosting
GL0000723,2023-09-16,2023-09-01,9999.0,misc expense,Other,Engineering,CC400,"Allison, Williams and Woodard",2329.1,DR,SaaS US,Software tools
GL0000724,2023-09-05,2023-09-01,6300.0,g&a,G&A,Unknown,Unknown,Solomon-Guzman,-24612.14,CR,SaaS Canada,Refund
GL0000725,2023-09-19,2023-09-01,6300.0,general and administrative,G&A,Marketing,CC400,Greene LLC,22236.61,DR,SaaS HoldCo,Contractor costs
GL0000726,2023-09-21,2023-09-01,5000.0,cost of service,COGS,Unknown,CC100,"Davis, Patton and Dominguez",20078.31,DR,SaaS US,Payroll
GL0000727,2023-09-02,2023-09-01,9999.0,misc expense,Other,Sales,CC400,Lam-Forbes,7484.91,DR,SaaS US,Reclass
GL0000728,2023-09-06,2023-09-01,6100.0,s&m,Sales & Marketing,Operations,Unknown,Griffin and Sons,-8603.32,CR,SaaS HoldCo,Software tools
GL0000729,2023-09-10,2023-09-01,6100.0,sales and marketing,Sales & Marketing,Finance,CC400,Beck Group,-6408.7,CR,SaaS HoldCo,Unknown
GL0000730,2023-09-04,2023-09-01,6100.0,sales and marketing,Sales & Marketing,Marketing,CC100,Jackson-Sanchez,9975.98,DR,SaaS US,Google Ads
GL0000731,2023-09-25,2023-09-01,6200.0,research and development,R&D,Engineering,Unknown,"Gomez, Bishop and Morrow",16228.45,DR,SaaS US,Google Ads
GL0000732,2023-09-03,2023-09-01,Unknown,r&d,R&D,Operations,CC200,Bridges-Nichols,-24776.69,CR,SaaS HoldCo,Unknown
GL0000733,2023-09-13,2023-09-01,6300.0,general and administrative,G&A,Unknown,Unknown,Mclean and Sons,-11889.97,CR,SaaS HoldCo,Payroll
GL0000734,2023-09-07,2023-09-01,6300.0,general and administrative,G&A,Finance,Unknown,Hardin Group,3780.03,DR,SaaS HoldCo,Reclass
GL0000735,2023-09-04,2023-09-01,5000.0,cost of service,COGS,Sales,Unknown,"Jones, Rose and Horton",-10715.97,,SaaS US,Software tools
GL0000736,2023-09-13,2023-09-01,6100.0,sales & marketing,Sales & Marketing,Sales,CC100,"Norton, Wheeler and Ruiz",-10007.15,CR,SaaS US,Google Ads
GL0000737,2023-09-21,2023-09-01,6100.0,sales & marketing,Sales & Marketing,Engineering,Unknown,Wright-Torres,21277.36,DR,SaaS Canada,Refund
GL0000738,2023-09-23,2023-09-01,5000.0,cost of service,COGS,Engineering,CC300,Perez and Sons,11936.41,DR,SaaS Canada,Payroll
GL0000739,2023-09-02,2023-09-01,6200.0,r&d,R&D,Operations,Unknown,Jackson-Serrano,-24115.78,CR,SaaS US,Contractor costs
GL0000740,2023-09-14,2023-09-01,1010.0,cash,Cash,Sales,CC100,Howell Group,-22167.1,CR,SaaS Canada,Payroll
GL0000741,2023-09-16,2023-09-01,6300.0,g&a,G&A,Finance,Unknown,"Booker, Bradford and Cruz",-17360.36,CR,SaaS US,Google Ads
GL0000742,2023-09-07,2023-09-01,6200.0,r&d,R&D,Operations,Unknown,Kelly-Alexander,18990.91,DR,SaaS HoldCo,Reclass
GL0000743,2023-09-13,2023-09-01,6200.0,research and development,R&D,Sales,CC200,Lang-Wise,-7669.47,CR,SaaS Canada,AWS hosting
GL0000744,2023-09-24,2023-09-01,6200.0,r&d,R&D,Engineering,CC400,Rose-Murphy,16397.68,DR,SaaS US,Contractor costs
GL0000745,2023-09-03,2023-09-01,6100.0,sales and marketing,Sales & Marketing,Sales,Unknown,Unknown,6675.62,DR,SaaS US,Software tools
GL0000746,2023-09-04,2023-09-01,6200.0,r&d,R&D,Operations,CC100,Unknown,-9017.89,CR,SaaS US,Reclass
GL0000747,2023-09-15,2023-09-01,5000.0,cost of service,COGS,Operations,Unknown,Harper-Carpenter,-13736.52,CR,SaaS US,Software tools
GL0000748,2023-09-04,2023-09-01,9999.0,misc expense,Other,Unknown,CC300,"Benjamin, Rios and Thompson",-23759.84,CR,SaaS HoldCo,Software tools
GL0000749,2023-09-15,2023-09-01,6100.0,sales and marketing,Sales & Marketing,Engineering,CC100,Ferguson Inc,21097.31,DR,SaaS Canada,Refund
GL0000750,2023-09-14,2023-09-01,1010.0,cash,Cash,Marketing,CC200,"Gregory, Johnson and Hernandez",8440.62,DR,SaaS US,Google Ads
GL0000751,2023-09-08,2023-09-01,1010.0,cash,Cash,Unknown,CC100,"Massey, Cox and Briggs",18993.91,CR,SaaS US,Refund
GL0000752,2023-09-04,2023-09-01,6100.0,sales and marketing,Sales & Marketing,Unknown,CC300,"Dennis, Vasquez and Ramirez",19645.14,DR,SaaS US,Google Ads
GL0000753,2023-09-16,2023-09-01,1010.0,cash,Cash,Marketing,CC100,Smith PLC,-10634.52,CR,SaaS Canada,Google Ads
GL0000754,2023-09-17,2023-09-01,6100.0,s&m,Sales & Marketing,Engineering,Unknown,"Mayer, Camacho and Hernandez",22341.41,DR,SaaS US,Unknown
GL0000755,2023-09-19,2023-09-01,6200.0,r&d,R&D,Unknown,Unknown,Lyons PLC,20147.54,DR,SaaS HoldCo,Software tools
GL0000756,2023-09-24,2023-09-01,Unknown,sales & marketing,Sales & Marketing,Engineering,CC400,Jacobs Inc,4401.16,DR,SaaS Canada,Refund
GL0000757,2023-09-27,2023-09-01,6200.0,r&d,R&D,Sales,CC200,Ball PLC,-10547.57,CR,SaaS Canada,Software tools
GL0000758,2023-09-25,2023-09-01,6100.0,s&m,Sales & Marketing,Unknown,Unknown,"Thompson, Gardner and Gardner",13858.24,DR,SaaS US,Payroll
GL0000759,2023-09-19,2023-09-01,5000.0,cost of service,COGS,Unknown,Unknown,Mcdaniel-Taylor,24217.26,DR,SaaS HoldCo,Reclass
GL0000760,2023-09-17,2023-09-01,6300.0,general and administrative,G&A,Sales,CC300,"Chavez, Meyer and Conrad",-20172.41,,SaaS Canada,Refund
GL0000761,2023-09-20,2023-09-01,6300.0,g&a,G&A,Finance,CC400,Murillo-Howard,-21340.77,CR,SaaS Canada,Unknown
GL0000762,2023-09-20,2023-09-01,6200.0,research and development,R&D,Finance,CC400,Reyes and Sons,22993.91,DR,SaaS US,Reclass
GL0000763,2023-09-10,2023-09-01,6100.0,sales and marketing,Sales & Marketing,Sales,CC200,Davila-Roman,-11778.35,CR,SaaS US,Software tools
GL0000764,2023-09-19,2023-09-01,6300.0,g&a,G&A,Operations,Unknown,Tran and Sons,6218.0,DR,SaaS Canada,Google Ads
GL0000765,2023-09-17,2023-09-01,5000.0,cost of service,COGS,Engineering,CC100,Williams-Ayala,23790.28,DR,SaaS Canada,Unknown
GL0000766,2023-09-27,2023-09-01,6100.0,s&m,Sales & Marketing,Operations,CC400,Chavez-Ward,-23862.44,CR,SaaS US,Contractor costs
GL0000767,2023-09-14,2023-09-01,6100.0,sales and marketing,Sales & Marketing,Sales,CC400,Winters-Smith,9012.2,DR,SaaS US,Software tools
GL0000768,2023-09-10,2023-09-01,5000.0,cost of service,COGS,Marketing,CC100,"Jackson, Lewis and Smith",22198.44,DR,SaaS HoldCo,Payroll
GL0000769,2023-09-15,2023-09-01,1010.0,cash,Cash,Unknown,CC200,Becker Inc,13289.88,DR,SaaS US,Unknown
GL0000770,2023-09-21,2023-09-01,6200.0,research and development,R&D,Finance,Unknown,Harrison Ltd,2347.16,DR,SaaS HoldCo,Software tools
GL0000771,2023-09-12,2023-09-01,9999.0,misc expense,Other,Sales,CC400,Smith-Bell,4866.95,DR,SaaS Canada,Reclass
GL0000772,2023-09-09,2023-09-01,6300.0,g&a,G&A,Operations,Unknown,Brooks-Garcia,9895.91,DR,SaaS HoldCo,Contractor costs
GL0000773,2023-09-07,2023-09-01,6200.0,research and development,R&D,Engineering,Unknown,Brooks LLC,22747.3,DR,SaaS HoldCo,Google Ads
GL0000774,2023-09-21,2023-09-01,6300.0,g&a,G&A,Unknown,CC300,"Smith, Carpenter and Sparks",1220.2,DR,SaaS Canada,Reclass
GL0000775,2023-09-19,2023-09-01,6100.0,sales & marketing,Sales & Marketing,Unknown,CC400,Clark Ltd,10237.11,DR,SaaS HoldCo,Software tools
GL0000776,2023-09-04,2023-09-01,5000.0,cost of service,COGS,Sales,CC300,Walters-Avery,4592.26,DR,SaaS US,Payroll
GL0000777,2023-09-09,2023-09-01,5000.0,cost of service,COGS,Marketing,CC200,Reynolds LLC,-19544.05,CR,SaaS US,Unknown
GL0000778,2023-09-10,2023-09-01,6200.0,r&d,R&D,Unknown,CC200,"Hill, Mcdaniel and Nelson",-10804.55,CR,SaaS Canada,AWS hosting
GL0000779,2023-09-09,2023-09-01,6200.0,research and development,R&D,Sales,CC100,"Hensley, Hill and White",3234.3,DR,SaaS US,Software tools
GL0000780,2023-09-12,2023-09-01,5000.0,cost of service,COGS,Marketing,Unknown,"Lin, Gomez and George",14867.72,DR,SaaS HoldCo,Payroll
GL0000781,2023-09-06,2023-09-01,6100.0,sales and marketing,Sales & Marketing,Marketing,Unknown,Velazquez-Taylor,23766.0,DR,SaaS Canada,Google Ads
GL0000782,2023-09-13,2023-09-01,6200.0,research and development,R&D,Unknown,CC300,"Kelley, Macias and Hines",-17662.36,CR,SaaS Canada,Software tools
GL0000783,2023-09-07,2023-09-01,6200.0,r&d,R&D,Sales,CC200,Lawrence LLC,17381.88,DR,SaaS HoldCo,Contractor costs
GL0000784,2023-09-18,2023-09-01,6100.0,s&m,Sales & Marketing,Unknown,Unknown,"Wilson, Jackson and Knight",-1102.6,CR,SaaS US,Software tools
GL0000785,2023-09-22,2023-09-01,Unknown,sales and marketing,Sales & Marketing,Unknown,CC400,Richards-Lopez,-11740.02,CR,SaaS HoldCo,Software tools
GL0000786,2023-09-10,2023-09-01,6200.0,r&d,R&D,Unknown,Unknown,Arnold-Jenkins,-18227.91,CR,SaaS US,Refund
GL0000787,2023-09-18,2023-09-01,5000.0,cost of service,COGS,Operations,CC300,"Baxter, Wood and Murphy",22640.06,DR,SaaS US,Reclass
GL0000788,2023-09-13,2023-09-01,Unknown,s&m,Sales & Marketing,Finance,Unknown,Robertson and Sons,5592.27,DR,SaaS HoldCo,Google Ads
GL0000789,2023-09-25,2023-09-01,6300.0,general and administrative,G&A,Unknown,CC300,Bates-Robinson,-6944.49,CR,SaaS Canada,Payroll
GL0000790,2023-09-04,2023-09-01,9999.0,misc expense,Other,Operations,CC200,Anderson PLC,20738.19,DR,SaaS US,Unknown
GL0000791,2023-09-02,2023-09-01,6200.0,r&d,R&D,Operations,Unknown,Martinez-Bell,10350.29,DR,SaaS US,Contractor costs
GL0000792,2023-09-02,2023-09-01,6100.0,sales & marketing,Sales & Marketing,Sales,CC300,Johnson-Jenkins,21336.22,DR,SaaS US,Unknown
GL0000793,2023-09-05,2023-09-01,6100.0,sales & marketing,Sales & Marketing,Sales,CC200,Cabrera PLC,17374.89,DR,SaaS Canada,Contractor costs
GL0000794,2023-09-11,2023-09-01,5000.0,cost of service,COGS,Engineering,Unknown,Lewis Inc,7915.77,DR,SaaS Canada,Software tools
GL0000795,2023-09-20,2023-09-01,6300.0,general and administrative,G&A,Sales,CC400,Rogers-Martinez,-9299.83,CR,SaaS US,Google Ads
GL0000796,2023-09-20,2023-09-01,9999.0,misc expense,Other,Marketing,Unknown,"Robinson, Robles and Lawson",-18986.07,CR,SaaS HoldCo,Unknown
GL0000797,2023-09-16,2023-09-01,1010.0,cash,Cash,Unknown,CC400,"Haynes, Flores and Love",-19564.07,,SaaS Canada,Contractor costs
GL0000798,2023-09-18,2023-09-01,6200.0,research and development,R&D,Operations,CC400,Diaz LLC,1183.86,DR,SaaS HoldCo,AWS hosting
GL0000799,2023-09-15,2023-09-01,6100.0,sales and marketing,Sales & Marketing,Unknown,CC400,Wallace Inc,-3825.24,CR,SaaS US,AWS hosting
GL0000800,2023-09-16,2023-09-01,5000.0,cost of service,COGS,Unknown,CC300,Ferguson-Gay,-7545.38,CR,SaaS US,Payroll
GL0000801,2023-09-15,2023-09-01,6200.0,r&d,R&D,Engineering,CC200,Ford PLC,23492.55,DR,SaaS Canada,Payroll
GL0000802,2023-09-23,2023-09-01,6100.0,s&m,Sales & Marketing,Engineering,CC300,Fernandez PLC,-13701.72,CR,SaaS HoldCo,Payroll
GL0000803,2023-09-19,2023-09-01,6100.0,s&m,Sales & Marketing,Finance,CC400,Beck-Hodge,7859.37,DR,SaaS US,Unknown
GL0000804,2023-09-02,2023-09-01,6300.0,g&a,G&A,Unknown,CC400,Herrera-Sparks,9204.77,DR,SaaS US,Google Ads
GL0000805,2023-09-02,2023-09-01,6200.0,r&d,R&D,Marketing,Unknown,Wilson-Branch,-10209.17,CR,SaaS HoldCo,Refund
GL0000806,2023-09-18,2023-09-01,6300.0,general and administrative,G&A,Marketing,CC200,Gordon-Walker,21226.37,DR,SaaS HoldCo,AWS hosting
GL0000807,2023-09-08,2023-09-01,6100.0,sales & marketing,Sales & Marketing,Operations,CC400,Bishop-Mccullough,-11686.7,,SaaS US,Software tools
GL0000808,2023-09-16,2023-09-01,9999.0,misc expense,Other,Finance,CC300,Sutton-Stanley,15405.27,DR,SaaS Canada,Software tools
GL0000809,2023-09-11,2023-09-01,5000.0,cost of service,COGS,Operations,Unknown,Baker-Phillips,-24559.98,CR,SaaS Canada,Reclass
GL0000810,2023-09-27,2023-09-01,5000.0,cost of service,COGS,Engineering,Unknown,Brewer Inc,17139.52,DR,SaaS US,AWS hosting
GL0000811,2023-10-08,2023-10-01,6200.0,research and development,R&D,Finance,CC400,"Miller, Hayes and Johnson",15288.59,DR,SaaS HoldCo,AWS hosting
GL0000812,2023-10-07,2023-10-01,5000.0,cost of service,COGS,Operations,CC300,Mccullough-Moore,2169.88,DR,SaaS US,Software tools
GL0000813,2023-10-14,2023-10-01,6300.0,general and administrative,G&A,Operations,Unknown,Smith PLC,-12195.78,CR,SaaS HoldCo,Reclass
GL0000814,2023-10-19,2023-10-01,6100.0,s&m,Sales & Marketing,Unknown,Unknown,Zamora-Smith,-5563.69,CR,SaaS HoldCo,Reclass
GL0000815,2023-10-04,2023-10-01,1010.0,cash,Cash,Finance,Unknown,Harris-Lewis,5253.13,DR,SaaS US,Refund
GL0000816,2023-10-03,2023-10-01,6200.0,r&d,R&D,Unknown,CC300,"Buchanan, Olson and Todd",19586.29,DR,SaaS US,Unknown
GL0000817,2023-10-24,2023-10-01,6200.0,research and development,R&D,Sales,CC200,Sawyer-Williams,-20477.27,CR,SaaS HoldCo,Payroll
GL0000818,2023-10-02,2023-10-01,1010.0,cash,Cash,Finance,CC400,Walsh-Perry,21391.05,DR,SaaS US,Unknown
GL0000819,2023-10-23,2023-10-01,5000.0,cost of service,COGS,Unknown,CC400,Thomas Ltd,-18131.41,CR,SaaS Canada,Unknown
GL0000820,2023-10-27,2023-10-01,9999.0,misc expense,Other,Sales,Unknown,"Davis, Bowman and Hopkins",20034.75,DR,SaaS US,Reclass
GL0000821,2023-10-07,2023-10-01,6100.0,s&m,Sales & Marketing,Finance,CC200,"Matthews, Roberts and Gutierrez",-23878.63,CR,SaaS Canada,Reclass
GL0000822,2023-10-09,2023-10-01,6300.0,g&a,G&A,Sales,Unknown,Gregory-Ward,8486.53,DR,SaaS US,Reclass
GL0000823,2023-10-19,2023-10-01,6100.0,sales & marketing,Sales & Marketing,Engineering,CC300,Johnson Group,2054.5,DR,SaaS Canada,Reclass
GL0000824,2023-10-05,2023-10-01,6100.0,sales and marketing,Sales & Marketing,Sales,CC200,Rhodes LLC,6624.92,DR,SaaS US,Software tools
GL0000825,2023-10-01,2023-10-01,6200.0,research and development,R&D,Finance,CC400,Kelly-Burgess,4880.98,DR,SaaS US,Refund
GL0000826,2023-10-27,2023-10-01,6200.0,research and development,R&D,Operations,Unknown,"Reeves, Gonzales and Horn",-6638.28,,SaaS US,Google Ads
GL0000827,2023-10-01,2023-10-01,1010.0,cash,Cash,Unknown,CC100,Greer LLC,-7282.76,CR,SaaS US,Reclass
GL0000828,2023-10-21,2023-10-01,6100.0,sales & marketing,Sales & Marketing,Sales,CC300,Bradley-Patterson,-4854.08,CR,SaaS Canada,Payroll
GL0000829,2023-10-11,2023-10-01,9999.0,misc expense,Other,Unknown,CC200,"Wallace, May and Adkins",24350.44,DR,SaaS US,Reclass
GL0000830,2023-10-09,2023-10-01,5000.0,cost of service,COGS,Operations,CC100,Johnston-King,16312.26,DR,SaaS HoldCo,Unknown
GL0000831,2023-10-05,2023-10-01,6100.0,sales & marketing,Sales & Marketing,Marketing,CC100,Wells and Sons,-22650.56,CR,SaaS Canada,Reclass
GL0000832,2023-10-07,2023-10-01,6100.0,sales and marketing,Sales & Marketing,Marketing,CC400,"Morris, Kim and Brewer",16468.6,DR,SaaS Canada,Unknown
GL0000833,2023-10-21,2023-10-01,6100.0,s&m,Sales & Marketing,Marketing,CC400,Gillespie-Rice,1733.01,DR,SaaS HoldCo,Software tools
GL0000834,2023-10-23,2023-10-01,6100.0,s&m,Sales & Marketing,Sales,CC200,Johnson PLC,8748.64,DR,SaaS US,Software tools
GL0000835,2023-10-05,2023-10-01,9999.0,misc expense,Other,Engineering,CC400,Parker-Perkins,23994.72,DR,SaaS HoldCo,Unknown
GL0000836,2023-10-05,2023-10-01,6100.0,sales and marketing,Sales & Marketing,Operations,Unknown,Turner Ltd,-17983.71,CR,SaaS Canada,Reclass
GL0000837,2023-10-22,2023-10-01,6200.0,r&d,R&D,Operations,CC400,Caldwell-Matthews,1114.22,DR,SaaS US,Software tools
GL0000838,2023-10-24,2023-10-01,6200.0,r&d,R&D,Unknown,CC400,Keith and Sons,19915.46,DR,SaaS Canada,Software tools
GL0000839,2023-10-21,2023-10-01,9999.0,misc expense,Other,Sales,CC300,"Scott, Deleon and Nguyen",14615.43,DR,SaaS HoldCo,Unknown
GL0000840,2023-10-14,2023-10-01,6100.0,sales and marketing,Sales & Marketing,Operations,CC300,"Collins, Valencia and Santos",-13619.71,CR,SaaS Canada,Payroll
GL0000841,2023-10-17,2023-10-01,9999.0,misc expense,Other,Marketing,CC300,Carter LLC,-22874.52,CR,SaaS HoldCo,Software tools
GL0000842,2023-10-04,2023-10-01,1010.0,cash,Cash,Sales,Unknown,Garner-Smith,19833.15,DR,SaaS US,Reclass
GL0000843,2023-10-05,2023-10-01,9999.0,misc expense,Other,Operations,CC400,Wilson-Rodriguez,7206.3,DR,SaaS Canada,Payroll
GL0000844,2023-10-20,2023-10-01,6300.0,general and administrative,G&A,Engineering,CC400,Stewart Ltd,10293.36,DR,SaaS HoldCo,Refund
GL0000845,2023-10-12,2023-10-01,6200.0,r&d,R&D,Sales,Unknown,"Montgomery, Rice and Robinson",17154.27,DR,SaaS US,Reclass
GL0000846,2023-10-23,2023-10-01,1010.0,cash,Cash,Marketing,CC100,"Sanchez, Perry and Sutton",9072.18,DR,SaaS HoldCo,Contractor costs
GL0000847,2023-10-02,2023-10-01,6100.0,sales and marketing,Sales & Marketing,Finance,CC400,"Gibson, Johnson and Haynes",10621.44,DR,SaaS HoldCo,Contractor costs
GL0000848,2023-10-27,2023-10-01,6300.0,g&a,G&A,Sales,CC300,"Tucker, Rodriguez and Wilson",4654.24,DR,SaaS US,Unknown
GL0000849,2023-10-13,2023-10-01,6100.0,sales & marketing,Sales & Marketing,Engineering,CC200,"Mccormick, Pearson and Martinez",6575.77,DR,SaaS US,AWS hosting
GL0000850,2023-10-15,2023-10-01,6300.0,general and administrative,G&A,Operations,Unknown,"Bates, Jones and Arroyo",14669.58,DR,SaaS US,Google Ads
GL0000851,2023-10-01,2023-10-01,9999.0,misc expense,Other,Operations,CC200,Hammond Group,16155.98,DR,SaaS US,Refund
GL0000852,2023-10-16,2023-10-01,5000.0,cost of service,COGS,Operations,CC300,Chavez Ltd,-24983.19,CR,SaaS US,Contractor costs
GL0000853,2023-10-12,2023-10-01,1010.0,cash,Cash,Finance,CC400,Rivas PLC,-22483.5,CR,SaaS US,Google Ads
GL0000854,2023-10-18,2023-10-01,5000.0,cost of service,COGS,Engineering,Unknown,Bradley-Martinez,-19543.15,,SaaS Canada,Reclass
GL0000855,2023-10-03,2023-10-01,Unknown,sales and marketing,Sales & Marketing,Engineering,CC200,Phillips-Lee,11252.69,DR,SaaS US,Reclass
GL0000856,2023-10-03,2023-10-01,Unknown,cash,Cash,Operations,CC400,Elliott-Kramer,6563.11,DR,SaaS US,Refund
GL0000857,2023-10-17,2023-10-01,6100.0,sales and marketing,Sales & Marketing,Marketing,Unknown,Kelly and Sons,16841.58,,SaaS US,Payroll
GL0000858,2023-10-05,2023-10-01,6100.0,sales & marketing,Sales & Marketing,Finance,CC100,Wallace-Holland,12711.52,DR,SaaS Canada,Software tools
GL0000859,2023-10-09,2023-10-01,6100.0,sales & marketing,Sales & Marketing,Operations,CC300,"Ortiz, Lewis and Harding",-5632.93,CR,SaaS HoldCo,Unknown
GL0000860,2023-10-06,2023-10-01,6200.0,r&d,R&D,Unknown,Unknown,Brady-Brown,8990.57,DR,SaaS US,Google Ads
GL0000861,2023-10-09,2023-10-01,6100.0,s&m,Sales & Marketing,Marketing,CC300,"Hernandez, Byrd and Harris",2701.25,DR,SaaS US,Software tools
GL0000862,2023-10-04,2023-10-01,6300.0,general and administrative,G&A,Engineering,CC300,"Walker, Gonzalez and Mckay",-17807.33,,SaaS HoldCo,Contractor costs
GL0000863,2023-10-05,2023-10-01,5000.0,cost of service,COGS,Finance,Unknown,Smith-Brown,23723.33,DR,SaaS HoldCo,Software tools
GL0000864,2023-10-03,2023-10-01,6300.0,general and administrative,G&A,Unknown,CC300,"Harrison, Lopez and Moses",11968.37,DR,SaaS US,Payroll
GL0000865,2023-10-03,2023-10-01,6100.0,s&m,Sales & Marketing,Finance,Unknown,Rush-Dominguez,16660.24,DR,SaaS HoldCo,Reclass
GL0000866,2023-10-02,2023-10-01,1010.0,cash,Cash,Operations,CC200,Horne-Villanueva,4181.17,DR,SaaS US,Refund
GL0000867,2023-10-02,2023-10-01,5000.0,cost of service,COGS,Unknown,CC300,"Whitney, Luna and Hamilton",22609.07,DR,SaaS HoldCo,Software tools
GL0000868,2023-10-08,2023-10-01,6200.0,research and development,R&D,Finance,Unknown,Black-Wilkins,17432.12,DR,SaaS US,Payroll
GL0000869,2023-10-17,2023-10-01,6100.0,s&m,Sales & Marketing,Unknown,Unknown,"Wells, Gonzalez and Woods",-12747.2,CR,SaaS US,Refund
GL0000870,2023-10-08,2023-10-01,5000.0,cost of service,COGS,Unknown,Unknown,Mitchell and Sons,16700.51,DR,SaaS US,Software tools
GL0000871,2023-10-16,2023-10-01,5000.0,cost of service,COGS,Unknown,CC200,"Gordon, Duke and Anderson",3805.76,DR,SaaS US,Google Ads
GL0000872,2023-10-04,2023-10-01,6100.0,sales and marketing,Sales & Marketing,Operations,CC100,"Perez, Harding and Lucas",21054.13,DR,SaaS Canada,Reclass
GL0000873,2023-10-18,2023-10-01,6300.0,g&a,G&A,Engineering,Unknown,Lucas-Jones,-16515.24,CR,SaaS US,Refund
GL0000874,2023-10-23,2023-10-01,6100.0,s&m,Sales & Marketing,Operations,Unknown,Johnson and Sons,10422.15,DR,SaaS US,Payroll
GL0000875,2023-10-23,2023-10-01,6100.0,sales & marketing,Sales & Marketing,Unknown,CC200,Duncan PLC,1081.22,DR,SaaS Canada,Unknown
GL0000876,2023-10-21,2023-10-01,6100.0,s&m,Sales & Marketing,Sales,CC300,Hodges Ltd,8900.51,DR,SaaS Canada,Unknown
GL0000877,2023-10-22,2023-10-01,6200.0,r&d,R&D,Engineering,Unknown,Benson Inc,12964.63,DR,SaaS US,AWS hosting
GL0000878,2023-10-21,2023-10-01,6100.0,s&m,Sales & Marketing,Finance,CC200,"Nelson, Miller and Black",7025.23,DR,SaaS HoldCo,Unknown
GL0000879,2023-10-14,2023-10-01,6300.0,g&a,G&A,Sales,Unknown,"Larsen, Elliott and Rodriguez",-2936.92,,SaaS US,Software tools
GL0000880,2023-10-25,2023-10-01,6100.0,sales and marketing,Sales & Marketing,Engineering,CC200,Larson-Jackson,8692.08,DR,SaaS US,Reclass
GL0000881,2023-10-07,2023-10-01,6200.0,research and development,R&D,Marketing,Unknown,Harris-Harris,12809.98,DR,SaaS US,Reclass
GL0000882,2023-10-10,2023-10-01,5000.0,cost of service,COGS,Sales,Unknown,"Lopez, Simmons and Moyer",-6799.31,CR,SaaS Canada,Google Ads
GL0000883,2023-10-08,2023-10-01,5000.0,cost of service,COGS,Unknown,CC400,"White, Torres and Davis",-5485.14,CR,SaaS US,AWS hosting
GL0000884,2023-10-03,2023-10-01,6200.0,research and development,R&D,Engineering,CC300,Fischer and Sons,-2449.64,CR,SaaS HoldCo,Unknown
GL0000885,2023-10-21,2023-10-01,6300.0,g&a,G&A,Finance,CC100,Unknown,-18928.01,CR,SaaS HoldCo,Contractor costs
GL0000886,2023-10-13,2023-10-01,6100.0,sales & marketing,Sales & Marketing,Marketing,CC300,Ochoa Inc,24642.29,DR,SaaS US,Refund
GL0000887,2023-10-08,2023-10-01,5000.0,cost of service,COGS,Sales,Unknown,Nelson Ltd,9611.89,DR,SaaS US,Refund
GL0000888,2023-10-07,2023-10-01,9999.0,misc expense,Other,Sales,Unknown,Robertson PLC,23477.67,DR,SaaS US,Google Ads
GL0000889,2023-10-27,2023-10-01,6100.0,s&m,Sales & Marketing,Unknown,CC300,"Hill, Glass and Mitchell",6575.41,DR,SaaS HoldCo,AWS hosting
GL0000890,2023-10-18,2023-10-01,6100.0,s&m,Sales & Marketing,Unknown,CC300,Barrera Inc,-21616.92,CR,SaaS HoldCo,Payroll
GL0000891,2023-10-19,2023-10-01,1010.0,cash,Cash,Sales,CC300,Roy Ltd,6784.71,DR,SaaS US,Unknown
GL0000892,2023-10-14,2023-10-01,1010.0,cash,Cash,Operations,CC300,Cruz-Boyd,-3822.61,CR,SaaS Canada,AWS hosting
GL0000893,2023-10-07,2023-10-01,6100.0,s&m,Sales & Marketing,Sales,Unknown,Kirby Inc,-3032.66,CR,SaaS US,Unknown
GL0000894,2023-10-11,2023-10-01,6300.0,general and administrative,G&A,Unknown,CC300,Trevino-Brown,4334.26,DR,SaaS US,AWS hosting
GL0000895,2023-10-18,2023-10-01,6200.0,research and development,R&D,Unknown,CC300,"Olson, Stewart and Smith",-15491.22,CR,SaaS Canada,Google Ads
GL0000896,2023-10-07,2023-10-01,6100.0,sales & marketing,Sales & Marketing,Operations,Unknown,Hampton-Stevens,20218.33,DR,SaaS US,Google Ads
GL0000897,2023-10-04,2023-10-01,6200.0,research and development,R&D,Marketing,CC200,Larson Group,13329.93,DR,SaaS HoldCo,Software tools
GL0000898,2023-10-19,2023-10-01,6100.0,sales and marketing,Sales & Marketing,Engineering,CC100,"Choi, Allen and Hale",5340.76,DR,SaaS US,Contractor costs
GL0000899,2023-10-25,2023-10-01,9999.0,misc expense,Other,Unknown,CC200,"Lee, Cummings and Fox",5177.21,DR,SaaS US,Reclass
GL0000900,2023-10-27,2023-10-01,6100.0,sales & marketing,Sales & Marketing,Unknown,CC100,May Inc,22249.89,DR,SaaS US,Payroll
GL0000901,2023-11-14,2023-11-01,6200.0,research and development,R&D,Marketing,CC300,Herman PLC,-6932.94,CR,SaaS US,Google Ads
GL0000902,2023-11-04,2023-11-01,6100.0,sales and marketing,Sales & Marketing,Finance,CC200,Suarez-Carter,3643.26,DR,SaaS US,Google Ads
GL0000903,2023-11-17,2023-11-01,5000.0,cost of service,COGS,Operations,CC300,Clark and Sons,-4247.43,CR,SaaS HoldCo,Refund
GL0000904,2023-11-10,2023-11-01,1010.0,cash,Cash,Marketing,Unknown,"Copeland, Smith and Young",2935.78,DR,SaaS US,Software tools
GL0000905,2023-11-21,2023-11-01,6100.0,sales and marketing,Sales & Marketing,Engineering,CC400,"Johnston, Park and Adams",-8360.73,CR,SaaS HoldCo,Contractor costs
GL0000906,2023-11-15,2023-11-01,6100.0,sales & marketing,Sales & Marketing,Operations,CC100,Espinoza and Sons,-11609.99,CR,SaaS US,Google Ads
GL0000907,2023-11-19,2023-11-01,6200.0,research and development,R&D,Sales,Unknown,Unknown,6679.45,,SaaS HoldCo,Google Ads
GL0000908,2023-11-22,2023-11-01,9999.0,misc expense,Other,Operations,Unknown,Torres Group,8288.76,DR,SaaS US,Refund
GL0000909,2023-11-01,2023-11-01,6300.0,g&a,G&A,Engineering,Unknown,Davis Inc,-18725.7,,SaaS HoldCo,Unknown
GL0000910,2023-11-01,2023-11-01,6300.0,g&a,G&A,Operations,CC200,"Howard, Stevenson and Harris",22502.34,DR,SaaS Canada,Reclass
GL0000911,2023-11-10,2023-11-01,6100.0,sales and marketing,Sales & Marketing,Engineering,Unknown,Taylor-Day,3704.39,CR,SaaS Canada,Contractor costs
GL0000912,2023-11-19,2023-11-01,6300.0,g&a,G&A,Unknown,Unknown,Nolan-Coleman,4004.86,DR,SaaS HoldCo,Contractor costs
GL0000913,2023-11-18,2023-11-01,6200.0,research and development,R&D,Unknown,CC100,Willis-Reed,18025.07,DR,SaaS US,Reclass
GL0000914,2023-11-17,2023-11-01,6100.0,s&m,Sales & Marketing,Operations,CC200,Schaefer-Torres,18767.51,DR,SaaS HoldCo,Contractor costs
GL0000915,2023-11-16,2023-11-01,6100.0,sales & marketing,Sales & Marketing,Finance,CC200,Powers-Jones,19635.17,DR,SaaS US,Contractor costs
GL0000916,2023-11-11,2023-11-01,6300.0,general and administrative,G&A,Unknown,CC300,Sheppard-Fernandez,16351.94,DR,SaaS US,Software tools
GL0000917,2023-11-27,2023-11-01,1010.0,cash,Cash,Unknown,CC100,Macdonald and Sons,4965.71,DR,SaaS US,Reclass
GL0000918,2023-11-16,2023-11-01,6200.0,research and development,R&D,Marketing,CC400,Guzman-Carter,-3021.12,CR,SaaS Canada,Software tools
GL0000919,2023-11-15,2023-11-01,6100.0,sales & marketing,Sales & Marketing,Engineering,CC100,Gonzalez Inc,-10829.41,CR,SaaS US,Payroll
GL0000920,2023-11-06,2023-11-01,6200.0,research and development,R&D,Marketing,Unknown,"Greene, Robbins and Ray",2282.93,DR,SaaS US,AWS hosting
GL0000921,2023-11-24,2023-11-01,5000.0,cost of service,COGS,Finance,Unknown,Hernandez-Frost,24686.15,DR,SaaS US,Google Ads
GL0000922,2023-11-15,2023-11-01,6200.0,r&d,R&D,Unknown,Unknown,Myers LLC,2874.91,DR,SaaS HoldCo,Reclass
GL0000923,2023-11-09,2023-11-01,9999.0,misc expense,Other,Marketing,Unknown,Carlson-Camacho,15783.5,,SaaS HoldCo,Refund
GL0000924,2023-11-08,2023-11-01,6300.0,general and administrative,G&A,Unknown,CC200,Martinez Group,24458.46,,SaaS US,Refund
GL0000925,2023-11-02,2023-11-01,5000.0,cost of service,COGS,Engineering,Unknown,"Murray, English and Lucas",23195.72,DR,SaaS US,Contractor costs
GL0000926,2023-11-10,2023-11-01,9999.0,misc expense,Other,Unknown,Unknown,"Walters, Anderson and Hamilton",24515.22,DR,SaaS HoldCo,Reclass
GL0000927,2023-11-25,2023-11-01,5000.0,cost of service,COGS,Unknown,CC200,Chan and Sons,-13613.05,CR,SaaS US,Contractor costs
GL0000928,2023-11-15,2023-11-01,5000.0,cost of service,COGS,Unknown,CC300,"Jones, Harper and Elliott",24464.32,DR,SaaS Canada,Software tools
GL0000929,2023-11-09,2023-11-01,6100.0,s&m,Sales & Marketing,Operations,CC100,Chase PLC,-22888.73,,SaaS HoldCo,Reclass
GL0000930,2023-11-24,2023-11-01,6200.0,r&d,R&D,Marketing,Unknown,Cole PLC,-15595.43,CR,SaaS Canada,AWS hosting
GL0000931,2023-11-06,2023-11-01,9999.0,misc expense,Other,Unknown,CC300,Brooks LLC,23873.63,DR,SaaS US,Google Ads
GL0000932,2023-11-07,2023-11-01,6100.0,sales and marketing,Sales & Marketing,Marketing,CC400,Baker-Garcia,5611.43,DR,SaaS US,Unknown
GL0000933,2023-11-08,2023-11-01,5000.0,cost of service,COGS,Marketing,Unknown,"Smith, Jackson and Jones",11546.61,DR,SaaS US,Software tools
GL0000934,2023-11-12,2023-11-01,6300.0,general and administrative,G&A,Operations,CC100,Gilbert-Anderson,6473.8,DR,SaaS US,Refund
GL0000935,2023-11-24,2023-11-01,6100.0,sales and marketing,Sales & Marketing,Unknown,CC400,"Liu, Hayes and Rich",8377.08,DR,SaaS Canada,Payroll
GL0000936,2023-11-07,2023-11-01,6200.0,research and development,R&D,Engineering,Unknown,Unknown,17075.97,DR,SaaS HoldCo,AWS hosting
GL0000937,2023-11-09,2023-11-01,6200.0,research and development,R&D,Unknown,CC300,Cochran PLC,20779.59,DR,SaaS HoldCo,Reclass
GL0000938,2023-11-14,2023-11-01,5000.0,cost of service,COGS,Engineering,Unknown,"Long, Jones and Everett",-21778.31,CR,SaaS US,Payroll
GL0000939,2023-11-13,2023-11-01,6100.0,s&m,Sales & Marketing,Marketing,CC400,Perry-Santiago,8873.9,DR,SaaS HoldCo,Google Ads
GL0000940,2023-11-05,2023-11-01,6100.0,sales and marketing,Sales & Marketing,Marketing,CC300,Mahoney LLC,-16701.64,CR,SaaS US,Unknown
GL0000941,2023-11-20,2023-11-01,9999.0,misc expense,Other,Unknown,CC300,Lee PLC,4453.27,DR,SaaS US,Unknown
GL0000942,2023-11-15,2023-11-01,6200.0,r&d,R&D,Unknown,CC300,"Reyes, Robertson and Moore",-17023.75,CR,SaaS HoldCo,Refund
GL0000943,2023-11-15,2023-11-01,6300.0,g&a,G&A,Marketing,CC400,Ferguson-Wade,-20565.71,CR,SaaS US,Software tools
GL0000944,2023-11-03,2023-11-01,5000.0,cost of service,COGS,Unknown,Unknown,Harris-Stanton,-8943.48,CR,SaaS US,Reclass
GL0000945,2023-11-26,2023-11-01,5000.0,cost of service,COGS,Engineering,Unknown,"Griffin, Wilson and Moss",-24637.7,CR,SaaS US,Software tools
GL0000946,2023-11-27,2023-11-01,6300.0,g&a,G&A,Unknown,CC200,Rivers PLC,7977.62,DR,SaaS US,Payroll
GL0000947,2023-11-01,2023-11-01,5000.0,cost of service,COGS,Marketing,CC200,Shaw-Jackson,9173.22,DR,SaaS HoldCo,Reclass
GL0000948,2023-11-14,2023-11-01,6300.0,general and administrative,G&A,Engineering,Unknown,Coleman-Hall,-2805.72,CR,SaaS US,Contractor costs
GL0000949,2023-11-09,2023-11-01,6200.0,research and development,R&D,Engineering,CC400,"Jensen, Perkins and Fox",15385.01,DR,SaaS HoldCo,Software tools
GL0000950,2023-11-11,2023-11-01,6200.0,research and development,R&D,Unknown,CC200,"Harrington, Osborne and Clark",11846.03,,SaaS US,Refund
GL0000951,2023-11-26,2023-11-01,6100.0,sales and marketing,Sales & Marketing,Marketing,Unknown,Snow PLC,-9278.56,CR,SaaS US,Refund
GL0000952,2023-11-27,2023-11-01,5000.0,cost of service,COGS,Finance,CC200,Romero LLC,12274.05,DR,SaaS Canada,Reclass
GL0000953,2023-11-19,2023-11-01,Unknown,r&d,R&D,Unknown,CC400,"Robertson, Mcdaniel and Simmons",-14797.9,CR,SaaS US,Unknown
GL0000954,2023-11-26,2023-11-01,6100.0,sales & marketing,Sales & Marketing,Unknown,CC200,Williams and Sons,-19459.97,CR,SaaS Canada,Unknown
GL0000955,2023-11-14,2023-11-01,6300.0,g&a,G&A,Finance,Unknown,Chavez Group,17953.1,DR,SaaS US,Unknown
GL0000956,2023-11-12,2023-11-01,6300.0,general and administrative,G&A,Marketing,Unknown,Williams-Garcia,-23755.91,CR,SaaS US,Unknown
GL0000957,2023-11-16,2023-11-01,9999.0,misc expense,Other,Unknown,CC100,Williams-Thompson,-13864.6,CR,SaaS HoldCo,Payroll
GL0000958,2023-11-26,2023-11-01,6300.0,general and administrative,G&A,Operations,CC200,"Freeman, Richards and Lee",-21289.29,CR,SaaS US,Contractor costs
GL0000959,2023-11-04,2023-11-01,6100.0,sales and marketing,Sales & Marketing,Sales,Unknown,Conway-Martinez,7425.69,DR,SaaS US,Payroll
GL0000960,2023-11-09,2023-11-01,5000.0,cost of service,COGS,Sales,CC300,Jones and Sons,21629.62,,SaaS Canada,Payroll
GL0000961,2023-11-21,2023-11-01,6200.0,research and development,R&D,Engineering,Unknown,Patel Inc,13566.41,DR,SaaS Canada,Refund
GL0000962,2023-11-24,2023-11-01,6100.0,s&m,Sales & Marketing,Marketing,Unknown,"Jimenez, Parker and Lucas",4255.29,DR,SaaS US,Google Ads
GL0000963,2023-11-23,2023-11-01,6100.0,sales and marketing,Sales & Marketing,Finance,CC400,Fox-Wilson,7854.65,DR,SaaS US,Unknown
GL0000964,2023-11-24,2023-11-01,6100.0,s&m,Sales & Marketing,Engineering,CC100,"Kim, Mathis and Rowe",-23251.1,CR,SaaS HoldCo,Software tools
GL0000965,2023-11-12,2023-11-01,5000.0,cost of service,COGS,Marketing,CC300,"Cobb, Contreras and Kennedy",15469.51,DR,SaaS US,Unknown
GL0000966,2023-11-09,2023-11-01,Unknown,cost of service,COGS,Sales,Unknown,Martinez-Garcia,16495.98,DR,SaaS US,Payroll
GL0000967,2023-11-11,2023-11-01,6300.0,g&a,G&A,Engineering,Unknown,"Coleman, Warren and Walker",-8501.93,CR,SaaS US,Reclass
GL0000968,2023-11-04,2023-11-01,9999.0,misc expense,Other,Operations,CC300,"Caldwell, Johnson and Pace",-16986.31,CR,SaaS Canada,Software tools
GL0000969,2023-11-24,2023-11-01,Unknown,cost of service,COGS,Operations,CC300,Christian PLC,3546.52,DR,SaaS US,Refund
GL0000970,2023-11-11,2023-11-01,5000.0,cost of service,COGS,Engineering,Unknown,"Patterson, Robinson and Hoffman",-1542.92,CR,SaaS Canada,Reclass
GL0000971,2023-11-20,2023-11-01,5000.0,cost of service,COGS,Finance,CC100,"Carlson, Parker and Wheeler",23881.27,DR,SaaS HoldCo,Reclass
GL0000972,2023-11-12,2023-11-01,1010.0,cash,Cash,Engineering,CC400,Bailey-Archer,-4580.46,CR,SaaS US,Unknown
GL0000973,2023-11-03,2023-11-01,6100.0,sales & marketing,Sales & Marketing,Unknown,Unknown,Leonard Ltd,14477.18,DR,SaaS US,Payroll
GL0000974,2023-11-14,2023-11-01,6200.0,research and development,R&D,Marketing,CC100,"Nguyen, Davis and Lewis",11656.93,DR,SaaS US,Google Ads
GL0000975,2023-11-11,2023-11-01,6300.0,general and administrative,G&A,Unknown,CC200,"Rivera, Woods and Miller",4777.01,DR,SaaS Canada,Payroll
GL0000976,2023-11-05,2023-11-01,6300.0,g&a,G&A,Finance,Unknown,Saunders Group,3055.47,DR,SaaS HoldCo,Contractor costs
GL0000977,2023-11-16,2023-11-01,1010.0,cash,Cash,Unknown,Unknown,Thompson-Schaefer,17544.18,DR,SaaS HoldCo,Refund
GL0000978,2023-11-01,2023-11-01,5000.0,cost of service,COGS,Finance,Unknown,Reeves PLC,-23466.08,CR,SaaS US,Reclass
GL0000979,2023-11-26,2023-11-01,5000.0,cost of service,COGS,Operations,CC100,Howell-Fisher,3246.35,DR,SaaS US,Google Ads
GL0000980,2023-11-19,2023-11-01,9999.0,misc expense,Other,Engineering,CC200,Lawrence-Brooks,-9271.32,CR,SaaS HoldCo,Software tools
GL0000981,2023-11-27,2023-11-01,6300.0,g&a,G&A,Operations,Unknown,Johnson and Sons,-9427.31,CR,SaaS US,Payroll
GL0000982,2023-11-22,2023-11-01,6100.0,sales and marketing,Sales & Marketing,Unknown,Unknown,"Hensley, York and Thompson",21107.57,DR,SaaS HoldCo,Contractor costs
GL0000983,2023-11-14,2023-11-01,6300.0,g&a,G&A,Marketing,CC100,"Chapman, Hill and Howard",5998.43,DR,SaaS US,AWS hosting
GL0000984,2023-11-03,2023-11-01,6300.0,g&a,G&A,Unknown,CC100,Craig-Freeman,13914.33,DR,SaaS US,Contractor costs
GL0000985,2023-11-04,2023-11-01,6100.0,sales & marketing,Sales & Marketing,Unknown,CC400,Glenn-Lewis,2774.33,DR,SaaS HoldCo,AWS hosting
GL0000986,2023-11-02,2023-11-01,9999.0,misc expense,Other,Finance,CC200,Campbell LLC,10715.97,DR,SaaS HoldCo,Software tools
GL0000987,2023-11-04,2023-11-01,9999.0,misc expense,Other,Sales,CC400,Smith Ltd,13216.11,DR,SaaS US,Software tools
GL0000988,2023-11-13,2023-11-01,9999.0,misc expense,Other,Unknown,CC100,"Williams, Vazquez and Hurst",22589.08,DR,SaaS HoldCo,Unknown
GL0000989,2023-11-03,2023-11-01,6200.0,research and development,R&D,Engineering,Unknown,Patel Ltd,19164.8,,SaaS HoldCo,Refund
GL0000990,2023-11-07,2023-11-01,6200.0,r&d,R&D,Unknown,CC400,"Boyd, Flynn and Smith",13391.58,DR,SaaS Canada,Contractor costs
GL0000991,2023-12-22,2023-12-01,6100.0,sales & marketing,Sales & Marketing,Unknown,CC200,Nelson-Estes,8008.19,CR,SaaS Canada,Software tools
GL0000992,2023-12-22,2023-12-01,6200.0,r&d,R&D,Finance,Unknown,Smith-Patel,-23825.57,CR,SaaS HoldCo,Reclass
GL0000993,2023-12-13,2023-12-01,6200.0,r&d,R&D,Unknown,CC300,"Turner, Clark and Wagner",8710.05,DR,SaaS US,AWS hosting
GL0000994,2023-12-19,2023-12-01,6200.0,r&d,R&D,Sales,CC100,Tucker Group,10679.44,DR,SaaS Canada,Software tools
GL0000995,2023-12-09,2023-12-01,6200.0,research and development,R&D,Finance,CC200,Blackburn PLC,9542.57,DR,SaaS US,Reclass
GL0000996,2023-12-12,2023-12-01,6100.0,sales and marketing,Sales & Marketing,Unknown,Unknown,Macdonald and Sons,3896.16,,SaaS Canada,Software tools
GL0000997,2023-12-07,2023-12-01,6100.0,sales & marketing,Sales & Marketing,Finance,CC100,Haynes-Fuller,24615.46,DR,SaaS Canada,Reclass
GL0000998,2023-12-25,2023-12-01,6200.0,r&d,R&D,Finance,CC300,Eaton Group,5057.72,DR,SaaS Canada,Reclass
GL0000999,2023-12-27,2023-12-01,6100.0,s&m,Sales & Marketing,Finance,Unknown,Hicks-Booker,7348.42,DR,SaaS HoldCo,Refund
GL0001000,2023-12-06,2023-12-01,Unknown,general and administrative,G&A,Marketing,Unknown,Stone Ltd,-17156.93,CR,SaaS HoldCo,AWS hosting
GL0001001,2023-12-06,2023-12-01,6100.0,sales & marketing,Sales & Marketing,Unknown,Unknown,Campos-Baker,16542.28,DR,SaaS US,Refund
GL0001002,2023-12-21,2023-12-01,5000.0,cost of service,COGS,Marketing,CC400,"Woods, White and Stephens",17552.53,DR,SaaS HoldCo,Refund
GL0001003,2023-12-16,2023-12-01,9999.0,misc expense,Other,Sales,CC300,"Williams, Simpson and Hull",20598.94,DR,SaaS Canada,Google Ads
GL0001004,2023-12-27,2023-12-01,6300.0,general and administrative,G&A,Unknown,Unknown,"Rocha, Moore and Fitzpatrick",-24768.99,CR,SaaS Canada,AWS hosting
GL0001005,2023-12-06,2023-12-01,5000.0,cost of service,COGS,Operations,CC400,Hill Inc,-1914.23,CR,SaaS HoldCo,Reclass
GL0001006,2023-12-01,2023-12-01,5000.0,cost of service,COGS,Engineering,Unknown,"Camacho, Ortega and Bautista",13783.19,DR,SaaS Canada,Reclass
GL0001007,2023-12-18,2023-12-01,6100.0,sales & marketing,Sales & Marketing,Finance,CC400,"Prince, James and Gibson",13370.14,DR,SaaS HoldCo,Payroll
GL0001008,2023-12-06,2023-12-01,6100.0,sales & marketing,Sales & Marketing,Sales,Unknown,Brown PLC,-3149.83,CR,SaaS US,Software tools
GL0001009,2023-12-04,2023-12-01,6100.0,s&m,Sales & Marketing,Operations,CC400,Johnson Group,-4003.1,CR,SaaS US,Refund
GL0001010,2023-12-21,2023-12-01,Unknown,research and development,R&D,Unknown,CC300,Shaffer LLC,21911.13,DR,SaaS US,Unknown
GL0001011,2023-12-12,2023-12-01,6100.0,sales & marketing,Sales & Marketing,Engineering,Unknown,"Garrison, Wheeler and Flores",1609.82,DR,SaaS Canada,Reclass
GL0001012,2023-12-14,2023-12-01,6300.0,g&a,G&A,Unknown,CC400,"Snyder, Lewis and West",4216.44,DR,SaaS Canada,Google Ads
GL0001013,2023-12-17,2023-12-01,9999.0,misc expense,Other,Sales,Unknown,Jones-Wood,13181.06,DR,SaaS US,Payroll
GL0001014,2023-12-04,2023-12-01,Unknown,s&m,Sales & Marketing,Finance,CC200,"Aguirre, Hardin and Fernandez",-23612.82,CR,SaaS HoldCo,Reclass
GL0001015,2023-12-05,2023-12-01,6100.0,sales & marketing,Sales & Marketing,Engineering,CC200,Hunter-Sanders,2163.94,DR,SaaS US,Refund
GL0001016,2023-12-03,2023-12-01,9999.0,misc expense,Other,Unknown,Unknown,"Ruiz, Watson and Rollins",4788.3,DR,SaaS Canada,Reclass
GL0001017,2023-12-14,2023-12-01,6300.0,general and administrative,G&A,Sales,CC200,Espinoza Inc,-15228.72,CR,SaaS US,Payroll
GL0001018,2023-12-01,2023-12-01,5000.0,cost of service,COGS,Sales,Unknown,Smith-Smith,16835.44,DR,SaaS US,Contractor costs
GL0001019,2023-12-14,2023-12-01,6100.0,sales & marketing,Sales & Marketing,Marketing,Unknown,Wyatt-Conway,24293.89,DR,SaaS US,Google Ads
GL0001020,2023-12-08,2023-12-01,6300.0,g&a,G&A,Marketing,Unknown,Rodriguez Inc,1746.88,,SaaS HoldCo,AWS hosting
GL0001021,2023-12-06,2023-12-01,6200.0,r&d,R&D,Finance,Unknown,Steele-Scott,4385.89,DR,SaaS HoldCo,Payroll
GL0001022,2023-12-16,2023-12-01,5000.0,cost of service,COGS,Marketing,CC100,Moss-Arnold,1818.35,DR,SaaS US,Contractor costs
GL0001023,2023-12-20,2023-12-01,6100.0,sales & marketing,Sales & Marketing,Operations,CC300,Thomas Inc,-10009.0,CR,SaaS HoldCo,Contractor costs
GL0001024,2023-12-18,2023-12-01,6300.0,general and administrative,G&A,Marketing,Unknown,Stone-Bridges,-9092.07,CR,SaaS US,Refund
GL0001025,2023-12-25,2023-12-01,6100.0,sales and marketing,Sales & Marketing,Finance,Unknown,"Rodriguez, Chen and Long",-16041.52,CR,SaaS US,Reclass
GL0001026,2023-12-11,2023-12-01,6300.0,g&a,G&A,Operations,Unknown,Farmer-Medina,20637.71,DR,SaaS HoldCo,Reclass
GL0001027,2023-12-25,2023-12-01,6100.0,sales and marketing,Sales & Marketing,Unknown,CC100,"Thomas, Baker and Hart",19655.62,DR,SaaS US,AWS hosting
GL0001028,2023-12-24,2023-12-01,1010.0,cash,Cash,Unknown,CC100,Edwards-Blankenship,-1023.16,,SaaS US,AWS hosting
GL0001029,2023-12-08,2023-12-01,6200.0,research and development,R&D,Unknown,CC400,"Anderson, Smith and Williams",14389.03,DR,SaaS US,Unknown
GL0001030,2023-12-25,2023-12-01,6300.0,general and administrative,G&A,Finance,Unknown,Morris LLC,-3034.47,,SaaS US,AWS hosting
GL0001031,2023-12-16,2023-12-01,6100.0,s&m,Sales & Marketing,Unknown,CC200,"Thomas, Hernandez and Fletcher",4188.68,DR,SaaS HoldCo,Contractor costs
GL0001032,2023-12-05,2023-12-01,5000.0,cost of service,COGS,Sales,CC100,Nelson-Ellis,2466.57,DR,SaaS US,Contractor costs
GL0001033,2023-12-13,2023-12-01,6300.0,general and administrative,G&A,Operations,Unknown,"Brown, Bradshaw and Perry",-1534.78,CR,SaaS US,AWS hosting
GL0001034,2023-12-02,2023-12-01,9999.0,misc expense,Other,Finance,Unknown,Torres-Garner,-19135.86,CR,SaaS US,Payroll
GL0001035,2023-12-09,2023-12-01,1010.0,cash,Cash,Engineering,Unknown,Lam PLC,-16032.79,,SaaS HoldCo,Unknown
GL0001036,2023-12-20,2023-12-01,6100.0,sales & marketing,Sales & Marketing,Finance,Unknown,Jensen and Sons,1320.11,,SaaS US,Refund
GL0001037,2023-12-10,2023-12-01,5000.0,cost of service,COGS,Marketing,Unknown,Roberts-Evans,13341.93,DR,SaaS US,Reclass
GL0001038,2023-12-03,2023-12-01,9999.0,misc expense,Other,Unknown,Unknown,Carter Inc,23761.23,DR,SaaS Canada,Software tools
GL0001039,2023-12-18,2023-12-01,6100.0,sales & marketing,Sales & Marketing,Sales,CC100,Sanchez and Sons,4944.17,DR,SaaS US,Contractor costs
GL0001040,2023-12-25,2023-12-01,6300.0,g&a,G&A,Operations,CC400,"Ochoa, Hutchinson and Sullivan",18180.99,DR,SaaS HoldCo,Google Ads
GL0001041,2023-12-09,2023-12-01,6100.0,sales & marketing,Sales & Marketing,Marketing,CC400,Miller Inc,17106.26,DR,SaaS US,Contractor costs
GL0001042,2023-12-18,2023-12-01,6300.0,g&a,G&A,Marketing,CC200,Hamilton-Garcia,15938.84,DR,SaaS US,Payroll
GL0001043,2023-12-16,2023-12-01,5000.0,cost of service,COGS,Marketing,Unknown,"Rosales, Wilson and Lee",3973.79,DR,SaaS US,AWS hosting
GL0001044,2023-12-02,2023-12-01,6100.0,sales & marketing,Sales & Marketing,Engineering,CC400,Unknown,21157.69,DR,SaaS Canada,Contractor costs
GL0001045,2023-12-11,2023-12-01,9999.0,misc expense,Other,Finance,CC300,Phillips-Mercado,19528.5,DR,SaaS US,AWS hosting
GL0001046,2023-12-13,2023-12-01,6100.0,sales & marketing,Sales & Marketing,Unknown,Unknown,Aguilar Ltd,14529.12,DR,SaaS HoldCo,Google Ads
GL0001047,2023-12-27,2023-12-01,Unknown,g&a,G&A,Unknown,CC200,Becker-Campbell,1996.85,DR,SaaS US,Contractor costs
GL0001048,2023-12-15,2023-12-01,6100.0,sales & marketing,Sales & Marketing,Engineering,CC400,Lopez-Hill,23402.6,DR,SaaS Canada,Reclass
GL0001049,2023-12-08,2023-12-01,6300.0,general and administrative,G&A,Sales,Unknown,Zuniga-Mcbride,-7070.06,DR,SaaS HoldCo,AWS hosting
GL0001050,2023-12-07,2023-12-01,6300.0,g&a,G&A,Marketing,CC200,Freeman Group,8491.33,DR,SaaS HoldCo,Google Ads
GL0001051,2023-12-07,2023-12-01,5000.0,cost of service,COGS,Sales,CC300,Walker-Skinner,8322.69,DR,SaaS US,Contractor costs
GL0001052,2023-12-04,2023-12-01,9999.0,misc expense,Other,Unknown,CC300,"Proctor, Cobb and Weber",6392.67,DR,SaaS US,AWS hosting
GL0001053,2023-12-13,2023-12-01,1010.0,cash,Cash,Finance,Unknown,"Keith, Williams and Woods",3216.55,DR,SaaS US,Payroll
GL0001054,2023-12-11,2023-12-01,1010.0,cash,Cash,Finance,Unknown,"Scott, Jackson and Kennedy",-16412.47,CR,SaaS Canada,Refund
GL0001055,2023-12-01,2023-12-01,6300.0,general and administrative,G&A,Unknown,CC200,Unknown,-16210.92,CR,SaaS US,Google Ads
GL0001056,2023-12-19,2023-12-01,5000.0,cost of service,COGS,Marketing,CC100,Villanueva Group,1236.66,DR,SaaS US,Google Ads
GL0001057,2023-12-09,2023-12-01,5000.0,cost of service,COGS,Engineering,Unknown,"Reynolds, Scott and Taylor",8492.53,DR,SaaS US,AWS hosting
GL0001058,2023-12-14,2023-12-01,6300.0,general and administrative,G&A,Sales,CC400,Hester and Sons,11409.48,DR,SaaS HoldCo,Google Ads
GL0001059,2023-12-07,2023-12-01,6100.0,sales & marketing,Sales & Marketing,Marketing,CC200,Miller-Carter,3993.37,,SaaS US,Payroll
GL0001060,2023-12-04,2023-12-01,6300.0,general and administrative,G&A,Unknown,Unknown,Rosales-Combs,19402.6,DR,SaaS US,Software tools
GL0001061,2023-12-07,2023-12-01,6200.0,r&d,R&D,Unknown,CC400,Buckley-Rogers,20580.14,DR,SaaS Canada,Contractor costs
GL0001062,2023-12-18,2023-12-01,6200.0,research and development,R&D,Unknown,CC300,Henson Inc,-1325.49,CR,SaaS US,Software tools
GL0001063,2023-12-16,2023-12-01,6100.0,s&m,Sales & Marketing,Unknown,CC200,"Ortiz, Harrison and Brooks",-22655.09,CR,SaaS US,Refund
GL0001064,2023-12-16,2023-12-01,6100.0,s&m,Sales & Marketing,Marketing,CC200,Meadows-Gomez,6084.8,DR,SaaS Canada,Google Ads
GL0001065,2023-12-10,2023-12-01,6300.0,general and administrative,G&A,Marketing,Unknown,Ward and Sons,8946.26,DR,SaaS Canada,AWS hosting
GL0001066,2023-12-11,2023-12-01,1010.0,cash,Cash,Engineering,CC200,Quinn-Horton,-8066.97,CR,SaaS Canada,AWS hosting
GL0001067,2023-12-07,2023-12-01,5000.0,cost of service,COGS,Unknown,CC400,"Morgan, Moore and Martinez",-18885.28,CR,SaaS HoldCo,Contractor costs
GL0001068,2023-12-05,2023-12-01,5000.0,cost of service,COGS,Operations,CC100,Weaver-Palmer,1313.77,DR,SaaS HoldCo,Contractor costs
GL0001069,2023-12-23,2023-12-01,6100.0,sales & marketing,Sales & Marketing,Unknown,Unknown,Gillespie Inc,-1536.79,CR,SaaS HoldCo,Google Ads
GL0001070,2023-12-23,2023-12-01,6100.0,sales & marketing,Sales & Marketing,Unknown,Unknown,Davis PLC,17529.45,,SaaS US,AWS hosting
GL0001071,2023-12-09,2023-12-01,5000.0,cost of service,COGS,Sales,CC100,"Perry, Barnett and Murphy",20267.19,DR,SaaS HoldCo,Reclass
GL0001072,2023-12-20,2023-12-01,5000.0,cost of service,COGS,Unknown,Unknown,Clements LLC,2730.7,DR,SaaS US,Refund
GL0001073,2023-12-19,2023-12-01,6100.0,sales & marketing,Sales & Marketing,Engineering,CC300,"Pittman, Mccall and Bradford",-22121.5,CR,SaaS Canada,Unknown
GL0001074,2023-12-01,2023-12-01,1010.0,cash,Cash,Unknown,CC300,Carter-Clayton,12411.61,DR,SaaS HoldCo,Payroll
GL0001075,2023-12-22,2023-12-01,6300.0,g&a,G&A,Finance,Unknown,"Bennett, Graves and Mccullough",-10457.09,CR,SaaS US,AWS hosting
GL0001076,2023-12-23,2023-12-01,6100.0,sales and marketing,Sales & Marketing,Unknown,CC100,Parsons-Marquez,16902.41,DR,SaaS Canada,Software tools
GL0001077,2023-12-18,2023-12-01,6300.0,g&a,G&A,Finance,CC100,Cooper Inc,1437.14,DR,SaaS US,Unknown
GL0001078,2023-12-24,2023-12-01,5000.0,cost of service,COGS,Sales,CC100,Fisher and Sons,9820.62,,SaaS Canada,Reclass
GL0001079,2023-12-21,2023-12-01,5000.0,cost of service,COGS,Engineering,Unknown,Williams-Anderson,-22470.89,CR,SaaS Canada,Google Ads
GL0001080,2023-12-19,2023-12-01,5000.0,cost of service,COGS,Marketing,Unknown,"Wilson, Sullivan and Williams",23845.21,DR,SaaS HoldCo,Reclass
GL0001081,2024-01-24,2024-01-01,6300.0,general and administrative,G&A,Unknown,CC400,Cannon-Arnold,-4123.93,DR,SaaS US,Google Ads
GL0001082,2024-01-20,2024-01-01,6200.0,research and development,R&D,Marketing,Unknown,"Charles, Hill and Baker",19286.51,DR,SaaS US,Google Ads
GL0001083,2024-01-17,2024-01-01,6200.0,r&d,R&D,Marketing,CC300,Chang Group,-3957.91,CR,SaaS US,Payroll
GL0001084,2024-01-05,2024-01-01,1010.0,cash,Cash,Finance,CC200,Cross PLC,21415.04,DR,SaaS US,Software tools
GL0001085,2024-01-15,2024-01-01,6100.0,s&m,Sales & Marketing,Finance,CC200,Graham-Gardner,-21802.79,CR,SaaS US,AWS hosting
GL0001086,2024-01-16,2024-01-01,6300.0,general and administrative,G&A,Marketing,CC100,"Gallagher, Miller and Johnson",21577.69,DR,SaaS HoldCo,Software tools
GL0001087,2024-01-05,2024-01-01,6100.0,s&m,Sales & Marketing,Engineering,CC400,Nguyen-Collins,19482.06,,SaaS US,Payroll
GL0001088,2024-01-22,2024-01-01,6100.0,sales & marketing,Sales & Marketing,Unknown,CC100,Fowler-Rodriguez,23711.71,DR,SaaS US,Refund
GL0001089,2024-01-19,2024-01-01,5000.0,cost of service,COGS,Operations,CC400,Donaldson and Sons,-1461.05,CR,SaaS HoldCo,Software tools
GL0001090,2024-01-25,2024-01-01,6300.0,general and administrative,G&A,Finance,CC300,Unknown,-3174.99,CR,SaaS US,Payroll
GL0001091,2024-01-12,2024-01-01,6100.0,s&m,Sales & Marketing,Marketing,Unknown,Goodman-Rogers,19999.74,DR,SaaS US,Software tools
GL0001092,2024-01-06,2024-01-01,5000.0,cost of service,COGS,Marketing,CC200,Rodriguez Ltd,-7804.24,CR,SaaS Canada,AWS hosting
GL0001093,2024-01-02,2024-01-01,6100.0,s&m,Sales & Marketing,Sales,Unknown,Kelley-Hensley,2177.2,DR,SaaS HoldCo,Payroll
GL0001094,2024-01-23,2024-01-01,6100.0,s&m,Sales & Marketing,Marketing,CC400,Brown-Lawson,21675.48,DR,SaaS US,Unknown
GL0001095,2024-01-05,2024-01-01,9999.0,misc expense,Other,Sales,CC100,Wilson LLC,-5656.04,CR,SaaS HoldCo,Reclass
GL0001096,2024-01-06,2024-01-01,1010.0,cash,Cash,Engineering,Unknown,"Tanner, Woods and Collins",-22901.39,CR,SaaS HoldCo,Payroll
GL0001097,2024-01-06,2024-01-01,6300.0,g&a,G&A,Unknown,CC100,Myers Inc,-4799.43,CR,SaaS HoldCo,Contractor costs
GL0001098,2024-01-05,2024-01-01,6200.0,research and development,R&D,Marketing,Unknown,Rodriguez-Porter,10391.54,DR,SaaS US,Unknown
GL0001099,2024-01-08,2024-01-01,Unknown,cost of service,COGS,Sales,CC400,Mcdaniel Ltd,-9982.32,CR,SaaS US,Contractor costs
GL0001100,2024-01-16,2024-01-01,6300.0,g&a,G&A,Unknown,Unknown,Ferguson-Acosta,19398.82,DR,SaaS HoldCo,Google Ads
GL0001101,2024-01-01,2024-01-01,5000.0,cost of service,COGS,Finance,Unknown,"Fuller, Cross and Hill",-6220.1,CR,SaaS US,Reclass
GL0001102,2024-01-25,2024-01-01,6300.0,general and administrative,G&A,Marketing,CC100,Rogers-Guerra,20985.19,DR,SaaS US,Contractor costs
GL0001103,2024-01-21,2024-01-01,6300.0,g&a,G&A,Marketing,Unknown,Ward-Wyatt,5265.1,,SaaS US,Payroll
GL0001104,2024-01-11,2024-01-01,5000.0,cost of service,COGS,Finance,CC100,Dyer-Webb,1441.64,DR,SaaS US,Contractor costs
GL0001105,2024-01-18,2024-01-01,6300.0,general and administrative,G&A,Unknown,CC100,Avila Ltd,12611.01,DR,SaaS Canada,Contractor costs
GL0001106,2024-01-09,2024-01-01,Unknown,general and administrative,G&A,Unknown,Unknown,Blanchard-Watson,-7866.9,CR,SaaS HoldCo,AWS hosting
GL0001107,2024-01-04,2024-01-01,6200.0,r&d,R&D,Unknown,Unknown,Rose Ltd,24631.97,DR,SaaS HoldCo,Google Ads
GL0001108,2024-01-07,2024-01-01,6100.0,sales & marketing,Sales & Marketing,Finance,CC100,Matthews Inc,15864.86,DR,SaaS Canada,Reclass
GL0001109,2024-01-20,2024-01-01,Unknown,s&m,Sales & Marketing,Marketing,Unknown,"Chapman, Martinez and Davis",-10498.5,CR,SaaS US,Software tools
GL0001110,2024-01-25,2024-01-01,5000.0,cost of service,COGS,Unknown,CC100,Pollard-Gonzales,-2159.97,CR,SaaS Canada,Reclass
GL0001111,2024-01-10,2024-01-01,6100.0,s&m,Sales & Marketing,Sales,Unknown,Park-Browning,2518.1,DR,SaaS US,Unknown
GL0001112,2024-01-26,2024-01-01,5000.0,cost of service,COGS,Sales,Unknown,Perez Group,24940.06,DR,SaaS HoldCo,Software tools
GL0001113,2024-01-18,2024-01-01,6200.0,research and development,R&D,Sales,Unknown,"Hess, Franklin and Jimenez",-1290.77,CR,SaaS US,Contractor costs
GL0001114,2024-01-01,2024-01-01,1010.0,cash,Cash,Unknown,CC300,"Haynes, Mullins and Hernandez",24917.3,,SaaS US,Refund
GL0001115,2024-01-19,2024-01-01,5000.0,cost of service,COGS,Operations,Unknown,"Estrada, Sims and Anderson",3918.69,DR,SaaS Canada,Unknown
GL0001116,2024-01-02,2024-01-01,6100.0,s&m,Sales & Marketing,Sales,Unknown,Unknown,-10936.67,CR,SaaS US,Google Ads
GL0001117,2024-01-07,2024-01-01,6200.0,r&d,R&D,Operations,Unknown,Paul LLC,20523.1,DR,SaaS US,Software tools
GL0001118,2024-01-10,2024-01-01,5000.0,cost of service,COGS,Unknown,CC300,Roy-Allen,-15280.23,,SaaS HoldCo,Software tools
GL0001119,2024-01-22,2024-01-01,5000.0,cost of service,COGS,Unknown,Unknown,Novak LLC,-10990.28,CR,SaaS US,Software tools
GL0001120,2024-01-06,2024-01-01,5000.0,cost of service,COGS,Finance,CC400,Allen-Cook,10750.5,DR,SaaS US,Unknown
GL0001121,2024-01-21,2024-01-01,6100.0,s&m,Sales & Marketing,Unknown,Unknown,"Tyler, Cooley and Perez",21506.09,DR,SaaS US,Unknown
GL0001122,2024-01-20,2024-01-01,6300.0,general and administrative,G&A,Unknown,Unknown,Hudson Ltd,-18820.89,CR,SaaS US,Software tools
GL0001123,2024-01-14,2024-01-01,5000.0,cost of service,COGS,Operations,CC400,"Jordan, Griffin and Bailey",-13375.4,CR,SaaS HoldCo,Software tools
GL0001124,2024-01-21,2024-01-01,6100.0,sales and marketing,Sales & Marketing,Engineering,Unknown,Mcmillan Inc,-15331.2,CR,SaaS HoldCo,AWS hosting
GL0001125,2024-01-27,2024-01-01,6200.0,r&d,R&D,Engineering,CC100,"Taylor, Smith and Lopez",-4571.25,CR,SaaS HoldCo,AWS hosting
GL0001126,2024-01-21,2024-01-01,9999.0,misc expense,Other,Unknown,CC100,Moody and Sons,11226.67,DR,SaaS US,Contractor costs
GL0001127,2024-01-09,2024-01-01,6100.0,s&m,Sales & Marketing,Finance,Unknown,Johnson-Green,2744.61,DR,SaaS US,Reclass
GL0001128,2024-01-25,2024-01-01,9999.0,misc expense,Other,Finance,CC100,"Whitehead, Wright and Shepherd",-17692.25,CR,SaaS US,Contractor costs
GL0001129,2024-01-18,2024-01-01,6100.0,sales and marketing,Sales & Marketing,Finance,Unknown,Curry LLC,-2314.23,CR,SaaS US,Contractor costs
GL0001130,2024-01-02,2024-01-01,6200.0,r&d,R&D,Engineering,CC100,"Chen, Lane and Harrell",23675.61,DR,SaaS HoldCo,Reclass
GL0001131,2024-01-09,2024-01-01,6100.0,sales and marketing,Sales & Marketing,Operations,Unknown,Russell and Sons,22920.55,DR,SaaS US,Refund
GL0001132,2024-01-04,2024-01-01,5000.0,cost of service,COGS,Unknown,CC200,Macias-Trevino,19517.68,DR,SaaS US,AWS hosting
GL0001133,2024-01-06,2024-01-01,6300.0,general and administrative,G&A,Marketing,CC200,"Bell, Brady and Martinez",2455.41,DR,SaaS Canada,Unknown
GL0001134,2024-01-23,2024-01-01,6100.0,s&m,Sales & Marketing,Unknown,Unknown,Thompson LLC,24651.56,DR,SaaS US,Refund
GL0001135,2024-01-27,2024-01-01,6100.0,sales & marketing,Sales & Marketing,Marketing,CC300,Gibson PLC,16096.73,DR,SaaS HoldCo,Payroll
GL0001136,2024-01-07,2024-01-01,6300.0,g&a,G&A,Unknown,CC400,Bailey Ltd,-6905.89,,SaaS HoldCo,Software tools
GL0001137,2024-01-17,2024-01-01,9999.0,misc expense,Other,Marketing,CC300,"Anderson, Jones and Diaz",22962.4,DR,SaaS US,Software tools
GL0001138,2024-01-21,2024-01-01,6100.0,sales and marketing,Sales & Marketing,Unknown,CC300,Hayes Group,21124.89,DR,SaaS HoldCo,Payroll
GL0001139,2024-01-19,2024-01-01,6100.0,s&m,Sales & Marketing,Finance,Unknown,"Sherman, Hines and Moore",19789.63,DR,SaaS US,Reclass
GL0001140,2024-01-21,2024-01-01,6300.0,g&a,G&A,Marketing,CC100,Moreno Group,1759.06,DR,SaaS HoldCo,Unknown
GL0001141,2024-01-07,2024-01-01,6300.0,g&a,G&A,Unknown,CC100,Bush Inc,-11056.75,CR,SaaS US,AWS hosting
GL0001142,2024-01-05,2024-01-01,5000.0,cost of service,COGS,Sales,Unknown,Martin LLC,24239.66,DR,SaaS Canada,Reclass
GL0001143,2024-01-19,2024-01-01,5000.0,cost of service,COGS,Marketing,Unknown,Estrada Group,10369.68,DR,SaaS US,Payroll
GL0001144,2024-01-26,2024-01-01,6300.0,general and administrative,G&A,Sales,CC300,"Johnson, Smith and Reeves",-9849.87,CR,SaaS US,Reclass
GL0001145,2024-01-01,2024-01-01,6200.0,research and development,R&D,Unknown,Unknown,Herring-Hall,6042.82,DR,SaaS US,Reclass
GL0001146,2024-01-23,2024-01-01,6300.0,general and administrative,G&A,Finance,CC300,Sawyer-Lin,-17468.6,CR,SaaS US,AWS hosting
GL0001147,2024-01-03,2024-01-01,6200.0,r&d,R&D,Unknown,CC300,Choi-Thornton,-23565.26,CR,SaaS Canada,Software tools
GL0001148,2024-01-25,2024-01-01,6200.0,r&d,R&D,Sales,CC300,Rodriguez Group,-15806.54,CR,SaaS US,AWS hosting
GL0001149,2024-01-06,2024-01-01,6100.0,s&m,Sales & Marketing,Unknown,CC200,"Santiago, Barber and Anderson",-23118.0,,SaaS HoldCo,Google Ads
GL0001150,2024-01-11,2024-01-01,1010.0,cash,Cash,Engineering,Unknown,Wilcox and Sons,8513.63,DR,SaaS US,Google Ads
GL0001151,2024-01-05,2024-01-01,6300.0,general and administrative,G&A,Finance,CC200,"Martin, Jackson and Pierce",-15643.67,CR,SaaS Canada,AWS hosting
GL0001152,2024-01-14,2024-01-01,5000.0,cost of service,COGS,Sales,Unknown,Alvarez Ltd,8617.73,,SaaS Canada,Google Ads
GL0001153,2024-01-23,2024-01-01,6300.0,g&a,G&A,Unknown,CC100,Kim Group,6581.64,,SaaS Canada,Google Ads
GL0001154,2024-01-23,2024-01-01,Unknown,cost of service,COGS,Unknown,CC300,Collins LLC,8384.61,DR,SaaS US,Payroll
GL0001155,2024-01-06,2024-01-01,9999.0,misc expense,Other,Marketing,CC400,Gray-Parker,-20923.44,,SaaS HoldCo,Reclass
GL0001156,2024-01-21,2024-01-01,6100.0,s&m,Sales & Marketing,Unknown,CC200,Pittman-Wallace,-10849.08,CR,SaaS Canada,Payroll
GL0001157,2024-01-10,2024-01-01,6200.0,r&d,R&D,Operations,CC200,"Cox, Gomez and Walker",5155.57,DR,SaaS US,Reclass
GL0001158,2024-01-10,2024-01-01,6100.0,s&m,Sales & Marketing,Engineering,CC200,Jones LLC,-13509.56,DR,SaaS Canada,Unknown
GL0001159,2024-01-26,2024-01-01,6100.0,s&m,Sales & Marketing,Sales,CC100,"Richardson, Jacobson and Bryant",23319.59,DR,SaaS HoldCo,AWS hosting
GL0001160,2024-01-18,2024-01-01,6300.0,general and administrative,G&A,Operations,Unknown,"Howard, Ballard and Page",-7031.46,CR,SaaS Canada,Payroll
GL0001161,2024-01-17,2024-01-01,6300.0,g&a,G&A,Unknown,CC100,Terry PLC,16804.15,DR,SaaS US,Contractor costs
GL0001162,2024-01-19,2024-01-01,6300.0,general and administrative,G&A,Operations,Unknown,Bates-Johnson,-21060.23,CR,SaaS US,Contractor costs
GL0001163,2024-01-04,2024-01-01,6100.0,sales & marketing,Sales & Marketing,Sales,CC100,Baker Group,19703.36,DR,SaaS Canada,Google Ads
GL0001164,2024-01-25,2024-01-01,1010.0,cash,Cash,Engineering,Unknown,Pearson-Mccarthy,14861.86,DR,SaaS Canada,Software tools
GL0001165,2024-01-14,2024-01-01,5000.0,cost of service,COGS,Operations,Unknown,Jones-Barnes,3817.7,DR,SaaS US,AWS hosting
GL0001166,2024-01-10,2024-01-01,5000.0,cost of service,COGS,Sales,CC200,Dyer-Dudley,20119.09,DR,SaaS Canada,Contractor costs
GL0001167,2024-01-17,2024-01-01,6100.0,sales & marketing,Sales & Marketing,Sales,Unknown,"Moore, Tapia and Wilkins",-12617.32,CR,SaaS HoldCo,Contractor costs
GL0001168,2024-01-23,2024-01-01,6300.0,general and administrative,G&A,Unknown,Unknown,"Leach, Rowe and Green",-3209.33,CR,SaaS US,Software tools
GL0001169,2024-01-09,2024-01-01,6200.0,research and development,R&D,Sales,CC400,Holden LLC,-3353.66,CR,SaaS Canada,Contractor costs
GL0001170,2024-01-13,2024-01-01,9999.0,misc expense,Other,Unknown,CC100,Young LLC,-22204.48,CR,SaaS US,Software tools
GL0001171,2024-02-01,2024-02-01,6300.0,general and administrative,G&A,Operations,CC300,Shaffer-Griffin,20303.73,DR,SaaS US,Payroll
GL0001172,2024-02-19,2024-02-01,1010.0,cash,Cash,Sales,CC300,"James, Porter and Mcclain",-21825.79,DR,SaaS US,Google Ads
GL0001173,2024-02-24,2024-02-01,6100.0,sales and marketing,Sales & Marketing,Unknown,CC300,Vargas Inc,18060.56,DR,SaaS US,Software tools
GL0001174,2024-02-16,2024-02-01,9999.0,misc expense,Other,Operations,CC100,Blevins-Avila,6726.98,DR,SaaS US,Contractor costs
GL0001175,2024-02-21,2024-02-01,6100.0,s&m,Sales & Marketing,Operations,CC300,White LLC,15935.72,DR,SaaS Canada,Reclass
GL0001176,2024-02-06,2024-02-01,5000.0,cost of service,COGS,Engineering,CC400,Collier-Dunn,-5686.89,CR,SaaS US,Google Ads
GL0001177,2024-02-01,2024-02-01,6200.0,research and development,R&D,Operations,CC200,"Roberts, Mcconnell and Choi",20847.49,DR,SaaS US,AWS hosting
GL0001178,2024-02-14,2024-02-01,9999.0,misc expense,Other,Marketing,CC300,Parrish LLC,-22947.4,CR,SaaS US,Refund
GL0001179,2024-02-21,2024-02-01,6300.0,g&a,G&A,Operations,CC200,"Hunter, Murray and Mooney",23031.09,DR,SaaS HoldCo,Contractor costs
GL0001180,2024-02-21,2024-02-01,5000.0,cost of service,COGS,Unknown,CC200,"Ward, Mclaughlin and Thornton",15846.92,DR,SaaS Canada,Contractor costs
GL0001181,2024-02-24,2024-02-01,9999.0,misc expense,Other,Unknown,CC100,Murphy PLC,5440.55,DR,SaaS Canada,AWS hosting
GL0001182,2024-02-14,2024-02-01,6300.0,g&a,G&A,Operations,CC400,"Reyes, Underwood and Carter",7781.04,DR,SaaS HoldCo,AWS hosting
GL0001183,2024-02-23,2024-02-01,6100.0,s&m,Sales & Marketing,Unknown,CC200,Carter LLC,-1855.18,,SaaS HoldCo,Google Ads
GL0001184,2024-02-16,2024-02-01,5000.0,cost of service,COGS,Unknown,CC300,"Ritter, Sexton and Long",4140.67,DR,SaaS HoldCo,AWS hosting
GL0001185,2024-02-03,2024-02-01,1010.0,cash,Cash,Engineering,CC300,"Pittman, Martin and Williams",4518.74,DR,SaaS US,Refund
GL0001186,2024-02-25,2024-02-01,Unknown,s&m,Sales & Marketing,Sales,Unknown,"Johnson, King and Sanchez",-16604.14,CR,SaaS Canada,Reclass
GL0001187,2024-02-04,2024-02-01,5000.0,cost of service,COGS,Engineering,CC300,"Anderson, Rodriguez and Brown",-11720.03,CR,SaaS HoldCo,Unknown
GL0001188,2024-02-06,2024-02-01,6100.0,s&m,Sales & Marketing,Unknown,CC300,"Ramirez, Gay and Frazier",-14778.93,CR,SaaS Canada,Unknown
GL0001189,2024-02-08,2024-02-01,1010.0,cash,Cash,Sales,CC200,Reed Ltd,1465.97,DR,SaaS US,Refund
GL0001190,2024-02-09,2024-02-01,1010.0,cash,Cash,Unknown,CC100,Cole Ltd,-17862.42,CR,SaaS US,Payroll
GL0001191,2024-02-22,2024-02-01,6100.0,sales and marketing,Sales & Marketing,Unknown,CC400,Hess and Sons,19532.79,DR,SaaS US,Unknown
GL0001192,2024-02-23,2024-02-01,6200.0,r&d,R&D,Finance,CC400,Williams-Ibarra,-4271.78,CR,SaaS US,Payroll
GL0001193,2024-02-13,2024-02-01,6100.0,s&m,Sales & Marketing,Engineering,Unknown,"Perez, Long and Ward",16925.86,DR,SaaS US,AWS hosting
GL0001194,2024-02-19,2024-02-01,6100.0,sales and marketing,Sales & Marketing,Operations,Unknown,Williams-Jimenez,8494.85,DR,SaaS HoldCo,Refund
GL0001195,2024-02-14,2024-02-01,6300.0,general and administrative,G&A,Engineering,CC400,Perez Ltd,-1884.06,CR,SaaS Canada,Contractor costs
GL0001196,2024-02-09,2024-02-01,5000.0,cost of service,COGS,Finance,Unknown,"Phillips, Lynch and Parks",-17765.87,CR,SaaS Canada,Reclass
GL0001197,2024-02-05,2024-02-01,6200.0,r&d,R&D,Sales,CC400,Singleton and Sons,7069.51,DR,SaaS Canada,Google Ads
GL0001198,2024-02-19,2024-02-01,1010.0,cash,Cash,Engineering,Unknown,Brown-Cruz,11760.07,DR,SaaS US,Reclass
GL0001199,2024-02-23,2024-02-01,9999.0,misc expense,Other,Operations,Unknown,Price-Harper,-5670.31,CR,SaaS Canada,Software tools
GL0001200,2024-02-26,2024-02-01,5000.0,cost of service,COGS,Engineering,CC200,"Robbins, Williams and Brown",16694.11,DR,SaaS US,Software tools
GL0001201,2024-02-16,2024-02-01,6300.0,general and administrative,G&A,Unknown,Unknown,Perez-Shaw,-24902.02,,SaaS HoldCo,Contractor costs
GL0001202,2024-02-12,2024-02-01,6300.0,g&a,G&A,Engineering,CC200,Walsh-Vaughan,16716.37,DR,SaaS Canada,AWS hosting
GL0001203,2024-02-20,2024-02-01,6200.0,research and development,R&D,Operations,Unknown,Meyer Ltd,-24061.03,CR,SaaS HoldCo,Google Ads
GL0001204,2024-02-20,2024-02-01,5000.0,cost of service,COGS,Finance,CC300,Gomez-Robinson,14268.16,DR,SaaS US,Unknown
GL0001205,2024-02-03,2024-02-01,6100.0,sales and marketing,Sales & Marketing,Engineering,CC300,Shannon-Love,9997.84,DR,SaaS US,Unknown
GL0001206,2024-02-14,2024-02-01,5000.0,cost of service,COGS,Engineering,Unknown,"Booker, Leon and Grant",3168.87,DR,SaaS US,Refund
GL0001207,2024-02-15,2024-02-01,6100.0,s&m,Sales & Marketing,Sales,CC200,"Calhoun, Mack and Rivera",-12928.07,,SaaS Canada,Payroll
GL0001208,2024-02-08,2024-02-01,1010.0,cash,Cash,Unknown,CC100,Grimes-Copeland,-15635.84,CR,SaaS HoldCo,AWS hosting
GL0001209,2024-02-12,2024-02-01,6300.0,g&a,G&A,Marketing,Unknown,Unknown,1393.75,DR,SaaS HoldCo,Software tools
GL0001210,2024-02-16,2024-02-01,6100.0,sales and marketing,Sales & Marketing,Engineering,Unknown,Conley-Jimenez,21896.67,DR,SaaS Canada,Unknown
GL0001211,2024-02-01,2024-02-01,6100.0,sales and marketing,Sales & Marketing,Engineering,CC200,"Williams, Hicks and Perry",15208.47,DR,SaaS HoldCo,Unknown
GL0001212,2024-02-27,2024-02-01,6200.0,r&d,R&D,Operations,CC200,"Davidson, Bruce and Cannon",20135.9,DR,SaaS HoldCo,Google Ads
GL0001213,2024-02-15,2024-02-01,Unknown,r&d,R&D,Unknown,Unknown,Williams and Sons,-8019.6,CR,SaaS HoldCo,Reclass
GL0001214,2024-02-03,2024-02-01,5000.0,cost of service,COGS,Engineering,CC200,Johnson and Sons,-12332.41,CR,SaaS US,Contractor costs
GL0001215,2024-02-02,2024-02-01,1010.0,cash,Cash,Unknown,CC200,"Johnson, Prince and Peterson",11965.58,,SaaS Canada,Google Ads
GL0001216,2024-02-22,2024-02-01,6100.0,s&m,Sales & Marketing,Engineering,CC300,Mercado Group,9323.25,,SaaS HoldCo,Refund
GL0001217,2024-02-03,2024-02-01,9999.0,misc expense,Other,Unknown,CC100,Richardson and Sons,-9494.23,CR,SaaS Canada,Unknown
GL0001218,2024-02-13,2024-02-01,6300.0,general and administrative,G&A,Engineering,CC200,"Wallace, Spears and Ingram",5729.52,DR,SaaS US,Contractor costs
GL0001219,2024-02-01,2024-02-01,6200.0,r&d,R&D,Engineering,Unknown,"Conway, Sanford and Reyes",2071.91,DR,SaaS US,Reclass
GL0001220,2024-02-04,2024-02-01,9999.0,misc expense,Other,Unknown,CC300,Clay Inc,-15090.67,CR,SaaS US,Refund
GL0001221,2024-02-04,2024-02-01,6200.0,r&d,R&D,Finance,Unknown,"Ramirez, Mercado and Harrison",20109.13,DR,SaaS Canada,Google Ads
GL0001222,2024-02-18,2024-02-01,6100.0,sales & marketing,Sales & Marketing,Marketing,CC100,Burnett Inc,-4511.02,DR,SaaS US,Refund
GL0001223,2024-02-04,2024-02-01,6100.0,sales and marketing,Sales & Marketing,Marketing,Unknown,Hall-Mcgrath,13705.7,DR,SaaS US,Contractor costs
GL0001224,2024-02-02,2024-02-01,6200.0,r&d,R&D,Marketing,Unknown,"Porter, Thompson and Estrada",-21860.8,CR,SaaS HoldCo,AWS hosting
GL0001225,2024-02-23,2024-02-01,6300.0,g&a,G&A,Operations,CC400,"Taylor, Suarez and Watkins",-7104.03,CR,SaaS US,Payroll
GL0001226,2024-02-11,2024-02-01,6300.0,general and administrative,G&A,Marketing,CC100,"Carter, Norman and Rivas",-12099.2,,SaaS Canada,Contractor costs
GL0001227,2024-02-20,2024-02-01,9999.0,misc expense,Other,Unknown,Unknown,Schwartz and Sons,13166.52,DR,SaaS US,Refund
GL0001228,2024-02-27,2024-02-01,1010.0,cash,Cash,Operations,CC200,Wilson LLC,-22668.76,CR,SaaS Canada,Refund
GL0001229,2024-02-16,2024-02-01,6100.0,sales & marketing,Sales & Marketing,Operations,CC100,Davis-Williams,9480.68,DR,SaaS Canada,AWS hosting
GL0001230,2024-02-08,2024-02-01,5000.0,cost of service,COGS,Operations,CC400,Wyatt-Baker,10937.49,DR,SaaS US,Google Ads
GL0001231,2024-02-19,2024-02-01,6100.0,sales & marketing,Sales & Marketing,Sales,Unknown,Ortiz PLC,-20319.73,CR,SaaS US,Software tools
GL0001232,2024-02-05,2024-02-01,6100.0,s&m,Sales & Marketing,Operations,Unknown,Miller-Turner,4554.36,DR,SaaS HoldCo,AWS hosting
GL0001233,2024-02-24,2024-02-01,9999.0,misc expense,Other,Sales,CC100,Hernandez-Grant,22762.95,DR,SaaS HoldCo,AWS hosting
GL0001234,2024-02-04,2024-02-01,6300.0,g&a,G&A,Unknown,Unknown,Johnson Ltd,21329.71,DR,SaaS HoldCo,AWS hosting
GL0001235,2024-02-09,2024-02-01,6200.0,r&d,R&D,Sales,CC200,Lambert-Hamilton,12206.26,DR,SaaS US,Refund
GL0001236,2024-02-22,2024-02-01,9999.0,misc expense,Other,Finance,CC200,Nicholson Group,21385.88,DR,SaaS US,Payroll
GL0001237,2024-02-23,2024-02-01,6100.0,s&m,Sales & Marketing,Unknown,CC300,Williams-Hatfield,5170.14,DR,SaaS Canada,Contractor costs
GL0001238,2024-02-23,2024-02-01,9999.0,misc expense,Other,Unknown,Unknown,Taylor Group,8575.32,DR,SaaS HoldCo,AWS hosting
GL0001239,2024-02-10,2024-02-01,6300.0,general and administrative,G&A,Sales,Unknown,"Santos, Weber and Cox",-17224.04,CR,SaaS Canada,Unknown
GL0001240,2024-02-13,2024-02-01,6300.0,g&a,G&A,Unknown,Unknown,"Jones, Guerrero and Moran",23429.65,DR,SaaS US,Contractor costs
GL0001241,2024-02-13,2024-02-01,5000.0,cost of service,COGS,Unknown,Unknown,Tyler-Waller,-3626.64,CR,SaaS US,Google Ads
GL0001242,2024-02-19,2024-02-01,6100.0,sales and marketing,Sales & Marketing,Marketing,CC100,"Stevenson, Thomas and Eaton",8079.83,DR,SaaS US,Software tools
GL0001243,2024-02-13,2024-02-01,5000.0,cost of service,COGS,Operations,CC200,Wong-Vaughn,20422.08,DR,SaaS US,Software tools
GL0001244,2024-02-20,2024-02-01,1010.0,cash,Cash,Operations,Unknown,"Downs, Lindsey and Johnson",-10846.86,CR,SaaS Canada,Software tools
GL0001245,2024-02-15,2024-02-01,6200.0,r&d,R&D,Unknown,Unknown,"Wilson, Cannon and Montoya",15758.66,DR,SaaS Canada,Contractor costs
GL0001246,2024-02-21,2024-02-01,1010.0,cash,Cash,Marketing,CC300,Nelson Inc,-9655.87,CR,SaaS US,Payroll
GL0001247,2024-02-08,2024-02-01,6300.0,general and administrative,G&A,Sales,CC200,Lambert-Butler,10792.25,DR,SaaS US,Payroll
GL0001248,2024-02-15,2024-02-01,5000.0,cost of service,COGS,Sales,CC100,Burns-Hahn,8410.07,DR,SaaS US,Google Ads
GL0001249,2024-02-19,2024-02-01,6300.0,general and administrative,G&A,Engineering,CC200,Gates-Davis,6157.14,DR,SaaS US,Contractor costs
GL0001250,2024-02-12,2024-02-01,6300.0,general and administrative,G&A,Finance,CC100,"Boyd, Murillo and White",3556.88,DR,SaaS Canada,Reclass
GL0001251,2024-02-10,2024-02-01,6200.0,research and development,R&D,Unknown,CC400,Solis Ltd,7954.02,DR,SaaS US,Refund
GL0001252,2024-02-10,2024-02-01,6100.0,sales and marketing,Sales & Marketing,Operations,CC100,"Jones, Hernandez and James",-10194.09,,SaaS HoldCo,Google Ads
GL0001253,2024-02-21,2024-02-01,6100.0,s&m,Sales & Marketing,Operations,CC200,"Hood, Tran and Flores",-19041.81,CR,SaaS HoldCo,Unknown
GL0001254,2024-02-03,2024-02-01,6100.0,sales and marketing,Sales & Marketing,Finance,Unknown,Parks-Adams,15912.52,DR,SaaS US,Payroll
GL0001255,2024-02-01,2024-02-01,6100.0,sales and marketing,Sales & Marketing,Marketing,CC300,Clements-Adams,-24793.61,CR,SaaS HoldCo,Unknown
GL0001256,2024-02-05,2024-02-01,9999.0,misc expense,Other,Finance,CC200,"Davis, Ayala and Edwards",16627.02,DR,SaaS HoldCo,AWS hosting
GL0001257,2024-02-20,2024-02-01,5000.0,cost of service,COGS,Operations,CC300,Little PLC,16900.57,DR,SaaS HoldCo,AWS hosting
GL0001258,2024-02-23,2024-02-01,6100.0,s&m,Sales & Marketing,Operations,CC100,"Smith, Beltran and Benjamin",-19905.3,CR,SaaS HoldCo,Reclass
GL0001259,2024-02-19,2024-02-01,6200.0,r&d,R&D,Unknown,Unknown,"Freeman, Jordan and Brock",2708.76,DR,SaaS US,Payroll
GL0001260,2024-02-11,2024-02-01,6300.0,general and administrative,G&A,Finance,Unknown,Mcfarland LLC,-4269.53,CR,SaaS US,AWS hosting
GL0001261,2024-03-15,2024-03-01,6300.0,general and administrative,G&A,Engineering,CC300,Gay-Hernandez,21908.38,DR,SaaS US,Refund
GL0001262,2024-03-22,2024-03-01,6200.0,research and development,R&D,Unknown,Unknown,Morrow LLC,10594.91,DR,SaaS US,Reclass
GL0001263,2024-03-03,2024-03-01,6100.0,s&m,Sales & Marketing,Sales,Unknown,Aguilar-Estrada,8311.23,DR,SaaS Canada,Payroll
GL0001264,2024-03-25,2024-03-01,6200.0,research and development,R&D,Finance,CC400,"Romero, Robinson and Lucas",1118.57,DR,SaaS HoldCo,Unknown
GL0001265,2024-03-27,2024-03-01,5000.0,cost of service,COGS,Unknown,CC300,Randall Inc,12957.37,DR,SaaS US,Unknown
GL0001266,2024-03-17,2024-03-01,6100.0,sales and marketing,Sales & Marketing,Operations,Unknown,Church-Williams,3305.27,DR,SaaS US,Reclass
GL0001267,2024-03-13,2024-03-01,6100.0,s&m,Sales & Marketing,Operations,CC400,Bowers Inc,-2823.73,CR,SaaS HoldCo,Refund
GL0001268,2024-03-20,2024-03-01,6300.0,g&a,G&A,Unknown,Unknown,Martinez Inc,-10518.65,CR,SaaS US,Google Ads
GL0001269,2024-03-07,2024-03-01,6300.0,g&a,G&A,Finance,Unknown,"Carter, Mcgee and Campbell",4218.0,DR,SaaS HoldCo,Google Ads
GL0001270,2024-03-20,2024-03-01,5000.0,cost of service,COGS,Marketing,Unknown,"Lewis, Griffin and Martinez",7256.25,DR,SaaS HoldCo,Reclass
GL0001271,2024-03-21,2024-03-01,6300.0,general and administrative,G&A,Operations,CC100,Stewart-Villanueva,-24415.19,CR,SaaS HoldCo,Software tools
GL0001272,2024-03-06,2024-03-01,9999.0,misc expense,Other,Unknown,CC400,"Reyes, Snyder and Edwards",12540.82,DR,SaaS Canada,Contractor costs
GL0001273,2024-03-14,2024-03-01,6200.0,research and development,R&D,Sales,CC200,Chung-Jenkins,-23482.44,CR,SaaS HoldCo,Contractor costs
GL0001274,2024-03-07,2024-03-01,9999.0,misc expense,Other,Marketing,CC400,"Martinez, Wallace and Simmons",20948.51,DR,SaaS US,Contractor costs
GL0001275,2024-03-17,2024-03-01,Unknown,misc expense,Other,Sales,CC300,Rodriguez PLC,-11255.47,,SaaS HoldCo,AWS hosting
GL0001276,2024-03-17,2024-03-01,6200.0,r&d,R&D,Marketing,CC100,Barker PLC,-19275.26,CR,SaaS US,Payroll
GL0001277,2024-03-26,2024-03-01,6100.0,sales and marketing,Sales & Marketing,Engineering,CC100,Jones and Sons,16305.9,DR,SaaS Canada,Unknown
GL0001278,2024-03-16,2024-03-01,6100.0,sales and marketing,Sales & Marketing,Unknown,CC200,Strickland-Duffy,-2940.94,DR,SaaS Canada,Software tools
GL0001279,2024-03-18,2024-03-01,5000.0,cost of service,COGS,Engineering,Unknown,"Chen, Chan and Johnson",16592.34,DR,SaaS HoldCo,Unknown
GL0001280,2024-03-18,2024-03-01,1010.0,cash,Cash,Engineering,CC100,"King, Sims and Davenport",4331.6,DR,SaaS US,Contractor costs
GL0001281,2024-03-08,2024-03-01,6100.0,sales & marketing,Sales & Marketing,Marketing,CC100,Rasmussen-Huynh,11998.37,DR,SaaS HoldCo,Software tools
GL0001282,2024-03-24,2024-03-01,6100.0,sales & marketing,Sales & Marketing,Operations,CC100,Rodriguez Inc,22120.87,DR,SaaS HoldCo,AWS hosting
GL0001283,2024-03-05,2024-03-01,6200.0,r&d,R&D,Unknown,Unknown,Hoover LLC,-15530.0,CR,SaaS US,Payroll
GL0001284,2024-03-11,2024-03-01,6300.0,g&a,G&A,Engineering,Unknown,Romero-Andrews,3675.09,DR,SaaS HoldCo,Reclass
GL0001285,2024-03-10,2024-03-01,6100.0,sales and marketing,Sales & Marketing,Sales,CC400,Harris Group,13266.16,DR,SaaS HoldCo,Reclass
GL0001286,2024-03-15,2024-03-01,6300.0,g&a,G&A,Unknown,Unknown,"Potter, Washington and Barber",15680.13,DR,SaaS US,Google Ads
GL0001287,2024-03-26,2024-03-01,5000.0,cost of service,COGS,Unknown,CC400,Donovan-Reid,-15082.65,CR,SaaS US,Google Ads
GL0001288,2024-03-16,2024-03-01,Unknown,cash,Cash,Unknown,CC400,Joseph Ltd,-19471.8,CR,SaaS US,Google Ads
GL0001289,2024-03-12,2024-03-01,6100.0,sales and marketing,Sales & Marketing,Unknown,CC300,Ochoa-Myers,20065.62,DR,SaaS HoldCo,Google Ads
GL0001290,2024-03-13,2024-03-01,6100.0,sales & marketing,Sales & Marketing,Engineering,CC100,Blake-Washington,18052.26,DR,SaaS Canada,Unknown
GL0001291,2024-03-10,2024-03-01,6100.0,sales & marketing,Sales & Marketing,Operations,CC400,Ferrell Ltd,-22351.06,CR,SaaS US,Google Ads
GL0001292,2024-03-02,2024-03-01,6200.0,r&d,R&D,Operations,CC200,Jones LLC,16143.79,DR,SaaS US,Google Ads
GL0001293,2024-03-27,2024-03-01,6300.0,general and administrative,G&A,Unknown,CC400,Burch-Moore,-20694.93,CR,SaaS US,Google Ads
GL0001294,2024-03-06,2024-03-01,6200.0,r&d,R&D,Unknown,CC200,Silva-Stevenson,5774.57,DR,SaaS Canada,Contractor costs
GL0001295,2024-03-13,2024-03-01,Unknown,g&a,G&A,Unknown,CC100,"Mathews, Patterson and Little",2549.77,DR,SaaS HoldCo,Reclass
GL0001296,2024-03-05,2024-03-01,9999.0,misc expense,Other,Sales,Unknown,Unknown,21223.37,DR,SaaS US,Payroll
GL0001297,2024-03-24,2024-03-01,6200.0,research and development,R&D,Sales,CC200,Carter-Patterson,-2980.12,CR,SaaS HoldCo,Payroll
GL0001298,2024-03-24,2024-03-01,9999.0,misc expense,Other,Finance,Unknown,Moody-Frye,1486.51,DR,SaaS Canada,Google Ads
GL0001299,2024-03-12,2024-03-01,1010.0,cash,Cash,Unknown,CC200,Randall-Davis,21230.37,,SaaS Canada,Reclass
GL0001300,2024-03-08,2024-03-01,6100.0,sales & marketing,Sales & Marketing,Unknown,CC100,"Avila, Nelson and Wong",10638.85,DR,SaaS HoldCo,AWS hosting
GL0001301,2024-03-11,2024-03-01,5000.0,cost of service,COGS,Marketing,CC200,Goodman Inc,-6538.81,CR,SaaS Canada,Unknown
GL0001302,2024-03-04,2024-03-01,6300.0,general and administrative,G&A,Sales,CC300,Davis-Newman,-22871.4,CR,SaaS US,Payroll
GL0001303,2024-03-07,2024-03-01,5000.0,cost of service,COGS,Sales,CC300,Valenzuela Ltd,2170.07,DR,SaaS HoldCo,Contractor costs
GL0001304,2024-03-11,2024-03-01,6300.0,general and administrative,G&A,Operations,CC100,"Aguilar, Howard and Elliott",16783.16,,SaaS HoldCo,Google Ads
GL0001305,2024-03-03,2024-03-01,6300.0,g&a,G&A,Marketing,Unknown,"Alexander, Figueroa and Scott",23220.16,DR,SaaS HoldCo,Payroll
GL0001306,2024-03-03,2024-03-01,6300.0,general and administrative,G&A,Marketing,CC100,Vega LLC,5369.62,DR,SaaS Canada,Refund
GL0001307,2024-03-15,2024-03-01,6300.0,general and administrative,G&A,Engineering,CC100,"Johnson, Woods and Harrell",-10240.74,CR,SaaS HoldCo,Unknown
GL0001308,2024-03-14,2024-03-01,6300.0,general and administrative,G&A,Finance,CC300,"Brown, Finley and Taylor",17311.42,DR,SaaS US,Contractor costs
GL0001309,2024-03-19,2024-03-01,5000.0,cost of service,COGS,Unknown,CC200,Christian PLC,-22528.57,,SaaS Canada,Google Ads
GL0001310,2024-03-04,2024-03-01,5000.0,cost of service,COGS,Sales,CC400,Blackwell-Washington,7875.16,DR,SaaS HoldCo,Software tools
GL0001311,2024-03-17,2024-03-01,5000.0,cost of service,COGS,Operations,CC400,"Ward, Morgan and Berry",-11342.48,,SaaS US,Reclass
GL0001312,2024-03-06,2024-03-01,6100.0,sales & marketing,Sales & Marketing,Operations,Unknown,Jarvis-Hale,18575.06,DR,SaaS HoldCo,Refund
GL0001313,2024-03-08,2024-03-01,9999.0,misc expense,Other,Operations,Unknown,"Spence, Wilson and Barker",-22364.36,CR,SaaS Canada,Reclass
GL0001314,2024-03-19,2024-03-01,5000.0,cost of service,COGS,Sales,Unknown,Mercer-Rodriguez,18103.05,DR,SaaS Canada,AWS hosting
GL0001315,2024-03-18,2024-03-01,6100.0,sales & marketing,Sales & Marketing,Sales,Unknown,Miranda PLC,-24838.36,CR,SaaS HoldCo,Software tools
GL0001316,2024-03-22,2024-03-01,6100.0,sales & marketing,Sales & Marketing,Unknown,Unknown,"Lyons, Proctor and Norman",-16358.68,CR,SaaS US,Software tools
GL0001317,2024-03-02,2024-03-01,6100.0,sales and marketing,Sales & Marketing,Sales,Unknown,Velasquez and Sons,15442.88,DR,SaaS US,Payroll
GL0001318,2024-03-25,2024-03-01,6300.0,general and administrative,G&A,Sales,Unknown,Hart and Sons,16831.12,DR,SaaS Canada,Software tools
GL0001319,2024-03-15,2024-03-01,9999.0,misc expense,Other,Unknown,Unknown,Finley Inc,20374.42,DR,SaaS US,Contractor costs
GL0001320,2024-03-27,2024-03-01,6300.0,general and administrative,G&A,Unknown,Unknown,Shaffer-Zuniga,7827.92,DR,SaaS HoldCo,AWS hosting
GL0001321,2024-03-18,2024-03-01,6300.0,general and administrative,G&A,Unknown,Unknown,Davis PLC,3303.0,,SaaS HoldCo,Reclass
GL0001322,2024-03-22,2024-03-01,6200.0,research and development,R&D,Finance,Unknown,"Walker, Holmes and Harris",-13752.83,CR,SaaS HoldCo,Contractor costs
GL0001323,2024-03-08,2024-03-01,6300.0,general and administrative,G&A,Unknown,CC400,Briggs and Sons,5974.98,DR,SaaS HoldCo,Software tools
GL0001324,2024-03-23,2024-03-01,9999.0,misc expense,Other,Unknown,CC300,Erickson PLC,-23867.79,CR,SaaS Canada,Reclass
GL0001325,2024-03-17,2024-03-01,6300.0,general and administrative,G&A,Marketing,Unknown,"Phillips, Carter and Thompson",22967.89,DR,SaaS Canada,Reclass
GL0001326,2024-03-14,2024-03-01,9999.0,misc expense,Other,Finance,CC400,Peterson-James,-5264.39,CR,SaaS US,Unknown
GL0001327,2024-03-10,2024-03-01,5000.0,cost of service,COGS,Unknown,Unknown,"Miller, Cooper and Jones",23981.41,CR,SaaS HoldCo,Software tools
GL0001328,2024-03-23,2024-03-01,5000.0,cost of service,COGS,Unknown,CC400,Rice Inc,21731.59,DR,SaaS US,Payroll
GL0001329,2024-03-08,2024-03-01,6200.0,r&d,R&D,Engineering,CC300,Henson-Harris,-7869.35,CR,SaaS HoldCo,Contractor costs
GL0001330,2024-03-04,2024-03-01,6300.0,g&a,G&A,Unknown,CC400,"Vaughn, Williams and Curtis",10057.39,DR,SaaS US,Unknown
GL0001331,2024-03-11,2024-03-01,9999.0,misc expense,Other,Engineering,CC200,Lee-Chandler,-13405.02,DR,SaaS US,Payroll
GL0001332,2024-03-08,2024-03-01,6100.0,sales & marketing,Sales & Marketing,Unknown,CC400,"Padilla, Carpenter and Webster",11252.19,DR,SaaS HoldCo,Contractor costs
GL0001333,2024-03-11,2024-03-01,6100.0,s&m,Sales & Marketing,Operations,CC200,Hall-Jenkins,8957.06,DR,SaaS US,Software tools
GL0001334,2024-03-10,2024-03-01,6100.0,sales & marketing,Sales & Marketing,Marketing,CC100,Harrell LLC,14076.49,,SaaS US,Payroll
GL0001335,2024-03-05,2024-03-01,6100.0,sales and marketing,Sales & Marketing,Sales,CC100,Ray Group,12315.21,DR,SaaS US,Google Ads
GL0001336,2024-03-14,2024-03-01,6200.0,r&d,R&D,Finance,Unknown,Adkins-Thomas,-18594.92,CR,SaaS US,Software tools
GL0001337,2024-03-13,2024-03-01,1010.0,cash,Cash,Engineering,Unknown,"Hubbard, Singh and Shaw",5700.42,DR,SaaS HoldCo,Reclass
GL0001338,2024-03-15,2024-03-01,6100.0,sales & marketing,Sales & Marketing,Unknown,CC400,Johnson Inc,3787.65,DR,SaaS Canada,AWS hosting
GL0001339,2024-03-21,2024-03-01,1010.0,cash,Cash,Sales,Unknown,Fowler-Blackwell,10026.62,DR,SaaS Canada,Contractor costs
GL0001340,2024-03-12,2024-03-01,6200.0,r&d,R&D,Unknown,CC100,May-Thompson,16767.18,DR,SaaS US,Payroll
GL0001341,2024-03-08,2024-03-01,9999.0,misc expense,Other,Unknown,Unknown,Williams Inc,8789.44,DR,SaaS US,Google Ads
GL0001342,2024-03-06,2024-03-01,5000.0,cost of service,COGS,Unknown,Unknown,Blanchard-White,14710.57,CR,SaaS Canada,Refund
GL0001343,2024-03-26,2024-03-01,5000.0,cost of service,COGS,Operations,Unknown,"Davis, Dixon and Morris",3149.31,DR,SaaS US,Refund
GL0001344,2024-03-27,2024-03-01,9999.0,misc expense,Other,Finance,CC100,Brown Inc,14808.84,DR,SaaS US,Google Ads
GL0001345,2024-03-13,2024-03-01,6100.0,sales & marketing,Sales & Marketing,Operations,CC300,"Graves, Chandler and Wells",-20702.3,CR,SaaS US,Google Ads
GL0001346,2024-03-05,2024-03-01,6300.0,g&a,G&A,Unknown,CC300,Rowland and Sons,18278.55,DR,SaaS US,AWS hosting
GL0001347,2024-03-09,2024-03-01,6300.0,general and administrative,G&A,Operations,Unknown,Greene-Jackson,-8338.88,CR,SaaS Canada,Reclass
GL0001348,2024-03-12,2024-03-01,6200.0,research and development,R&D,Engineering,CC400,"Simpson, Barnett and Manning",-10367.52,CR,SaaS HoldCo,AWS hosting
GL0001349,2024-03-08,2024-03-01,5000.0,cost of service,COGS,Operations,CC300,Wade-Lindsey,1902.87,DR,SaaS Canada,Payroll
GL0001350,2024-03-12,2024-03-01,9999.0,misc expense,Other,Unknown,CC200,Griffin-Gomez,17062.97,DR,SaaS HoldCo,Software tools
GL0001351,2024-04-03,2024-04-01,6200.0,research and development,R&D,Engineering,CC300,Johnson-Salazar,15085.12,DR,SaaS US,Reclass
GL0001352,2024-04-03,2024-04-01,6100.0,sales and marketing,Sales & Marketing,Finance,Unknown,Stewart Ltd,20885.76,DR,SaaS Canada,Payroll
GL0001353,2024-04-18,2024-04-01,6300.0,g&a,G&A,Operations,CC200,Barry LLC,10580.81,DR,SaaS HoldCo,Google Ads
GL0001354,2024-04-18,2024-04-01,6200.0,r&d,R&D,Unknown,CC100,"Boyd, Smith and Johnson",20445.18,DR,SaaS HoldCo,Unknown
GL0001355,2024-04-21,2024-04-01,9999.0,misc expense,Other,Engineering,CC400,Sheppard-Cameron,-11929.79,CR,SaaS US,Reclass
GL0001356,2024-04-07,2024-04-01,6200.0,r&d,R&D,Engineering,Unknown,"Wallace, Henderson and Rodriguez",-17403.98,CR,SaaS HoldCo,Reclass
GL0001357,2024-04-03,2024-04-01,6100.0,s&m,Sales & Marketing,Unknown,CC100,Robinson PLC,9214.76,DR,SaaS HoldCo,Payroll
GL0001358,2024-04-26,2024-04-01,9999.0,misc expense,Other,Unknown,Unknown,"Williamson, Garcia and Ramirez",6026.86,DR,SaaS US,Google Ads
GL0001359,2024-04-14,2024-04-01,6300.0,g&a,G&A,Unknown,Unknown,Hayes Group,12390.68,DR,SaaS US,Refund
GL0001360,2024-04-22,2024-04-01,9999.0,misc expense,Other,Finance,Unknown,"Perez, Weaver and Diaz",-4869.17,,SaaS US,Refund
GL0001361,2024-04-18,2024-04-01,6200.0,research and development,R&D,Unknown,CC200,Garcia-Nelson,1503.52,DR,SaaS HoldCo,Payroll
GL0001362,2024-04-17,2024-04-01,6100.0,s&m,Sales & Marketing,Unknown,CC200,"Turner, Lee and Schwartz",20613.43,DR,SaaS US,Contractor costs
GL0001363,2024-04-01,2024-04-01,6200.0,r&d,R&D,Unknown,CC400,Lewis PLC,7774.51,DR,SaaS US,Refund
GL0001364,2024-04-15,2024-04-01,6100.0,sales and marketing,Sales & Marketing,Marketing,CC300,Williams-Scott,14256.88,DR,SaaS Canada,AWS hosting
GL0001365,2024-04-22,2024-04-01,6200.0,research and development,R&D,Unknown,Unknown,Vance-Hicks,-13049.72,CR,SaaS Canada,Contractor costs
GL0001366,2024-04-21,2024-04-01,9999.0,misc expense,Other,Finance,CC400,Thomas PLC,-6044.83,CR,SaaS Canada,Payroll
GL0001367,2024-04-09,2024-04-01,6300.0,general and administrative,G&A,Unknown,CC400,Perez PLC,-14260.86,CR,SaaS US,Payroll
GL0001368,2024-04-14,2024-04-01,6100.0,sales & marketing,Sales & Marketing,Unknown,CC100,"Colon, Russell and Brooks",-22814.89,CR,SaaS US,Software tools
GL0001369,2024-04-05,2024-04-01,5000.0,cost of service,COGS,Finance,Unknown,Wilson Inc,-15601.81,CR,SaaS US,Contractor costs
GL0001370,2024-04-21,2024-04-01,6100.0,sales and marketing,Sales & Marketing,Marketing,CC400,Freeman-Little,20522.91,DR,SaaS Canada,Software tools
GL0001371,2024-04-21,2024-04-01,6300.0,general and administrative,G&A,Sales,CC400,Daniels Inc,-22765.07,CR,SaaS US,Refund
GL0001372,2024-04-04,2024-04-01,6100.0,sales & marketing,Sales & Marketing,Finance,CC100,Williamson-Vega,-1282.05,CR,SaaS Canada,Refund
GL0001373,2024-04-24,2024-04-01,5000.0,cost of service,COGS,Sales,CC400,Smith LLC,-10420.05,CR,SaaS US,Software tools
GL0001374,2024-04-21,2024-04-01,6300.0,g&a,G&A,Marketing,CC300,White LLC,4187.83,DR,SaaS HoldCo,Unknown
GL0001375,2024-04-22,2024-04-01,6100.0,sales and marketing,Sales & Marketing,Marketing,CC300,"Johnson, Gutierrez and Wilson",-12644.49,,SaaS HoldCo,Reclass
GL0001376,2024-04-12,2024-04-01,9999.0,misc expense,Other,Engineering,Unknown,"Goodwin, Williams and Avila",13293.35,DR,SaaS US,Contractor costs
GL0001377,2024-04-08,2024-04-01,5000.0,cost of service,COGS,Sales,CC100,Fernandez Ltd,-23743.77,CR,SaaS US,Contractor costs
GL0001378,2024-04-11,2024-04-01,6200.0,r&d,R&D,Engineering,Unknown,Glass Group,3111.18,DR,SaaS Canada,Payroll
GL0001379,2024-04-10,2024-04-01,6100.0,sales & marketing,Sales & Marketing,Sales,CC400,King-Gonzales,-19834.62,CR,SaaS Canada,Contractor costs
GL0001380,2024-04-01,2024-04-01,6300.0,g&a,G&A,Operations,Unknown,Adkins-Hudson,4165.69,DR,SaaS Canada,Reclass
GL0001381,2024-04-13,2024-04-01,6200.0,research and development,R&D,Sales,CC100,Hall-Jarvis,-1004.83,CR,SaaS US,Google Ads
GL0001382,2024-04-03,2024-04-01,6300.0,g&a,G&A,Unknown,CC300,"Luna, Shaw and Matthews",-6767.47,CR,SaaS Canada,Refund
GL0001383,2024-04-03,2024-04-01,9999.0,misc expense,Other,Unknown,Unknown,"Holland, Cole and Rivera",14251.69,DR,SaaS US,Refund
GL0001384,2024-04-14,2024-04-01,6300.0,g&a,G&A,Operations,CC300,Underwood-Price,-9415.27,CR,SaaS Canada,Google Ads
GL0001385,2024-04-26,2024-04-01,Unknown,general and administrative,G&A,Unknown,Unknown,Walker-Jones,13089.42,DR,SaaS Canada,Unknown
GL0001386,2024-04-23,2024-04-01,6200.0,research and development,R&D,Marketing,CC400,Pace-Clark,13772.47,DR,SaaS HoldCo,Unknown
GL0001387,2024-04-11,2024-04-01,6300.0,g&a,G&A,Operations,Unknown,Owens Group,22896.47,DR,SaaS US,Unknown
GL0001388,2024-04-06,2024-04-01,5000.0,cost of service,COGS,Marketing,CC100,"Harris, Guerrero and Smith",-3546.72,CR,SaaS US,Payroll
GL0001389,2024-04-05,2024-04-01,5000.0,cost of service,COGS,Unknown,Unknown,Escobar-Garcia,20223.15,DR,SaaS US,Refund
GL0001390,2024-04-17,2024-04-01,6300.0,general and administrative,G&A,Finance,CC100,Gallegos-Graves,22483.31,DR,SaaS HoldCo,Payroll
GL0001391,2024-04-18,2024-04-01,9999.0,misc expense,Other,Engineering,CC100,"Knox, Blair and Kim",-23390.74,CR,SaaS US,AWS hosting
GL0001392,2024-04-04,2024-04-01,6300.0,general and administrative,G&A,Marketing,CC100,Simon-Reed,-10067.42,,SaaS Canada,Unknown
GL0001393,2024-04-27,2024-04-01,5000.0,cost of service,COGS,Engineering,CC400,"Sullivan, Cunningham and Patterson",24096.92,DR,SaaS HoldCo,Reclass
GL0001394,2024-04-10,2024-04-01,9999.0,misc expense,Other,Unknown,CC300,Torres and Sons,24559.57,DR,SaaS US,Unknown
GL0001395,2024-04-16,2024-04-01,6300.0,general and administrative,G&A,Unknown,CC200,Barr-Horton,-14264.7,CR,SaaS Canada,Payroll
GL0001396,2024-04-15,2024-04-01,6200.0,research and development,R&D,Finance,CC300,Cox Ltd,15034.7,DR,SaaS HoldCo,Software tools
GL0001397,2024-04-20,2024-04-01,6200.0,research and development,R&D,Marketing,Unknown,Miranda and Sons,-9254.26,CR,SaaS Canada,Refund
GL0001398,2024-04-14,2024-04-01,6100.0,sales and marketing,Sales & Marketing,Unknown,CC300,Li-Young,-23838.5,CR,SaaS US,Software tools
GL0001399,2024-04-03,2024-04-01,5000.0,cost of service,COGS,Marketing,CC400,"Perez, Blackwell and Jones",9369.34,DR,SaaS US,Google Ads
GL0001400,2024-04-01,2024-04-01,1010.0,cash,Cash,Finance,CC100,"Young, Pham and Johnson",16708.35,DR,SaaS HoldCo,Contractor costs
GL0001401,2024-04-24,2024-04-01,5000.0,cost of service,COGS,Unknown,CC200,Coffey Ltd,-24705.51,CR,SaaS HoldCo,Refund
GL0001402,2024-04-17,2024-04-01,6100.0,s&m,Sales & Marketing,Engineering,Unknown,Dixon-Jensen,11397.25,DR,SaaS US,Software tools
GL0001403,2024-04-07,2024-04-01,6300.0,general and administrative,G&A,Sales,Unknown,Davis and Sons,4565.59,DR,SaaS HoldCo,Unknown
GL0001404,2024-04-05,2024-04-01,1010.0,cash,Cash,Unknown,Unknown,"Gray, Kirby and Wagner",9961.27,DR,SaaS US,Reclass
GL0001405,2024-04-13,2024-04-01,Unknown,s&m,Sales & Marketing,Unknown,CC200,Brown-Wright,9008.28,DR,SaaS HoldCo,AWS hosting
GL0001406,2024-04-25,2024-04-01,5000.0,cost of service,COGS,Unknown,Unknown,Avila-Lucas,-7533.57,CR,SaaS US,Contractor costs
GL0001407,2024-04-05,2024-04-01,5000.0,cost of service,COGS,Marketing,Unknown,Jones-Anderson,16508.49,DR,SaaS US,Payroll
GL0001408,2024-04-16,2024-04-01,5000.0,cost of service,COGS,Finance,CC200,Patel LLC,-19953.56,CR,SaaS US,Contractor costs
GL0001409,2024-04-21,2024-04-01,6100.0,sales & marketing,Sales & Marketing,Finance,CC400,"Morales, Powell and Hicks",-16566.45,CR,SaaS US,Refund
GL0001410,2024-04-04,2024-04-01,6100.0,s&m,Sales & Marketing,Unknown,Unknown,Lopez and Sons,7890.5,DR,SaaS US,Refund
GL0001411,2024-04-19,2024-04-01,9999.0,misc expense,Other,Marketing,CC400,Taylor and Sons,5145.54,DR,SaaS HoldCo,Google Ads
GL0001412,2024-04-12,2024-04-01,1010.0,cash,Cash,Engineering,CC200,King Inc,-15182.78,CR,SaaS US,Google Ads
GL0001413,2024-04-04,2024-04-01,6200.0,research and development,R&D,Sales,CC200,Wright PLC,18124.65,DR,SaaS HoldCo,Unknown
GL0001414,2024-04-04,2024-04-01,6100.0,s&m,Sales & Marketing,Marketing,CC200,Jensen Ltd,-18212.11,CR,SaaS US,Reclass
GL0001415,2024-04-27,2024-04-01,1010.0,cash,Cash,Unknown,CC100,Mcconnell-Gallegos,13735.25,DR,SaaS Canada,Reclass
GL0001416,2024-04-19,2024-04-01,Unknown,g&a,G&A,Sales,CC100,Black-Diaz,-17935.01,CR,SaaS US,Google Ads
GL0001417,2024-04-24,2024-04-01,6300.0,general and administrative,G&A,Engineering,CC100,Diaz-English,23527.27,DR,SaaS US,Reclass
GL0001418,2024-04-22,2024-04-01,6100.0,sales and marketing,Sales & Marketing,Sales,Unknown,"Mccall, Allen and Ochoa",10843.31,DR,SaaS US,Google Ads
GL0001419,2024-04-23,2024-04-01,5000.0,cost of service,COGS,Marketing,CC100,Mitchell-Hall,-13192.66,CR,SaaS Canada,Payroll
GL0001420,2024-04-18,2024-04-01,6200.0,r&d,R&D,Sales,CC300,Rogers Group,4175.61,DR,SaaS HoldCo,Reclass
GL0001421,2024-04-11,2024-04-01,6300.0,general and administrative,G&A,Operations,CC400,"Taylor, Le and Bennett",13764.57,DR,SaaS US,Refund
GL0001422,2024-04-21,2024-04-01,6200.0,research and development,R&D,Marketing,Unknown,Davis Ltd,1735.61,DR,SaaS Canada,Refund
GL0001423,2024-04-09,2024-04-01,6300.0,general and administrative,G&A,Finance,Unknown,"Perry, Weber and Kim",8150.57,DR,SaaS US,Software tools
GL0001424,2024-04-05,2024-04-01,9999.0,misc expense,Other,Unknown,CC200,Barrett PLC,10482.42,DR,SaaS HoldCo,Reclass
GL0001425,2024-04-21,2024-04-01,6200.0,research and development,R&D,Operations,CC100,"Scott, Armstrong and Bass",-20427.12,CR,SaaS US,Refund
GL0001426,2024-04-13,2024-04-01,6200.0,r&d,R&D,Engineering,Unknown,Douglas-Gomez,21627.53,DR,SaaS Canada,Payroll
GL0001427,2024-04-17,2024-04-01,9999.0,misc expense,Other,Unknown,CC100,Wright-Dunn,-10017.29,,SaaS Canada,Payroll
GL0001428,2024-04-25,2024-04-01,6200.0,r&d,R&D,Unknown,CC100,Allen Group,1170.08,DR,SaaS HoldCo,Reclass
GL0001429,2024-04-11,2024-04-01,6100.0,sales and marketing,Sales & Marketing,Finance,CC200,"Pham, Kim and Wilson",9143.89,DR,SaaS Canada,Unknown
GL0001430,2024-04-13,2024-04-01,6100.0,sales and marketing,Sales & Marketing,Unknown,CC200,Sharp LLC,16663.11,DR,SaaS US,Software tools
GL0001431,2024-04-15,2024-04-01,6300.0,general and administrative,G&A,Sales,CC100,Robinson Ltd,9514.02,DR,SaaS Canada,Software tools
GL0001432,2024-04-14,2024-04-01,5000.0,cost of service,COGS,Marketing,CC400,Ali-Peterson,24173.13,DR,SaaS US,Software tools
GL0001433,2024-04-25,2024-04-01,6200.0,r&d,R&D,Sales,CC400,"Meyer, Rogers and Kim",16135.15,DR,SaaS HoldCo,Refund
GL0001434,2024-04-25,2024-04-01,9999.0,misc expense,Other,Finance,CC300,Anthony PLC,20089.2,DR,SaaS US,Reclass
GL0001435,2024-04-06,2024-04-01,9999.0,misc expense,Other,Unknown,Unknown,Riley-Navarro,11468.32,DR,SaaS Canada,Payroll
GL0001436,2024-04-05,2024-04-01,9999.0,misc expense,Other,Unknown,CC200,Warren Ltd,-17816.78,CR,SaaS HoldCo,Google Ads
GL0001437,2024-04-23,2024-04-01,6100.0,sales and marketing,Sales & Marketing,Marketing,Unknown,"Garcia, Chavez and Orozco",-4267.23,CR,SaaS HoldCo,Contractor costs
GL0001438,2024-04-09,2024-04-01,5000.0,cost of service,COGS,Unknown,Unknown,"Garza, Freeman and Wilson",7916.2,DR,SaaS HoldCo,Reclass
GL0001439,2024-04-08,2024-04-01,6100.0,sales & marketing,Sales & Marketing,Unknown,CC400,"Miller, Gonzalez and Williams",-1861.38,CR,SaaS US,Software tools
GL0001440,2024-04-13,2024-04-01,6300.0,g&a,G&A,Sales,Unknown,Johnson-Martinez,12868.37,DR,SaaS HoldCo,Payroll
GL0001441,2024-05-04,2024-05-01,9999.0,misc expense,Other,Marketing,CC400,Johnson PLC,-13364.49,CR,SaaS Canada,Google Ads
GL0001442,2024-05-10,2024-05-01,9999.0,misc expense,Other,Unknown,CC200,Mccann Inc,-14154.08,CR,SaaS HoldCo,Unknown
GL0001443,2024-05-03,2024-05-01,6200.0,research and development,R&D,Engineering,Unknown,Mcdonald-Cox,-11043.51,CR,SaaS HoldCo,Google Ads
GL0001444,2024-05-15,2024-05-01,6100.0,s&m,Sales & Marketing,Unknown,Unknown,Carter-Smith,10226.04,DR,SaaS US,Unknown
GL0001445,2024-05-18,2024-05-01,6300.0,g&a,G&A,Unknown,Unknown,"Hall, Olson and Sandoval",2182.26,DR,SaaS US,Reclass
GL0001446,2024-05-25,2024-05-01,9999.0,misc expense,Other,Unknown,Unknown,Boyle-Cummings,15989.38,DR,SaaS Canada,Payroll
GL0001447,2024-05-22,2024-05-01,6300.0,g&a,G&A,Unknown,CC400,Torres Group,24764.15,DR,SaaS Canada,Contractor costs
GL0001448,2024-05-06,2024-05-01,6200.0,research and development,R&D,Unknown,Unknown,Tran Ltd,11659.19,DR,SaaS Canada,Unknown
GL0001449,2024-05-13,2024-05-01,6200.0,r&d,R&D,Marketing,Unknown,"White, Evans and Lutz",-13263.8,CR,SaaS US,Payroll
GL0001450,2024-05-15,2024-05-01,5000.0,cost of service,COGS,Unknown,CC100,"Roberts, Weaver and Watson",5838.72,DR,SaaS US,Unknown
GL0001451,2024-05-22,2024-05-01,5000.0,cost of service,COGS,Finance,CC100,"Bradley, Cline and Lowe",-15578.54,CR,SaaS US,Google Ads
GL0001452,2024-05-07,2024-05-01,6300.0,g&a,G&A,Unknown,Unknown,Cline Group,20908.08,DR,SaaS US,Unknown
GL0001453,2024-05-17,2024-05-01,5000.0,cost of service,COGS,Unknown,Unknown,"Scott, Powell and Patterson",-21112.71,CR,SaaS HoldCo,Unknown
GL0001454,2024-05-02,2024-05-01,5000.0,cost of service,COGS,Engineering,CC400,Davis and Sons,22718.64,CR,SaaS HoldCo,Payroll
GL0001455,2024-05-10,2024-05-01,6100.0,s&m,Sales & Marketing,Engineering,CC400,"Contreras, Cooper and Logan",-10712.63,CR,SaaS US,AWS hosting
GL0001456,2024-05-18,2024-05-01,1010.0,cash,Cash,Unknown,CC400,Jones-Wiley,-1767.92,CR,SaaS HoldCo,Unknown
GL0001457,2024-05-07,2024-05-01,6100.0,sales & marketing,Sales & Marketing,Unknown,CC200,Barnes-Obrien,16306.31,DR,SaaS HoldCo,Contractor costs
GL0001458,2024-05-06,2024-05-01,6100.0,s&m,Sales & Marketing,Engineering,CC200,"Smith, Tanner and Jones",8206.19,DR,SaaS HoldCo,Payroll
GL0001459,2024-05-03,2024-05-01,6100.0,s&m,Sales & Marketing,Sales,CC400,Lopez Group,5815.6,DR,SaaS HoldCo,Contractor costs
GL0001460,2024-05-21,2024-05-01,9999.0,misc expense,Other,Operations,CC300,"Green, Reid and Hill",-18137.17,CR,SaaS Canada,Unknown
GL0001461,2024-05-24,2024-05-01,5000.0,cost of service,COGS,Marketing,Unknown,Patton and Sons,13375.36,DR,SaaS Canada,Reclass
GL0001462,2024-05-09,2024-05-01,6100.0,s&m,Sales & Marketing,Unknown,Unknown,Kaufman-Rodriguez,-19487.7,CR,SaaS HoldCo,Reclass
GL0001463,2024-05-10,2024-05-01,6100.0,sales and marketing,Sales & Marketing,Operations,CC200,Morales-Hill,6361.46,DR,SaaS HoldCo,Google Ads
GL0001464,2024-05-10,2024-05-01,6200.0,r&d,R&D,Unknown,CC200,Kim PLC,-24604.49,CR,SaaS US,Reclass
GL0001465,2024-05-09,2024-05-01,9999.0,misc expense,Other,Engineering,CC200,Trujillo Ltd,8706.11,DR,SaaS US,Google Ads
GL0001466,2024-05-13,2024-05-01,9999.0,misc expense,Other,Unknown,CC400,"Allen, Pennington and Cruz",-22229.71,CR,SaaS HoldCo,Reclass
GL0001467,2024-05-04,2024-05-01,9999.0,misc expense,Other,Operations,Unknown,Green-Powell,23084.31,DR,SaaS US,Contractor costs
GL0001468,2024-05-06,2024-05-01,6100.0,sales and marketing,Sales & Marketing,Unknown,CC100,"Armstrong, Hansen and Kim",-13989.54,CR,SaaS Canada,Unknown
GL0001469,2024-05-25,2024-05-01,1010.0,cash,Cash,Unknown,Unknown,"Hernandez, Mitchell and Johnson",7647.75,DR,SaaS US,Software tools
GL0001470,2024-05-14,2024-05-01,1010.0,cash,Cash,Sales,CC300,"Bentley, Moss and Henry",-22936.0,CR,SaaS US,Reclass
GL0001471,2024-05-25,2024-05-01,6100.0,sales and marketing,Sales & Marketing,Unknown,Unknown,Edwards LLC,16225.53,DR,SaaS Canada,Google Ads
GL0001472,2024-05-20,2024-05-01,1010.0,cash,Cash,Sales,CC400,Love-Jones,6219.84,,SaaS US,Google Ads
GL0001473,2024-05-25,2024-05-01,5000.0,cost of service,COGS,Unknown,CC200,Garcia Inc,6494.5,DR,SaaS US,Google Ads
GL0001474,2024-05-04,2024-05-01,6200.0,r&d,R&D,Engineering,CC200,Shelton-Morris,6516.14,DR,SaaS US,Unknown
GL0001475,2024-05-10,2024-05-01,6100.0,sales and marketing,Sales & Marketing,Operations,Unknown,Rivas-Hernandez,4153.97,DR,SaaS US,AWS hosting
GL0001476,2024-05-16,2024-05-01,1010.0,cash,Cash,Sales,CC100,"Rose, Cisneros and Mendez",2963.65,DR,SaaS Canada,Google Ads
GL0001477,2024-05-21,2024-05-01,1010.0,cash,Cash,Unknown,Unknown,"Hart, Cunningham and Mahoney",15947.2,DR,SaaS HoldCo,Unknown
GL0001478,2024-05-26,2024-05-01,6200.0,research and development,R&D,Marketing,CC200,Alexander LLC,18767.88,DR,SaaS US,Refund
GL0001479,2024-05-16,2024-05-01,9999.0,misc expense,Other,Unknown,Unknown,Olson PLC,-8418.29,CR,SaaS HoldCo,Refund
GL0001480,2024-05-26,2024-05-01,6200.0,r&d,R&D,Unknown,CC200,Mays and Sons,7437.82,DR,SaaS HoldCo,Contractor costs
GL0001481,2024-05-10,2024-05-01,1010.0,cash,Cash,Operations,CC400,"Sanders, Miller and Clark",14247.21,DR,SaaS US,Unknown
GL0001482,2024-05-04,2024-05-01,6100.0,sales & marketing,Sales & Marketing,Marketing,CC200,"Vasquez, Williamson and Martin",-20757.3,DR,SaaS US,Reclass
GL0001483,2024-05-25,2024-05-01,9999.0,misc expense,Other,Operations,CC400,Scott Group,18954.46,DR,SaaS US,Google Ads
GL0001484,2024-05-12,2024-05-01,6100.0,sales & marketing,Sales & Marketing,Marketing,Unknown,"Gonzalez, Yang and Brooks",-4077.39,DR,SaaS US,AWS hosting
GL0001485,2024-05-21,2024-05-01,6200.0,research and development,R&D,Unknown,Unknown,Diaz and Sons,-7591.97,CR,SaaS HoldCo,Refund
GL0001486,2024-05-10,2024-05-01,6100.0,s&m,Sales & Marketing,Engineering,CC100,Kelly-Cruz,18465.31,DR,SaaS US,Refund
GL0001487,2024-05-24,2024-05-01,6300.0,general and administrative,G&A,Engineering,CC200,"Crane, Campos and Thompson",8859.69,DR,SaaS HoldCo,Reclass
GL0001488,2024-05-05,2024-05-01,6100.0,sales and marketing,Sales & Marketing,Sales,CC200,"Sherman, Payne and Johns",-24186.79,CR,SaaS US,AWS hosting
GL0001489,2024-05-17,2024-05-01,1010.0,cash,Cash,Marketing,Unknown,James Group,-13373.53,CR,SaaS US,Contractor costs
GL0001490,2024-05-05,2024-05-01,1010.0,cash,Cash,Sales,CC200,Henry-Maldonado,20463.79,DR,SaaS US,Contractor costs
GL0001491,2024-05-03,2024-05-01,6100.0,sales & marketing,Sales & Marketing,Finance,CC300,Cook-Oneal,19759.8,DR,SaaS HoldCo,Reclass
GL0001492,2024-05-09,2024-05-01,5000.0,cost of service,COGS,Finance,Unknown,Unknown,-3816.22,,SaaS US,Reclass
GL0001493,2024-05-20,2024-05-01,6200.0,research and development,R&D,Engineering,CC100,Roberson Group,-3696.09,CR,SaaS US,Software tools
GL0001494,2024-05-23,2024-05-01,6100.0,s&m,Sales & Marketing,Operations,CC100,"Wilson, Garcia and Allen",23872.01,DR,SaaS US,Payroll
GL0001495,2024-05-25,2024-05-01,6100.0,s&m,Sales & Marketing,Marketing,Unknown,"White, Young and Lewis",7687.61,DR,SaaS US,Contractor costs
GL0001496,2024-05-04,2024-05-01,6100.0,sales and marketing,Sales & Marketing,Unknown,CC200,Cruz-Singleton,-9855.29,,SaaS US,Contractor costs
GL0001497,2024-05-03,2024-05-01,6300.0,general and administrative,G&A,Engineering,CC100,Stewart-Hughes,14521.65,DR,SaaS US,Contractor costs
GL0001498,2024-05-20,2024-05-01,1010.0,cash,Cash,Unknown,CC100,Mcmahon LLC,5996.42,DR,SaaS US,Reclass
GL0001499,2024-05-19,2024-05-01,6200.0,r&d,R&D,Operations,Unknown,"Bell, Davis and Lewis",-22620.97,CR,SaaS HoldCo,Google Ads
GL0001500,2024-05-05,2024-05-01,9999.0,misc expense,Other,Sales,Unknown,Unknown,16141.91,DR,SaaS US,Google Ads
GL0001501,2024-05-25,2024-05-01,6100.0,sales & marketing,Sales & Marketing,Unknown,Unknown,Hubbard PLC,-9544.31,CR,SaaS Canada,Reclass
GL0001502,2024-05-20,2024-05-01,1010.0,cash,Cash,Unknown,CC400,"Oliver, Robinson and Davis",10821.72,DR,SaaS US,Google Ads
GL0001503,2024-05-10,2024-05-01,6200.0,research and development,R&D,Marketing,CC400,Reyes-Bird,-6867.92,CR,SaaS Canada,Refund
GL0001504,2024-05-02,2024-05-01,Unknown,r&d,R&D,Operations,CC100,"Stone, Coleman and White",1079.6,DR,SaaS US,Unknown
GL0001505,2024-05-20,2024-05-01,9999.0,misc expense,Other,Marketing,CC300,Hill-Hill,-23772.63,CR,SaaS US,Reclass
GL0001506,2024-05-08,2024-05-01,5000.0,cost of service,COGS,Engineering,CC400,Oconnor-Jenkins,17325.81,DR,SaaS Canada,Reclass
GL0001507,2024-05-27,2024-05-01,5000.0,cost of service,COGS,Unknown,CC200,"Sanders, Martin and Dunlap",1606.11,DR,SaaS Canada,Google Ads
GL0001508,2024-05-18,2024-05-01,6300.0,general and administrative,G&A,Finance,CC400,Andrews Inc,20394.15,DR,SaaS US,Contractor costs
GL0001509,2024-05-17,2024-05-01,6300.0,general and administrative,G&A,Unknown,CC100,"Nielsen, Mejia and Parker",17220.51,DR,SaaS Canada,Reclass
GL0001510,2024-05-26,2024-05-01,6300.0,g&a,G&A,Sales,Unknown,"Decker, Schultz and Williams",-7936.82,,SaaS HoldCo,Reclass
GL0001511,2024-05-06,2024-05-01,1010.0,cash,Cash,Finance,CC300,Collins PLC,1540.4,DR,SaaS US,Refund
GL0001512,2024-05-23,2024-05-01,1010.0,cash,Cash,Operations,CC400,"Stewart, Meyer and Medina",2196.22,DR,SaaS US,Payroll
GL0001513,2024-05-20,2024-05-01,1010.0,cash,Cash,Marketing,Unknown,Cooper-George,8594.27,DR,SaaS US,Unknown
GL0001514,2024-05-05,2024-05-01,6300.0,g&a,G&A,Engineering,CC100,Espinoza-Ferguson,12938.39,DR,SaaS Canada,Refund
GL0001515,2024-05-18,2024-05-01,6200.0,r&d,R&D,Finance,CC200,Cooper-Campbell,15979.9,DR,SaaS HoldCo,Refund
GL0001516,2024-05-04,2024-05-01,1010.0,cash,Cash,Finance,Unknown,"Garcia, Carlson and Thompson",6817.04,DR,SaaS HoldCo,Contractor costs
GL0001517,2024-05-14,2024-05-01,6200.0,r&d,R&D,Unknown,CC100,Jones Group,-7193.93,CR,SaaS HoldCo,AWS hosting
GL0001518,2024-05-25,2024-05-01,6200.0,r&d,R&D,Unknown,Unknown,Lopez Group,-14920.6,CR,SaaS HoldCo,Reclass
GL0001519,2024-05-21,2024-05-01,9999.0,misc expense,Other,Unknown,Unknown,Mccormick Inc,11581.13,DR,SaaS US,Contractor costs
GL0001520,2024-05-13,2024-05-01,6200.0,research and development,R&D,Operations,CC100,Parks-Brown,-5926.12,CR,SaaS HoldCo,Software tools
GL0001521,2024-05-01,2024-05-01,1010.0,cash,Cash,Finance,CC100,Armstrong PLC,10793.03,DR,SaaS HoldCo,Unknown
GL0001522,2024-05-15,2024-05-01,6100.0,sales & marketing,Sales & Marketing,Unknown,CC100,"Cooper, Harris and Jones",17318.93,DR,SaaS US,Reclass
GL0001523,2024-05-24,2024-05-01,6100.0,sales and marketing,Sales & Marketing,Unknown,CC200,"Townsend, Hall and Burke",-15777.61,CR,SaaS Canada,Google Ads
GL0001524,2024-05-22,2024-05-01,6100.0,sales and marketing,Sales & Marketing,Engineering,CC100,"Chang, Martinez and Gutierrez",18778.85,DR,SaaS HoldCo,Payroll
GL0001525,2024-05-13,2024-05-01,6200.0,r&d,R&D,Unknown,Unknown,"Wilson, Johnson and Ibarra",-14569.56,CR,SaaS US,Unknown
GL0001526,2024-05-19,2024-05-01,6300.0,general and administrative,G&A,Operations,CC400,Sellers PLC,16421.76,,SaaS US,Google Ads
GL0001527,2024-05-21,2024-05-01,9999.0,misc expense,Other,Unknown,Unknown,"Ford, Williams and Russell",-13916.53,CR,SaaS Canada,Contractor costs
GL0001528,2024-05-25,2024-05-01,5000.0,cost of service,COGS,Unknown,CC300,Hayes-Lester,-17294.29,CR,SaaS Canada,Google Ads
GL0001529,2024-05-08,2024-05-01,6100.0,s&m,Sales & Marketing,Unknown,CC100,Martin Group,8867.22,DR,SaaS US,Reclass
GL0001530,2024-05-03,2024-05-01,9999.0,misc expense,Other,Unknown,CC400,White and Sons,20140.58,DR,SaaS US,AWS hosting
GL0001531,2024-06-15,2024-06-01,5000.0,cost of service,COGS,Unknown,Unknown,Reese-Baker,-10355.34,CR,SaaS US,Refund
GL0001532,2024-06-03,2024-06-01,6100.0,sales & marketing,Sales & Marketing,Marketing,CC400,Lozano-Fleming,10945.62,DR,SaaS Canada,Refund
GL0001533,2024-06-27,2024-06-01,1010.0,cash,Cash,Unknown,Unknown,"Berry, Briggs and Harrison",15027.96,DR,SaaS Canada,Software tools
GL0001534,2024-06-10,2024-06-01,6200.0,research and development,R&D,Unknown,Unknown,Huffman-Lane,-2392.73,CR,SaaS US,Contractor costs
GL0001535,2024-06-11,2024-06-01,6200.0,r&d,R&D,Operations,CC400,"Mccormick, Hernandez and Harris",1799.89,DR,SaaS US,Refund
GL0001536,2024-06-03,2024-06-01,5000.0,cost of service,COGS,Operations,Unknown,Smith Group,-14594.84,CR,SaaS US,Unknown
GL0001537,2024-06-10,2024-06-01,6300.0,g&a,G&A,Marketing,CC200,Young-Cooley,1958.23,DR,SaaS HoldCo,Contractor costs
GL0001538,2024-06-04,2024-06-01,5000.0,cost of service,COGS,Unknown,CC200,West Inc,21498.4,,SaaS Canada,Google Ads
GL0001539,2024-06-08,2024-06-01,6100.0,sales & marketing,Sales & Marketing,Finance,CC400,"Mccarty, Charles and Smith",6591.93,DR,SaaS Canada,Software tools
GL0001540,2024-06-02,2024-06-01,9999.0,misc expense,Other,Engineering,CC100,Silva-Watson,14324.87,DR,SaaS HoldCo,Contractor costs
GL0001541,2024-06-01,2024-06-01,6200.0,research and development,R&D,Marketing,Unknown,"Gonzalez, Sandoval and Malone",-12804.58,CR,SaaS HoldCo,Reclass
GL0001542,2024-06-02,2024-06-01,5000.0,cost of service,COGS,Engineering,CC200,Gonzalez-Gonzales,-8449.5,CR,SaaS HoldCo,Software tools
GL0001543,2024-06-20,2024-06-01,6100.0,s&m,Sales & Marketing,Finance,CC200,Craig-Evans,14717.17,DR,SaaS Canada,Unknown
GL0001544,2024-06-24,2024-06-01,6300.0,g&a,G&A,Operations,CC400,Aguirre LLC,12042.36,DR,SaaS US,Contractor costs
GL0001545,2024-06-20,2024-06-01,6300.0,g&a,G&A,Sales,CC400,Savage-Stewart,-3938.22,CR,SaaS US,Reclass
GL0001546,2024-06-24,2024-06-01,6100.0,sales & marketing,Sales & Marketing,Finance,CC100,Gonzales-Reese,4944.6,DR,SaaS Canada,Refund
GL0001547,2024-06-19,2024-06-01,6200.0,r&d,R&D,Sales,CC200,"Lynch, Gentry and Jackson",19417.02,DR,SaaS US,Payroll
GL0001548,2024-06-10,2024-06-01,6200.0,research and development,R&D,Unknown,CC100,Gordon-Barber,13603.82,DR,SaaS HoldCo,Google Ads
GL0001549,2024-06-05,2024-06-01,9999.0,misc expense,Other,Finance,CC200,"Wise, Taylor and Larson",10498.83,DR,SaaS HoldCo,AWS hosting
GL0001550,2024-06-27,2024-06-01,6100.0,s&m,Sales & Marketing,Engineering,Unknown,Guzman-Myers,-13005.39,CR,SaaS US,AWS hosting
GL0001551,2024-06-07,2024-06-01,1010.0,cash,Cash,Operations,CC200,White-Mcfarland,-4431.99,CR,SaaS US,AWS hosting
GL0001552,2024-06-09,2024-06-01,6200.0,research and development,R&D,Finance,Unknown,Hubbard LLC,-11204.3,CR,SaaS Canada,Google Ads
GL0001553,2024-06-01,2024-06-01,6200.0,research and development,R&D,Finance,CC200,"Adams, Palmer and Wright",-21348.12,CR,SaaS HoldCo,Google Ads
GL0001554,2024-06-04,2024-06-01,5000.0,cost of service,COGS,Operations,CC100,Sandoval LLC,8812.05,DR,SaaS Canada,Software tools
GL0001555,2024-06-06,2024-06-01,6200.0,r&d,R&D,Sales,Unknown,"Lewis, Thompson and Smith",20709.53,DR,SaaS US,Unknown
GL0001556,2024-06-19,2024-06-01,6200.0,research and development,R&D,Engineering,CC400,Sullivan Inc,-10777.2,CR,SaaS US,Refund
GL0001557,2024-06-04,2024-06-01,6100.0,s&m,Sales & Marketing,Engineering,CC100,White Ltd,7711.32,DR,SaaS US,Google Ads
GL0001558,2024-06-12,2024-06-01,5000.0,cost of service,COGS,Operations,Unknown,"Mitchell, Spencer and Hendricks",15038.5,DR,SaaS HoldCo,Unknown
GL0001559,2024-06-12,2024-06-01,6200.0,r&d,R&D,Unknown,Unknown,Carter LLC,12373.19,DR,SaaS Canada,Software tools
GL0001560,2024-06-16,2024-06-01,5000.0,cost of service,COGS,Sales,Unknown,Burke-Meyer,-20517.2,DR,SaaS US,Refund
GL0001561,2024-06-27,2024-06-01,6200.0,r&d,R&D,Engineering,Unknown,"Smith, Powers and Ruiz",15023.83,DR,SaaS US,Unknown
GL0001562,2024-06-07,2024-06-01,6100.0,s&m,Sales & Marketing,Unknown,CC400,Bolton-Mason,3034.33,DR,SaaS HoldCo,Reclass
GL0001563,2024-06-10,2024-06-01,6100.0,sales & marketing,Sales & Marketing,Finance,CC300,"Caldwell, Williams and Briggs",-21469.91,CR,SaaS US,Reclass
GL0001564,2024-06-08,2024-06-01,1010.0,cash,Cash,Operations,CC300,Nelson Ltd,-24867.46,CR,SaaS US,Unknown
GL0001565,2024-06-09,2024-06-01,1010.0,cash,Cash,Finance,CC200,Shah LLC,-23622.57,CR,SaaS US,Contractor costs
GL0001566,2024-06-20,2024-06-01,5000.0,cost of service,COGS,Operations,CC300,Cantrell Ltd,20707.63,DR,SaaS HoldCo,AWS hosting
GL0001567,2024-06-15,2024-06-01,9999.0,misc expense,Other,Engineering,CC300,Atkinson PLC,4646.63,DR,SaaS US,Payroll
GL0001568,2024-06-15,2024-06-01,5000.0,cost of service,COGS,Unknown,Unknown,Cervantes Group,-9958.69,CR,SaaS US,Google Ads
GL0001569,2024-06-27,2024-06-01,9999.0,misc expense,Other,Operations,CC300,Valdez LLC,-13873.15,CR,SaaS US,Refund
GL0001570,2024-06-27,2024-06-01,6300.0,general and administrative,G&A,Unknown,Unknown,Lopez Ltd,-4589.53,CR,SaaS US,Payroll
GL0001571,2024-06-24,2024-06-01,6100.0,sales and marketing,Sales & Marketing,Unknown,CC400,"King, Marks and White",11295.16,DR,SaaS US,Unknown
GL0001572,2024-06-05,2024-06-01,6100.0,sales and marketing,Sales & Marketing,Engineering,CC100,"Moore, Smith and White",6694.63,DR,SaaS HoldCo,Reclass
GL0001573,2024-06-03,2024-06-01,1010.0,cash,Cash,Finance,CC300,Webb Ltd,12251.69,DR,SaaS US,Refund
GL0001574,2024-06-19,2024-06-01,1010.0,cash,Cash,Finance,CC300,Johnson-Jennings,19787.42,DR,SaaS HoldCo,Contractor costs
GL0001575,2024-06-10,2024-06-01,6100.0,sales and marketing,Sales & Marketing,Unknown,CC200,Anderson-Vance,6988.0,DR,SaaS Canada,Google Ads
GL0001576,2024-06-19,2024-06-01,1010.0,cash,Cash,Marketing,CC300,Moore Inc,-22196.71,CR,SaaS US,Refund
GL0001577,2024-06-18,2024-06-01,6100.0,s&m,Sales & Marketing,Marketing,CC200,"Guzman, Rodriguez and Ashley",-10434.88,CR,SaaS HoldCo,Unknown
GL0001578,2024-06-25,2024-06-01,5000.0,cost of service,COGS,Marketing,Unknown,"Marshall, Duffy and Moore",18171.11,DR,SaaS HoldCo,Google Ads
GL0001579,2024-06-17,2024-06-01,6300.0,g&a,G&A,Unknown,CC200,"Robertson, Alvarez and Summers",-17173.32,CR,SaaS Canada,Software tools
GL0001580,2024-06-10,2024-06-01,6200.0,r&d,R&D,Unknown,Unknown,"Williams, Jensen and Morse",-21776.98,CR,SaaS US,Reclass
GL0001581,2024-06-09,2024-06-01,6100.0,s&m,Sales & Marketing,Finance,Unknown,Stephens-Wheeler,17960.17,DR,SaaS US,Refund
GL0001582,2024-06-23,2024-06-01,6100.0,sales & marketing,Sales & Marketing,Unknown,CC100,Unknown,-4543.37,CR,SaaS US,Payroll
GL0001583,2024-06-12,2024-06-01,5000.0,cost of service,COGS,Finance,Unknown,Combs-White,-10458.75,CR,SaaS US,Contractor costs
GL0001584,2024-06-27,2024-06-01,6300.0,g&a,G&A,Marketing,CC400,Moon-Compton,-1285.27,CR,SaaS US,Unknown
GL0001585,2024-06-17,2024-06-01,9999.0,misc expense,Other,Marketing,Unknown,Snow-Marshall,-17227.59,CR,SaaS Canada,Payroll
GL0001586,2024-06-04,2024-06-01,6100.0,sales and marketing,Sales & Marketing,Unknown,CC400,"Mathews, Robinson and Lawson",-8732.67,CR,SaaS Canada,Unknown
GL0001587,2024-06-14,2024-06-01,6300.0,g&a,G&A,Marketing,CC200,"Clark, Davis and Reed",7092.12,DR,SaaS Canada,Reclass
GL0001588,2024-06-18,2024-06-01,1010.0,cash,Cash,Engineering,CC200,"Peterson, Johnston and Gilbert",-21430.05,DR,SaaS US,Contractor costs
GL0001589,2024-06-20,2024-06-01,9999.0,misc expense,Other,Unknown,CC100,Key-Miller,-24947.38,CR,SaaS Canada,Payroll
GL0001590,2024-06-14,2024-06-01,5000.0,cost of service,COGS,Unknown,CC300,Thompson Ltd,19465.73,DR,SaaS US,Software tools
GL0001591,2024-06-25,2024-06-01,6100.0,sales & marketing,Sales & Marketing,Unknown,CC100,Davis-Huynh,18530.71,DR,SaaS US,Software tools
GL0001592,2024-06-09,2024-06-01,1010.0,cash,Cash,Marketing,CC100,Gill-Lewis,8480.99,DR,SaaS US,Contractor costs
GL0001593,2024-06-19,2024-06-01,6100.0,s&m,Sales & Marketing,Unknown,Unknown,Barr-Lewis,15233.38,DR,SaaS Canada,Reclass
GL0001594,2024-06-05,2024-06-01,6300.0,general and administrative,G&A,Operations,CC300,Unknown,5389.47,DR,SaaS HoldCo,Google Ads
GL0001595,2024-06-03,2024-06-01,6100.0,sales & marketing,Sales & Marketing,Unknown,CC200,"Ortiz, Grant and Hull",14137.53,DR,SaaS Canada,Unknown
GL0001596,2024-06-12,2024-06-01,6100.0,s&m,Sales & Marketing,Operations,CC100,Beck-Rosario,9468.63,DR,SaaS US,Unknown
GL0001597,2024-06-07,2024-06-01,5000.0,cost of service,COGS,Finance,CC300,Becker-Parks,-20954.24,CR,SaaS Canada,Google Ads
GL0001598,2024-06-20,2024-06-01,6100.0,sales and marketing,Sales & Marketing,Marketing,Unknown,Frank-Newton,12183.07,DR,SaaS HoldCo,Reclass
GL0001599,2024-06-15,2024-06-01,6100.0,sales & marketing,Sales & Marketing,Operations,CC200,"Escobar, Shepherd and Davis",-10328.01,CR,SaaS Canada,Contractor costs
GL0001600,2024-06-05,2024-06-01,6100.0,sales & marketing,Sales & Marketing,Engineering,CC300,Ruiz-Anderson,9863.8,DR,SaaS Canada,Unknown
GL0001601,2024-06-22,2024-06-01,9999.0,misc expense,Other,Finance,CC100,"Harding, Smith and Pope",10149.52,DR,SaaS US,Reclass
GL0001602,2024-06-17,2024-06-01,6100.0,sales & marketing,Sales & Marketing,Operations,Unknown,Bennett LLC,-6754.42,CR,SaaS HoldCo,AWS hosting
GL0001603,2024-06-08,2024-06-01,9999.0,misc expense,Other,Engineering,CC400,Brown-Green,-2597.03,CR,SaaS HoldCo,Reclass
GL0001604,2024-06-19,2024-06-01,1010.0,cash,Cash,Finance,CC400,Wood-Wilson,19118.54,DR,SaaS HoldCo,Unknown
GL0001605,2024-06-02,2024-06-01,1010.0,cash,Cash,Unknown,CC200,"Stephens, Rodriguez and Andrade",1352.3,CR,SaaS US,Reclass
GL0001606,2024-06-24,2024-06-01,6300.0,general and administrative,G&A,Operations,CC200,"Peterson, Boyd and Flowers",24539.45,DR,SaaS US,Payroll
GL0001607,2024-06-27,2024-06-01,5000.0,cost of service,COGS,Engineering,CC200,"Davis, Yates and Shaw",8414.76,DR,SaaS US,AWS hosting
GL0001608,2024-06-10,2024-06-01,6100.0,sales and marketing,Sales & Marketing,Sales,Unknown,"Rodriguez, Brown and Valdez",13648.94,DR,SaaS US,Refund
GL0001609,2024-06-19,2024-06-01,6300.0,general and administrative,G&A,Finance,CC400,Lucas Group,-13234.23,,SaaS US,AWS hosting
GL0001610,2024-06-06,2024-06-01,6100.0,sales & marketing,Sales & Marketing,Marketing,Unknown,Orr Ltd,22300.7,DR,SaaS HoldCo,Contractor costs
GL0001611,2024-06-26,2024-06-01,5000.0,cost of service,COGS,Unknown,CC300,"Garcia, Payne and Gonzales",24110.99,DR,SaaS US,Unknown
GL0001612,2024-06-17,2024-06-01,6100.0,sales and marketing,Sales & Marketing,Unknown,CC100,Walker-Wagner,4525.79,DR,SaaS HoldCo,Google Ads
GL0001613,2024-06-19,2024-06-01,1010.0,cash,Cash,Marketing,Unknown,"Oneal, Thompson and Smith",10109.63,DR,SaaS US,Contractor costs
GL0001614,2024-06-08,2024-06-01,6200.0,research and development,R&D,Unknown,CC100,Cox-Ryan,22408.56,DR,SaaS US,Google Ads
GL0001615,2024-06-05,2024-06-01,6300.0,general and administrative,G&A,Operations,CC300,King-Ellis,-19720.63,CR,SaaS US,Unknown
GL0001616,2024-06-24,2024-06-01,5000.0,cost of service,COGS,Unknown,CC200,Conway Ltd,-3796.61,CR,SaaS US,Contractor costs
GL0001617,2024-06-16,2024-06-01,6200.0,research and development,R&D,Operations,CC400,"Wilson, Lopez and Fuller",-15520.14,CR,SaaS Canada,Software tools
GL0001618,2024-06-23,2024-06-01,9999.0,misc expense,Other,Unknown,CC400,Kent PLC,3995.15,DR,SaaS Canada,Contractor costs
GL0001619,2024-06-05,2024-06-01,5000.0,cost of service,COGS,Unknown,CC400,Murphy Ltd,-14865.32,CR,SaaS US,Google Ads
GL0001620,2024-06-11,2024-06-01,6300.0,general and administrative,G&A,Unknown,CC400,Rogers Group,2379.03,DR,SaaS HoldCo,Refund
GL0001621,2024-07-19,2024-07-01,6100.0,sales and marketing,Sales & Marketing,Operations,Unknown,"Fox, Crawford and Price",-15168.75,CR,SaaS HoldCo,Reclass
GL0001622,2024-07-23,2024-07-01,6200.0,research and development,R&D,Unknown,CC400,Jenkins-Brown,-13916.77,,SaaS Canada,Software tools
GL0001623,2024-07-10,2024-07-01,6200.0,r&d,R&D,Unknown,Unknown,"Huerta, Williams and Dominguez",-24937.66,CR,SaaS US,Payroll
GL0001624,2024-07-17,2024-07-01,6100.0,s&m,Sales & Marketing,Unknown,CC200,Martin Inc,-22960.96,CR,SaaS US,Refund
GL0001625,2024-07-20,2024-07-01,6200.0,research and development,R&D,Operations,CC300,Thomas-Gibson,-24125.43,CR,SaaS HoldCo,Google Ads
GL0001626,2024-07-12,2024-07-01,6200.0,r&d,R&D,Engineering,CC300,Pugh LLC,20611.41,,SaaS HoldCo,Google Ads
GL0001627,2024-07-05,2024-07-01,6300.0,g&a,G&A,Finance,CC200,Robinson-Hardin,11165.5,DR,SaaS US,Reclass
GL0001628,2024-07-26,2024-07-01,6200.0,r&d,R&D,Sales,CC200,Kemp-Ward,23449.64,DR,SaaS US,Contractor costs
GL0001629,2024-07-26,2024-07-01,6100.0,sales & marketing,Sales & Marketing,Marketing,CC300,Stone Inc,17864.59,DR,SaaS Canada,Reclass
GL0001630,2024-07-12,2024-07-01,1010.0,cash,Cash,Unknown,CC200,Reeves and Sons,17859.99,DR,SaaS US,Unknown
GL0001631,2024-07-14,2024-07-01,5000.0,cost of service,COGS,Engineering,CC200,Williams-Lewis,-17250.78,CR,SaaS Canada,Contractor costs
GL0001632,2024-07-18,2024-07-01,6100.0,sales & marketing,Sales & Marketing,Unknown,CC400,Bell Ltd,21546.14,DR,SaaS US,Google Ads
GL0001633,2024-07-03,2024-07-01,6300.0,general and administrative,G&A,Unknown,CC300,Costa Group,19508.36,DR,SaaS Canada,AWS hosting
GL0001634,2024-07-12,2024-07-01,5000.0,cost of service,COGS,Operations,CC200,"Garcia, Smith and Hartman",17164.0,,SaaS US,Google Ads
GL0001635,2024-07-04,2024-07-01,6100.0,s&m,Sales & Marketing,Sales,CC300,"Vega, Flores and Johnson",21817.34,DR,SaaS HoldCo,Refund
GL0001636,2024-07-17,2024-07-01,6300.0,general and administrative,G&A,Operations,Unknown,Johnson Group,20459.44,DR,SaaS HoldCo,Google Ads
GL0001637,2024-07-09,2024-07-01,5000.0,cost of service,COGS,Marketing,Unknown,Brooks-Diaz,19085.41,DR,SaaS Canada,Unknown
GL0001638,2024-07-17,2024-07-01,6100.0,s&m,Sales & Marketing,Sales,CC100,Yates LLC,14886.32,DR,SaaS HoldCo,Payroll
GL0001639,2024-07-15,2024-07-01,6200.0,research and development,R&D,Engineering,Unknown,Zamora and Sons,8415.5,DR,SaaS Canada,Software tools
GL0001640,2024-07-25,2024-07-01,6300.0,g&a,G&A,Marketing,CC100,Johnson-Brown,3913.68,DR,SaaS US,Google Ads
GL0001641,2024-07-18,2024-07-01,6200.0,r&d,R&D,Finance,Unknown,Murphy PLC,24627.56,DR,SaaS Canada,Software tools
GL0001642,2024-07-04,2024-07-01,6200.0,r&d,R&D,Operations,Unknown,"Parrish, Pearson and Smith",-8262.51,CR,SaaS US,Reclass
GL0001643,2024-07-05,2024-07-01,5000.0,cost of service,COGS,Finance,CC100,"Anderson, Smith and Williams",-6517.44,CR,SaaS Canada,Contractor costs
GL0001644,2024-07-09,2024-07-01,6100.0,s&m,Sales & Marketing,Finance,Unknown,Ray and Sons,-6650.56,CR,SaaS HoldCo,Refund
GL0001645,2024-07-04,2024-07-01,6300.0,g&a,G&A,Sales,CC400,"Harrison, Manning and Baldwin",-5705.3,CR,SaaS US,Software tools
GL0001646,2024-07-08,2024-07-01,6100.0,sales and marketing,Sales & Marketing,Unknown,CC200,Herrera Inc,-3888.8,CR,SaaS US,Contractor costs
GL0001647,2024-07-15,2024-07-01,9999.0,misc expense,Other,Unknown,CC300,Davis-Bridges,10410.72,DR,SaaS US,Software tools
GL0001648,2024-07-11,2024-07-01,1010.0,cash,Cash,Unknown,CC100,Barnes Inc,18173.95,DR,SaaS HoldCo,Unknown
GL0001649,2024-07-17,2024-07-01,6100.0,s&m,Sales & Marketing,Operations,CC300,Dyer Group,18660.5,DR,SaaS Canada,Google Ads
GL0001650,2024-07-09,2024-07-01,6300.0,g&a,G&A,Unknown,CC200,Stokes LLC,3582.12,,SaaS US,Google Ads
GL0001651,2024-07-27,2024-07-01,5000.0,cost of service,COGS,Operations,Unknown,Carter-Lewis,-16308.26,CR,SaaS US,AWS hosting
GL0001652,2024-07-25,2024-07-01,Unknown,misc expense,Other,Finance,Unknown,Mills PLC,2112.01,DR,SaaS Canada,Reclass
GL0001653,2024-07-02,2024-07-01,5000.0,cost of service,COGS,Finance,Unknown,Reid-Bartlett,-10521.82,CR,SaaS US,Contractor costs
GL0001654,2024-07-05,2024-07-01,6200.0,r&d,R&D,Unknown,CC100,"Wilkins, Morgan and Matthews",11854.26,DR,SaaS US,AWS hosting
GL0001655,2024-07-01,2024-07-01,6200.0,research and development,R&D,Operations,CC300,Smith Ltd,-1682.59,CR,SaaS HoldCo,Contractor costs
GL0001656,2024-07-21,2024-07-01,6300.0,g&a,G&A,Engineering,CC300,"Allen, Wilcox and Moon",-23168.7,CR,SaaS Canada,Contractor costs
GL0001657,2024-07-27,2024-07-01,6100.0,s&m,Sales & Marketing,Marketing,Unknown,Day Inc,-13579.81,CR,SaaS HoldCo,Contractor costs
GL0001658,2024-07-21,2024-07-01,6100.0,sales & marketing,Sales & Marketing,Operations,CC400,Baker Inc,-13180.81,CR,SaaS US,Refund
GL0001659,2024-07-18,2024-07-01,6100.0,sales & marketing,Sales & Marketing,Finance,CC400,"Thompson, Bell and Price",24979.29,DR,SaaS HoldCo,Payroll
GL0001660,2024-07-02,2024-07-01,5000.0,cost of service,COGS,Marketing,CC400,Schmidt-Perry,8975.05,DR,SaaS Canada,Contractor costs
GL0001661,2024-07-05,2024-07-01,6300.0,general and administrative,G&A,Marketing,Unknown,"Davis, Ward and Brown",7880.75,DR,SaaS Canada,Software tools
GL0001662,2024-07-12,2024-07-01,5000.0,cost of service,COGS,Unknown,Unknown,Pineda-Osborne,-2839.31,CR,SaaS Canada,Contractor costs
GL0001663,2024-07-05,2024-07-01,6200.0,r&d,R&D,Finance,CC100,Kennedy Inc,-4773.54,CR,SaaS US,Reclass
GL0001664,2024-07-04,2024-07-01,6100.0,sales & marketing,Sales & Marketing,Unknown,CC300,Zimmerman-Allen,-17828.72,CR,SaaS Canada,Payroll
GL0001665,2024-07-17,2024-07-01,5000.0,cost of service,COGS,Unknown,CC400,"Foster, Smith and Marshall",-22869.65,DR,SaaS HoldCo,Refund
GL0001666,2024-07-03,2024-07-01,5000.0,cost of service,COGS,Unknown,CC200,Webster-Schmitt,-22883.85,CR,SaaS US,Payroll
GL0001667,2024-07-26,2024-07-01,6100.0,sales and marketing,Sales & Marketing,Sales,Unknown,"Huang, Wright and Cox",12975.75,DR,SaaS Canada,Payroll
GL0001668,2024-07-19,2024-07-01,6200.0,research and development,R&D,Sales,CC200,Roth-Gibson,22892.85,DR,SaaS US,Refund
GL0001669,2024-07-09,2024-07-01,6100.0,sales & marketing,Sales & Marketing,Finance,CC300,Kirk Group,-20004.32,DR,SaaS US,Reclass
GL0001670,2024-07-05,2024-07-01,6300.0,g&a,G&A,Unknown,CC200,Burns-Sanders,-22814.87,CR,SaaS US,Google Ads
GL0001671,2024-07-07,2024-07-01,6300.0,general and administrative,G&A,Unknown,CC300,Hendricks Group,9721.47,DR,SaaS Canada,Software tools
GL0001672,2024-07-06,2024-07-01,6200.0,r&d,R&D,Marketing,CC400,Carter PLC,-14192.74,CR,SaaS US,Google Ads
GL0001673,2024-07-20,2024-07-01,5000.0,cost of service,COGS,Finance,Unknown,Weaver Ltd,-8111.03,CR,SaaS US,Google Ads
GL0001674,2024-07-16,2024-07-01,6300.0,g&a,G&A,Engineering,CC300,Hughes Ltd,18492.38,DR,SaaS Canada,Software tools
GL0001675,2024-07-21,2024-07-01,6100.0,sales & marketing,Sales & Marketing,Unknown,Unknown,Henderson PLC,7989.62,DR,SaaS US,Software tools
GL0001676,2024-07-11,2024-07-01,6100.0,sales & marketing,Sales & Marketing,Sales,CC200,Morales-Harris,2804.03,DR,SaaS HoldCo,Contractor costs
GL0001677,2024-07-24,2024-07-01,1010.0,cash,Cash,Operations,CC200,Johnson-Robertson,14834.24,DR,SaaS US,Reclass
GL0001678,2024-07-19,2024-07-01,5000.0,cost of service,COGS,Marketing,CC300,Baldwin-Bush,4988.83,DR,SaaS US,Payroll
GL0001679,2024-07-17,2024-07-01,9999.0,misc expense,Other,Unknown,Unknown,Gibson-Chapman,16813.52,DR,SaaS US,Payroll
GL0001680,2024-07-17,2024-07-01,1010.0,cash,Cash,Unknown,CC200,Hickman-Price,3613.79,DR,SaaS US,Reclass
GL0001681,2024-07-11,2024-07-01,1010.0,cash,Cash,Unknown,CC400,"Murphy, White and Braun",2030.24,DR,SaaS HoldCo,Reclass
GL0001682,2024-07-05,2024-07-01,6300.0,general and administrative,G&A,Unknown,CC400,Savage Ltd,-4681.44,CR,SaaS HoldCo,Software tools
GL0001683,2024-07-03,2024-07-01,5000.0,cost of service,COGS,Operations,CC200,Lane-Freeman,16830.92,DR,SaaS HoldCo,Contractor costs
GL0001684,2024-07-26,2024-07-01,1010.0,cash,Cash,Sales,CC400,Strong LLC,19769.36,DR,SaaS Canada,Unknown
GL0001685,2024-07-27,2024-07-01,6100.0,sales & marketing,Sales & Marketing,Unknown,CC100,Mason and Sons,24829.4,DR,SaaS HoldCo,Refund
GL0001686,2024-07-06,2024-07-01,5000.0,cost of service,COGS,Unknown,CC200,Gutierrez Inc,15797.85,DR,SaaS Canada,Software tools
GL0001687,2024-07-23,2024-07-01,6300.0,g&a,G&A,Finance,Unknown,Allen-Moore,6426.69,DR,SaaS US,Google Ads
GL0001688,2024-07-13,2024-07-01,6100.0,sales & marketing,Sales & Marketing,Unknown,CC200,Huang-Floyd,-20379.65,CR,SaaS HoldCo,Contractor costs
GL0001689,2024-07-10,2024-07-01,6200.0,research and development,R&D,Unknown,Unknown,"Lambert, Perry and Hubbard",-6756.24,CR,SaaS HoldCo,Software tools
GL0001690,2024-07-17,2024-07-01,6300.0,general and administrative,G&A,Engineering,CC200,Gonzalez-Harris,15446.2,,SaaS HoldCo,Software tools
GL0001691,2024-07-19,2024-07-01,6100.0,sales and marketing,Sales & Marketing,Finance,CC100,Garcia Inc,17591.82,CR,SaaS HoldCo,Payroll
GL0001692,2024-07-08,2024-07-01,6100.0,s&m,Sales & Marketing,Marketing,Unknown,Middleton and Sons,-18476.8,CR,SaaS Canada,AWS hosting
GL0001693,2024-07-25,2024-07-01,6300.0,general and administrative,G&A,Marketing,CC100,Martin-Bell,16152.84,DR,SaaS HoldCo,Software tools
GL0001694,2024-07-11,2024-07-01,6200.0,r&d,R&D,Unknown,CC100,Moyer and Sons,3201.7,DR,SaaS HoldCo,Reclass
GL0001695,2024-07-06,2024-07-01,5000.0,cost of service,COGS,Engineering,Unknown,"Johnson, Baird and Miller",16648.34,DR,SaaS US,Reclass
GL0001696,2024-07-16,2024-07-01,6100.0,sales and marketing,Sales & Marketing,Sales,CC100,"Chang, Weaver and Mendez",-13586.21,CR,SaaS Canada,AWS hosting
GL0001697,2024-07-08,2024-07-01,6100.0,sales & marketing,Sales & Marketing,Unknown,CC100,Scott-Johnson,-8412.2,CR,SaaS HoldCo,Software tools
GL0001698,2024-07-23,2024-07-01,6100.0,s&m,Sales & Marketing,Marketing,CC200,Drake and Sons,5490.41,DR,SaaS Canada,Contractor costs
GL0001699,2024-07-05,2024-07-01,6300.0,g&a,G&A,Engineering,CC200,Joseph-Garner,24405.67,DR,SaaS US,Contractor costs
GL0001700,2024-07-06,2024-07-01,6100.0,sales and marketing,Sales & Marketing,Finance,CC200,"Wilkins, Moreno and Rodriguez",20349.46,DR,SaaS HoldCo,Payroll
GL0001701,2024-07-18,2024-07-01,6200.0,r&d,R&D,Unknown,Unknown,Mcpherson LLC,7982.11,DR,SaaS HoldCo,AWS hosting
GL0001702,2024-07-01,2024-07-01,6200.0,research and development,R&D,Unknown,CC300,"Carroll, Duncan and Olson",24782.37,DR,SaaS Canada,Reclass
GL0001703,2024-07-23,2024-07-01,6300.0,general and administrative,G&A,Marketing,CC300,"Watkins, Campbell and Young",19738.31,DR,SaaS HoldCo,Unknown
GL0001704,2024-07-09,2024-07-01,6100.0,sales & marketing,Sales & Marketing,Marketing,CC200,Wilson Ltd,8138.06,DR,SaaS US,Reclass
GL0001705,2024-07-25,2024-07-01,1010.0,cash,Cash,Unknown,CC200,"Duarte, Adams and Jones",-19781.5,CR,SaaS US,Payroll
GL0001706,2024-07-18,2024-07-01,6100.0,sales & marketing,Sales & Marketing,Marketing,CC200,Mccullough and Sons,-20743.21,CR,SaaS HoldCo,Contractor costs
GL0001707,2024-07-06,2024-07-01,5000.0,cost of service,COGS,Unknown,CC400,"Dominguez, Rivera and Terry",20831.36,DR,SaaS US,Reclass
GL0001708,2024-07-23,2024-07-01,6300.0,g&a,G&A,Sales,CC400,Williams-Vega,15855.86,DR,SaaS US,Google Ads
GL0001709,2024-07-24,2024-07-01,6200.0,r&d,R&D,Engineering,CC100,Warren-Johnson,-12111.38,CR,SaaS HoldCo,AWS hosting
GL0001710,2024-07-02,2024-07-01,5000.0,cost of service,COGS,Marketing,CC100,Combs-Jones,6462.68,DR,SaaS US,Payroll
GL0001711,2024-08-11,2024-08-01,6100.0,sales & marketing,Sales & Marketing,Sales,Unknown,Reynolds Ltd,19692.73,DR,SaaS HoldCo,Payroll
GL0001712,2024-08-22,2024-08-01,6100.0,sales and marketing,Sales & Marketing,Unknown,CC300,"Wood, Koch and Conrad",14224.01,DR,SaaS US,Google Ads
GL0001713,2024-08-07,2024-08-01,6100.0,sales & marketing,Sales & Marketing,Sales,Unknown,Walsh-Hernandez,5988.71,DR,SaaS US,Software tools
GL0001714,2024-08-01,2024-08-01,6100.0,sales and marketing,Sales & Marketing,Sales,Unknown,"Johnson, Lopez and Kerr",-9069.23,,SaaS Canada,Software tools
GL0001715,2024-08-25,2024-08-01,6100.0,sales & marketing,Sales & Marketing,Finance,Unknown,Unknown,20140.89,DR,SaaS Canada,Google Ads
GL0001716,2024-08-14,2024-08-01,6200.0,r&d,R&D,Finance,Unknown,Unknown,6037.0,DR,SaaS HoldCo,AWS hosting
GL0001717,2024-08-22,2024-08-01,6300.0,g&a,G&A,Finance,CC100,Salazar-Freeman,14575.54,DR,SaaS US,Unknown
GL0001718,2024-08-21,2024-08-01,6100.0,sales and marketing,Sales & Marketing,Unknown,CC400,"Taylor, Evans and Delacruz",9451.55,DR,SaaS HoldCo,Software tools
GL0001719,2024-08-24,2024-08-01,6100.0,s&m,Sales & Marketing,Unknown,Unknown,Martin-Cole,-13553.76,CR,SaaS Canada,AWS hosting
GL0001720,2024-08-16,2024-08-01,5000.0,cost of service,COGS,Marketing,CC300,Becker-Alexander,20041.2,DR,SaaS HoldCo,Payroll
GL0001721,2024-08-25,2024-08-01,6100.0,sales and marketing,Sales & Marketing,Finance,CC200,Townsend PLC,10082.83,DR,SaaS US,Contractor costs
GL0001722,2024-08-18,2024-08-01,6100.0,sales and marketing,Sales & Marketing,Unknown,Unknown,Collins-Mccarthy,13968.73,DR,SaaS US,Contractor costs
GL0001723,2024-08-16,2024-08-01,6100.0,s&m,Sales & Marketing,Operations,CC400,Copeland Ltd,3162.26,DR,SaaS Canada,Unknown
GL0001724,2024-08-27,2024-08-01,6100.0,sales and marketing,Sales & Marketing,Unknown,Unknown,Bennett Ltd,-23315.33,CR,SaaS Canada,Unknown
GL0001725,2024-08-09,2024-08-01,1010.0,cash,Cash,Unknown,CC100,"Davies, Hall and Stanley",17080.19,DR,SaaS US,Payroll
GL0001726,2024-08-09,2024-08-01,1010.0,cash,Cash,Marketing,Unknown,Bradley-Jones,3050.89,DR,SaaS HoldCo,Reclass
GL0001727,2024-08-06,2024-08-01,6100.0,s&m,Sales & Marketing,Finance,Unknown,Miller-Barr,10450.25,DR,SaaS HoldCo,AWS hosting
GL0001728,2024-08-01,2024-08-01,6100.0,s&m,Sales & Marketing,Finance,Unknown,"Watts, Roberts and Hoffman",20261.41,DR,SaaS Canada,Software tools
GL0001729,2024-08-02,2024-08-01,6200.0,r&d,R&D,Marketing,Unknown,Garrett-Ford,-9487.06,CR,SaaS HoldCo,AWS hosting
GL0001730,2024-08-27,2024-08-01,5000.0,cost of service,COGS,Finance,Unknown,Miller-Bennett,6309.85,DR,SaaS US,Software tools
GL0001731,2024-08-21,2024-08-01,6100.0,sales and marketing,Sales & Marketing,Operations,Unknown,"Strickland, King and Richard",-7737.81,CR,SaaS Canada,Payroll
GL0001732,2024-08-13,2024-08-01,9999.0,misc expense,Other,Unknown,CC200,Lambert Group,-19763.87,CR,SaaS US,Unknown
GL0001733,2024-08-18,2024-08-01,6200.0,r&d,R&D,Marketing,CC200,"Williamson, Jackson and Boyer",6241.64,DR,SaaS HoldCo,Unknown
GL0001734,2024-08-08,2024-08-01,5000.0,cost of service,COGS,Engineering,CC100,Gallagher LLC,12995.61,DR,SaaS US,Contractor costs
GL0001735,2024-08-09,2024-08-01,6200.0,research and development,R&D,Sales,Unknown,Carr-Rosales,-22820.18,CR,SaaS Canada,Payroll
GL0001736,2024-08-18,2024-08-01,6200.0,research and development,R&D,Operations,CC100,"White, Howard and Rodriguez",-12478.53,CR,SaaS Canada,AWS hosting
GL0001737,2024-08-05,2024-08-01,6300.0,g&a,G&A,Unknown,Unknown,Allen-Stephenson,3459.87,DR,SaaS Canada,Reclass
GL0001738,2024-08-22,2024-08-01,5000.0,cost of service,COGS,Operations,CC100,Smith Inc,-21199.26,CR,SaaS US,Refund
GL0001739,2024-08-17,2024-08-01,6100.0,sales & marketing,Sales & Marketing,Engineering,Unknown,"Doyle, Simmons and Padilla",2676.09,DR,SaaS Canada,Refund
GL0001740,2024-08-25,2024-08-01,1010.0,cash,Cash,Engineering,CC400,Cochran-Walker,3876.76,DR,SaaS US,Contractor costs
GL0001741,2024-08-12,2024-08-01,6300.0,general and administrative,G&A,Unknown,CC400,Hughes LLC,-11620.27,CR,SaaS US,AWS hosting
GL0001742,2024-08-13,2024-08-01,5000.0,cost of service,COGS,Sales,Unknown,"Graham, Wiley and Rhodes",7825.46,DR,SaaS HoldCo,AWS hosting
GL0001743,2024-08-09,2024-08-01,Unknown,cost of service,COGS,Marketing,Unknown,Turner-Brown,13960.34,DR,SaaS US,Unknown
GL0001744,2024-08-11,2024-08-01,9999.0,misc expense,Other,Unknown,CC300,Miles and Sons,-5831.55,CR,SaaS HoldCo,Reclass
GL0001745,2024-08-19,2024-08-01,1010.0,cash,Cash,Operations,CC100,"Dougherty, Wright and Anderson",-2474.31,CR,SaaS Canada,Contractor costs
GL0001746,2024-08-11,2024-08-01,6100.0,s&m,Sales & Marketing,Finance,Unknown,Adams Inc,6002.88,DR,SaaS HoldCo,AWS hosting
GL0001747,2024-08-09,2024-08-01,6100.0,sales & marketing,Sales & Marketing,Engineering,CC200,Unknown,24821.65,DR,SaaS US,Payroll
GL0001748,2024-08-12,2024-08-01,6100.0,sales & marketing,Sales & Marketing,Engineering,CC200,"Clark, Diaz and Hall",21580.13,CR,SaaS US,Refund
GL0001749,2024-08-08,2024-08-01,6200.0,r&d,R&D,Marketing,CC400,Mendez Group,23554.79,DR,SaaS US,Refund
GL0001750,2024-08-01,2024-08-01,6200.0,r&d,R&D,Unknown,CC100,Johnson-Daniel,9988.78,DR,SaaS US,Software tools
GL0001751,2024-08-22,2024-08-01,6200.0,r&d,R&D,Sales,Unknown,"Hudson, Williams and Bennett",3931.58,DR,SaaS HoldCo,Payroll
GL0001752,2024-08-03,2024-08-01,6300.0,g&a,G&A,Unknown,CC200,Padilla and Sons,4006.26,DR,SaaS US,Reclass
GL0001753,2024-08-04,2024-08-01,5000.0,cost of service,COGS,Marketing,Unknown,Scott-Joseph,24738.31,DR,SaaS US,AWS hosting
GL0001754,2024-08-12,2024-08-01,Unknown,sales and marketing,Sales & Marketing,Unknown,Unknown,Ruiz LLC,10492.83,DR,SaaS HoldCo,Refund
GL0001755,2024-08-21,2024-08-01,6300.0,g&a,G&A,Unknown,CC300,"Evans, Sparks and Elliott",1409.21,DR,SaaS US,Software tools
GL0001756,2024-08-13,2024-08-01,6200.0,r&d,R&D,Unknown,Unknown,Wagner-Parsons,-20725.65,,SaaS US,Software tools
GL0001757,2024-08-16,2024-08-01,5000.0,cost of service,COGS,Operations,Unknown,"Blackwell, Castro and Gomez",20677.35,CR,SaaS HoldCo,Contractor costs
GL0001758,2024-08-02,2024-08-01,5000.0,cost of service,COGS,Engineering,Unknown,Warren-Hensley,16931.3,DR,SaaS Canada,Software tools
GL0001759,2024-08-01,2024-08-01,1010.0,cash,Cash,Operations,Unknown,Gonzalez Inc,-7974.26,CR,SaaS Canada,Software tools
GL0001760,2024-08-25,2024-08-01,6100.0,sales & marketing,Sales & Marketing,Unknown,Unknown,Farley-Smith,16507.84,DR,SaaS HoldCo,Software tools
GL0001761,2024-08-11,2024-08-01,6100.0,s&m,Sales & Marketing,Engineering,CC200,Bryan Ltd,-23110.59,CR,SaaS US,Unknown
GL0001762,2024-08-24,2024-08-01,9999.0,misc expense,Other,Sales,Unknown,Yoder-Marshall,17987.01,DR,SaaS HoldCo,Google Ads
GL0001763,2024-08-08,2024-08-01,5000.0,cost of service,COGS,Unknown,Unknown,Schmidt Ltd,-15980.35,CR,SaaS US,Refund
GL0001764,2024-08-12,2024-08-01,6300.0,g&a,G&A,Finance,CC300,Schwartz LLC,-8841.05,CR,SaaS US,Unknown
GL0001765,2024-08-21,2024-08-01,6300.0,g&a,G&A,Sales,CC300,Johnson-Walker,-10306.69,CR,SaaS US,Contractor costs
GL0001766,2024-08-04,2024-08-01,6100.0,s&m,Sales & Marketing,Sales,CC300,Harper-Walker,23940.09,DR,SaaS HoldCo,Unknown
GL0001767,2024-08-08,2024-08-01,6200.0,research and development,R&D,Finance,Unknown,"Woods, Shelton and Lee",-16254.94,CR,SaaS US,Software tools
GL0001768,2024-08-17,2024-08-01,5000.0,cost of service,COGS,Finance,CC300,Lee-Porter,4254.59,DR,SaaS US,Unknown
GL0001769,2024-08-15,2024-08-01,5000.0,cost of service,COGS,Finance,CC400,Day-Murphy,19802.45,DR,SaaS Canada,Reclass
GL0001770,2024-08-16,2024-08-01,6200.0,r&d,R&D,Operations,Unknown,Lloyd Inc,3776.19,DR,SaaS US,Google Ads
GL0001771,2024-08-10,2024-08-01,Unknown,misc expense,Other,Marketing,CC100,"English, Roth and Morris",16602.65,DR,SaaS HoldCo,Payroll
GL0001772,2024-08-14,2024-08-01,6300.0,g&a,G&A,Marketing,CC100,Noble Group,-21891.0,CR,SaaS US,Payroll
GL0001773,2024-08-08,2024-08-01,5000.0,cost of service,COGS,Operations,CC400,"Silva, Hamilton and Shelton",24064.89,,SaaS Canada,AWS hosting
GL0001774,2024-08-15,2024-08-01,6200.0,research and development,R&D,Marketing,CC200,"Key, Wilson and Patel",-21167.83,,SaaS HoldCo,Reclass
GL0001775,2024-08-11,2024-08-01,6100.0,sales and marketing,Sales & Marketing,Marketing,CC300,"Miller, Johnson and Gates",-5199.72,CR,SaaS HoldCo,Reclass
GL0001776,2024-08-09,2024-08-01,6300.0,general and administrative,G&A,Operations,CC400,Holt-Hess,-1128.31,CR,SaaS US,Contractor costs
GL0001777,2024-08-22,2024-08-01,9999.0,misc expense,Other,Engineering,CC300,Reyes-Reynolds,-9017.88,CR,SaaS US,Contractor costs
GL0001778,2024-08-27,2024-08-01,1010.0,cash,Cash,Unknown,CC400,King-Peterson,22131.0,DR,SaaS US,Payroll
GL0001779,2024-08-16,2024-08-01,5000.0,cost of service,COGS,Sales,CC300,"Cobb, Bolton and Miller",-23243.28,,SaaS Canada,AWS hosting
GL0001780,2024-08-24,2024-08-01,5000.0,cost of service,COGS,Operations,CC100,Stone-Smith,4199.61,DR,SaaS US,Unknown
GL0001781,2024-08-18,2024-08-01,5000.0,cost of service,COGS,Sales,Unknown,"Hodge, Rosales and Thomas",3305.25,DR,SaaS US,Payroll
GL0001782,2024-08-05,2024-08-01,6200.0,research and development,R&D,Unknown,CC300,"Ruiz, Baker and Rivera",11410.56,DR,SaaS US,Unknown
GL0001783,2024-08-11,2024-08-01,6200.0,research and development,R&D,Sales,CC200,"Logan, Cook and Marshall",-16466.46,CR,SaaS US,Reclass
GL0001784,2024-08-06,2024-08-01,5000.0,cost of service,COGS,Sales,Unknown,"Roy, Anderson and Cisneros",-23105.26,CR,SaaS HoldCo,AWS hosting
GL0001785,2024-08-15,2024-08-01,6300.0,general and administrative,G&A,Unknown,Unknown,"Davis, Lynch and Johnson",18187.89,DR,SaaS US,Reclass
GL0001786,2024-08-21,2024-08-01,6200.0,r&d,R&D,Sales,CC200,Brandt LLC,-15794.56,CR,SaaS Canada,Unknown
GL0001787,2024-08-13,2024-08-01,1010.0,cash,Cash,Unknown,CC400,"Logan, Martin and Smith",13562.53,DR,SaaS HoldCo,AWS hosting
GL0001788,2024-08-06,2024-08-01,6100.0,sales and marketing,Sales & Marketing,Finance,CC200,"Simmons, Lyons and Thompson",13779.52,DR,SaaS HoldCo,Software tools
GL0001789,2024-08-12,2024-08-01,9999.0,misc expense,Other,Unknown,CC100,Warren PLC,-17559.84,CR,SaaS US,AWS hosting
GL0001790,2024-08-11,2024-08-01,6100.0,sales & marketing,Sales & Marketing,Engineering,CC300,Allen and Sons,5076.07,DR,SaaS Canada,Refund
GL0001791,2024-08-02,2024-08-01,6100.0,sales and marketing,Sales & Marketing,Finance,CC300,Vaughn Group,-3244.31,CR,SaaS US,Payroll
GL0001792,2024-08-11,2024-08-01,6100.0,sales & marketing,Sales & Marketing,Operations,CC200,Hicks-Sanchez,18948.57,DR,SaaS Canada,AWS hosting
GL0001793,2024-08-01,2024-08-01,5000.0,cost of service,COGS,Operations,CC400,"Lyons, Valentine and Wilson",20032.95,DR,SaaS HoldCo,Unknown
GL0001794,2024-08-02,2024-08-01,6300.0,general and administrative,G&A,Unknown,CC300,"Mccoy, White and Watson",22892.27,DR,SaaS Canada,Reclass
GL0001795,2024-08-19,2024-08-01,6100.0,sales & marketing,Sales & Marketing,Unknown,CC300,Booker-Smith,5220.38,DR,SaaS US,Software tools
GL0001796,2024-08-03,2024-08-01,6300.0,g&a,G&A,Unknown,CC400,Morgan-Alvarez,2725.49,DR,SaaS Canada,Software tools
GL0001797,2024-08-12,2024-08-01,6300.0,general and administrative,G&A,Engineering,Unknown,Meyers-Tran,14952.25,DR,SaaS HoldCo,Software tools
GL0001798,2024-08-08,2024-08-01,6300.0,g&a,G&A,Marketing,CC200,"White, Ellison and Gomez",-6890.93,CR,SaaS HoldCo,Google Ads
GL0001799,2024-08-03,2024-08-01,5000.0,cost of service,COGS,Unknown,Unknown,"Hudson, Pena and Gonzalez",10945.76,DR,SaaS HoldCo,AWS hosting
GL0001800,2024-08-02,2024-08-01,5000.0,cost of service,COGS,Operations,CC100,Rodriguez Inc,-22614.89,DR,SaaS US,Contractor costs
GL0001801,2024-09-16,2024-09-01,6200.0,r&d,R&D,Unknown,CC200,Henry-Harris,8097.77,DR,SaaS HoldCo,Payroll
GL0001802,2024-09-15,2024-09-01,5000.0,cost of service,COGS,Unknown,CC200,"Brown, Berger and Rivers",-18282.67,CR,SaaS Canada,Refund
GL0001803,2024-09-15,2024-09-01,6300.0,g&a,G&A,Unknown,CC400,Hayes-Hill,4458.04,DR,SaaS US,Contractor costs
GL0001804,2024-09-02,2024-09-01,9999.0,misc expense,Other,Sales,Unknown,"Compton, Green and Mann",-13674.57,CR,SaaS US,Google Ads
GL0001805,2024-09-06,2024-09-01,6100.0,sales and marketing,Sales & Marketing,Engineering,CC100,"Jensen, Scott and Perez",9481.12,DR,SaaS HoldCo,AWS hosting
GL0001806,2024-09-12,2024-09-01,6200.0,research and development,R&D,Engineering,CC100,Jones and Sons,1719.99,DR,SaaS US,Payroll
GL0001807,2024-09-14,2024-09-01,6200.0,r&d,R&D,Unknown,CC400,"Taylor, Mathis and Marshall",-20938.71,CR,SaaS HoldCo,Software tools
GL0001808,2024-09-01,2024-09-01,6200.0,research and development,R&D,Unknown,CC100,Alvarez-Davis,1267.3,DR,SaaS HoldCo,Contractor costs
GL0001809,2024-09-22,2024-09-01,6200.0,research and development,R&D,Unknown,CC200,Brooks-Miller,-19492.78,CR,SaaS Canada,Reclass
GL0001810,2024-09-13,2024-09-01,6300.0,g&a,G&A,Unknown,Unknown,Bell PLC,11435.28,DR,SaaS US,AWS hosting
GL0001811,2024-09-15,2024-09-01,6200.0,research and development,R&D,Operations,CC300,Thompson and Sons,-17368.17,CR,SaaS Canada,Software tools
GL0001812,2024-09-13,2024-09-01,6200.0,research and development,R&D,Sales,CC400,"Potter, Ramsey and Berry",19298.58,DR,SaaS HoldCo,Contractor costs
GL0001813,2024-09-03,2024-09-01,5000.0,cost of service,COGS,Operations,CC200,"Bartlett, Kemp and Estrada",16399.47,DR,SaaS US,Unknown
GL0001814,2024-09-21,2024-09-01,5000.0,cost of service,COGS,Unknown,Unknown,"Baker, Alexander and Holland",8719.64,DR,SaaS US,AWS hosting
GL0001815,2024-09-26,2024-09-01,6100.0,s&m,Sales & Marketing,Unknown,CC200,"Ward, Fisher and Thompson",10994.99,DR,SaaS HoldCo,Google Ads
GL0001816,2024-09-06,2024-09-01,6100.0,sales and marketing,Sales & Marketing,Operations,CC100,Key-Sanders,22024.55,DR,SaaS US,Unknown
GL0001817,2024-09-15,2024-09-01,Unknown,research and development,R&D,Unknown,Unknown,"Webb, Campbell and Arnold",-12028.77,CR,SaaS Canada,Reclass
GL0001818,2024-09-15,2024-09-01,1010.0,cash,Cash,Engineering,CC200,"Stone, James and Adams",4780.96,DR,SaaS US,Payroll
GL0001819,2024-09-24,2024-09-01,9999.0,misc expense,Other,Operations,CC100,Flores-Sellers,-22916.06,CR,SaaS US,Google Ads
GL0001820,2024-09-24,2024-09-01,6200.0,r&d,R&D,Unknown,Unknown,"Vaughn, Carter and Myers",12681.21,DR,SaaS HoldCo,Unknown
GL0001821,2024-09-27,2024-09-01,6200.0,research and development,R&D,Unknown,CC200,Hinton-Johnson,14641.13,DR,SaaS Canada,Unknown
GL0001822,2024-09-14,2024-09-01,6100.0,sales & marketing,Sales & Marketing,Engineering,Unknown,Beck Inc,-24762.35,CR,SaaS HoldCo,Unknown
GL0001823,2024-09-02,2024-09-01,6100.0,sales & marketing,Sales & Marketing,Engineering,Unknown,Norris-Hinton,17614.29,DR,SaaS US,Unknown
GL0001824,2024-09-01,2024-09-01,6300.0,general and administrative,G&A,Unknown,CC200,Phillips-Miller,16496.6,DR,SaaS US,Software tools
GL0001825,2024-09-03,2024-09-01,6200.0,r&d,R&D,Operations,CC400,Unknown,16904.49,DR,SaaS Canada,Software tools
GL0001826,2024-09-02,2024-09-01,6200.0,r&d,R&D,Operations,CC200,Smith Inc,14257.85,,SaaS Canada,Unknown
GL0001827,2024-09-19,2024-09-01,1010.0,cash,Cash,Marketing,CC200,"Watkins, Greene and Miller",13130.21,DR,SaaS Canada,Refund
GL0001828,2024-09-27,2024-09-01,6300.0,general and administrative,G&A,Marketing,Unknown,Silva-Hoover,-22482.44,CR,SaaS US,AWS hosting
GL0001829,2024-09-14,2024-09-01,6300.0,general and administrative,G&A,Sales,CC300,"Merritt, Hamilton and Alvarez",-20459.01,CR,SaaS Canada,Software tools
GL0001830,2024-09-01,2024-09-01,1010.0,cash,Cash,Operations,CC100,Wall Ltd,10474.26,DR,SaaS HoldCo,Unknown
GL0001831,2024-09-24,2024-09-01,5000.0,cost of service,COGS,Sales,CC300,"Jones, Thompson and Moore",13413.37,DR,SaaS US,Reclass
GL0001832,2024-09-01,2024-09-01,5000.0,cost of service,COGS,Sales,CC100,Green-Gallegos,-18278.69,CR,SaaS US,Refund
GL0001833,2024-09-12,2024-09-01,6100.0,sales & marketing,Sales & Marketing,Marketing,Unknown,Herring Group,-6992.22,CR,SaaS US,Unknown
GL0001834,2024-09-23,2024-09-01,5000.0,cost of service,COGS,Operations,CC200,Webb PLC,16063.19,DR,SaaS HoldCo,AWS hosting
GL0001835,2024-09-05,2024-09-01,6200.0,r&d,R&D,Unknown,CC400,Hendricks and Sons,-6392.6,CR,SaaS HoldCo,Google Ads
GL0001836,2024-09-26,2024-09-01,6100.0,sales and marketing,Sales & Marketing,Marketing,CC200,"Smith, Bryant and Mccarthy",1827.75,DR,SaaS US,Contractor costs
GL0001837,2024-09-26,2024-09-01,5000.0,cost of service,COGS,Unknown,Unknown,Smith Inc,-10690.41,,SaaS US,Reclass
GL0001838,2024-09-20,2024-09-01,6300.0,general and administrative,G&A,Sales,Unknown,Fuentes Inc,11923.92,DR,SaaS US,AWS hosting
GL0001839,2024-09-23,2024-09-01,6200.0,research and development,R&D,Unknown,CC200,Davis and Sons,22708.1,DR,SaaS US,Refund
GL0001840,2024-09-10,2024-09-01,5000.0,cost of service,COGS,Sales,CC200,Hicks LLC,18906.46,DR,SaaS US,Unknown
GL0001841,2024-09-15,2024-09-01,5000.0,cost of service,COGS,Unknown,Unknown,Hamilton Group,-10836.16,CR,SaaS HoldCo,Software tools
GL0001842,2024-09-18,2024-09-01,6100.0,sales and marketing,Sales & Marketing,Unknown,CC200,Jones-Oneal,20550.74,DR,SaaS US,Unknown
GL0001843,2024-09-20,2024-09-01,9999.0,misc expense,Other,Marketing,CC200,Neal PLC,12452.85,DR,SaaS Canada,Software tools
GL0001844,2024-09-22,2024-09-01,5000.0,cost of service,COGS,Finance,Unknown,Cook Group,15134.6,DR,SaaS Canada,Unknown
GL0001845,2024-09-26,2024-09-01,6200.0,research and development,R&D,Finance,CC100,Fox-Warner,21606.79,DR,SaaS US,Google Ads
GL0001846,2024-09-04,2024-09-01,6200.0,r&d,R&D,Unknown,CC200,Richardson Ltd,22983.87,DR,SaaS Canada,Contractor costs
GL0001847,2024-09-11,2024-09-01,6100.0,sales and marketing,Sales & Marketing,Sales,CC200,"Morgan, Miller and Fields",-11708.31,CR,SaaS HoldCo,Reclass
GL0001848,2024-09-19,2024-09-01,6200.0,research and development,R&D,Marketing,CC300,"Petersen, Smith and Richardson",12421.04,CR,SaaS Canada,Google Ads
GL0001849,2024-09-12,2024-09-01,5000.0,cost of service,COGS,Unknown,CC200,Lucas-Nguyen,18226.56,DR,SaaS US,Payroll
GL0001850,2024-09-24,2024-09-01,1010.0,cash,Cash,Marketing,Unknown,Bishop PLC,21167.05,DR,SaaS Canada,Unknown
GL0001851,2024-09-19,2024-09-01,6200.0,research and development,R&D,Operations,CC400,Pitts-Jimenez,17371.7,DR,SaaS HoldCo,Contractor costs
GL0001852,2024-09-20,2024-09-01,6100.0,sales & marketing,Sales & Marketing,Finance,CC100,"Hughes, Lewis and Russell",-5375.9,CR,SaaS US,Refund
GL0001853,2024-09-08,2024-09-01,5000.0,cost of service,COGS,Engineering,Unknown,Rivera-Ortiz,19816.46,DR,SaaS US,Payroll
GL0001854,2024-09-19,2024-09-01,6100.0,s&m,Sales & Marketing,Unknown,CC400,Garcia Inc,7822.45,DR,SaaS US,AWS hosting
GL0001855,2024-09-21,2024-09-01,9999.0,misc expense,Other,Unknown,CC400,Parrish-Martinez,20266.37,DR,SaaS HoldCo,Contractor costs
GL0001856,2024-09-18,2024-09-01,9999.0,misc expense,Other,Operations,CC200,"Velazquez, Myers and Chambers",6608.9,DR,SaaS US,Contractor costs
GL0001857,2024-09-15,2024-09-01,5000.0,cost of service,COGS,Unknown,CC200,Oneill and Sons,5504.34,DR,SaaS US,Software tools
GL0001858,2024-09-02,2024-09-01,5000.0,cost of service,COGS,Sales,CC300,"Johnston, Mitchell and White",-19734.99,CR,SaaS US,Software tools
GL0001859,2024-09-26,2024-09-01,6100.0,sales and marketing,Sales & Marketing,Finance,CC400,"Ruiz, Harmon and Jefferson",13461.92,DR,SaaS Canada,AWS hosting
GL0001860,2024-09-25,2024-09-01,9999.0,misc expense,Other,Unknown,CC300,"King, Mcgee and Jones",-22123.09,CR,SaaS HoldCo,Contractor costs
GL0001861,2024-09-15,2024-09-01,6100.0,sales & marketing,Sales & Marketing,Sales,CC200,Watkins-Medina,-16425.0,CR,SaaS US,AWS hosting
GL0001862,2024-09-26,2024-09-01,6200.0,research and development,R&D,Unknown,CC100,Hernandez-Johnson,-15820.11,CR,SaaS US,Payroll
GL0001863,2024-09-08,2024-09-01,6100.0,sales & marketing,Sales & Marketing,Unknown,Unknown,Velez PLC,16136.8,DR,SaaS Canada,Google Ads
GL0001864,2024-09-19,2024-09-01,6100.0,sales and marketing,Sales & Marketing,Engineering,CC400,"Dodson, Black and Ferguson",15388.13,DR,SaaS Canada,Payroll
GL0001865,2024-09-22,2024-09-01,6200.0,research and development,R&D,Finance,CC100,"Rosario, Hess and Miller",-6228.17,CR,SaaS Canada,Contractor costs
GL0001866,2024-09-22,2024-09-01,6100.0,sales & marketing,Sales & Marketing,Marketing,CC300,Evans LLC,4019.23,DR,SaaS US,Unknown
GL0001867,2024-09-10,2024-09-01,6100.0,s&m,Sales & Marketing,Operations,CC100,Jones-Conway,-2687.6,CR,SaaS HoldCo,Reclass
GL0001868,2024-09-10,2024-09-01,5000.0,cost of service,COGS,Marketing,Unknown,Rodriguez and Sons,15054.08,DR,SaaS Canada,Contractor costs
GL0001869,2024-09-25,2024-09-01,1010.0,cash,Cash,Marketing,CC200,Brown-Harris,10090.74,DR,SaaS HoldCo,Refund
GL0001870,2024-09-11,2024-09-01,1010.0,cash,Cash,Unknown,Unknown,Fuller Inc,16973.49,DR,SaaS US,Contractor costs
GL0001871,2024-09-09,2024-09-01,5000.0,cost of service,COGS,Sales,CC100,Thomas and Sons,-13928.37,CR,SaaS HoldCo,Unknown
GL0001872,2024-09-27,2024-09-01,Unknown,cash,Cash,Unknown,CC200,"Martinez, Benson and Mercado",18900.02,DR,SaaS HoldCo,Unknown
GL0001873,2024-09-04,2024-09-01,5000.0,cost of service,COGS,Unknown,Unknown,"Cooper, Sheppard and Wilson",15120.85,DR,SaaS Canada,Google Ads
GL0001874,2024-09-11,2024-09-01,6100.0,sales & marketing,Sales & Marketing,Unknown,Unknown,Best Group,23130.61,DR,SaaS US,Reclass
GL0001875,2024-09-18,2024-09-01,5000.0,cost of service,COGS,Finance,CC100,Hernandez LLC,-11044.41,CR,SaaS US,Software tools
GL0001876,2024-09-14,2024-09-01,6100.0,sales and marketing,Sales & Marketing,Engineering,CC400,"Anderson, Higgins and Pearson",-8324.97,DR,SaaS Canada,Refund
GL0001877,2024-09-25,2024-09-01,6300.0,g&a,G&A,Unknown,CC400,Alvarez-Martinez,24572.85,DR,SaaS US,Software tools
GL0001878,2024-09-09,2024-09-01,9999.0,misc expense,Other,Unknown,CC400,Unknown,19550.48,DR,SaaS US,Refund
GL0001879,2024-09-18,2024-09-01,6100.0,sales & marketing,Sales & Marketing,Operations,CC400,Cline Inc,15062.43,DR,SaaS HoldCo,Google Ads
GL0001880,2024-09-03,2024-09-01,9999.0,misc expense,Other,Sales,CC300,Hernandez Group,-11576.5,,SaaS US,Refund
GL0001881,2024-09-22,2024-09-01,6100.0,sales and marketing,Sales & Marketing,Unknown,CC400,Smith-Reynolds,-24017.48,CR,SaaS US,Reclass
GL0001882,2024-09-01,2024-09-01,6200.0,research and development,R&D,Engineering,CC100,Chandler Ltd,22137.01,DR,SaaS US,Unknown
GL0001883,2024-09-16,2024-09-01,6100.0,sales and marketing,Sales & Marketing,Marketing,CC200,Clark PLC,-11519.29,CR,SaaS US,Unknown
GL0001884,2024-09-24,2024-09-01,6200.0,r&d,R&D,Finance,CC400,Rosario-Smith,7664.6,DR,SaaS HoldCo,AWS hosting
GL0001885,2024-09-21,2024-09-01,6100.0,s&m,Sales & Marketing,Operations,Unknown,Osborn Group,-7988.27,CR,SaaS US,AWS hosting
GL0001886,2024-09-05,2024-09-01,6300.0,general and administrative,G&A,Unknown,CC200,Wilson-Woodard,15072.46,DR,SaaS US,Unknown
GL0001887,2024-09-07,2024-09-01,6200.0,research and development,R&D,Operations,CC200,"Humphrey, Underwood and Howell",3478.66,DR,SaaS US,Payroll
GL0001888,2024-09-06,2024-09-01,6100.0,sales and marketing,Sales & Marketing,Sales,CC400,Frazier-Fowler,10208.5,DR,SaaS HoldCo,Software tools
GL0001889,2024-09-26,2024-09-01,1010.0,cash,Cash,Engineering,Unknown,"Austin, Cummings and Arellano",5715.32,DR,SaaS US,Contractor costs
GL0001890,2024-09-01,2024-09-01,6300.0,general and administrative,G&A,Unknown,Unknown,"Hoffman, Green and Cruz",-10737.05,DR,SaaS US,Software tools
GL0001891,2024-10-01,2024-10-01,6300.0,general and administrative,G&A,Operations,Unknown,Reyes-Gibson,13204.46,DR,SaaS HoldCo,Contractor costs
GL0001892,2024-10-13,2024-10-01,6200.0,research and development,R&D,Sales,CC400,Shaffer-Clements,4430.2,DR,SaaS US,Google Ads
GL0001893,2024-10-26,2024-10-01,6100.0,sales & marketing,Sales & Marketing,Sales,CC400,Gaines Inc,-12213.58,CR,SaaS US,Software tools
GL0001894,2024-10-10,2024-10-01,6100.0,s&m,Sales & Marketing,Finance,CC100,"Miller, Wells and Conley",-6395.61,CR,SaaS US,AWS hosting
GL0001895,2024-10-26,2024-10-01,9999.0,misc expense,Other,Unknown,CC300,Contreras-Cameron,4472.16,DR,SaaS HoldCo,Refund
GL0001896,2024-10-07,2024-10-01,1010.0,cash,Cash,Unknown,Unknown,"Miller, Baldwin and Miller",5007.35,DR,SaaS US,Unknown
GL0001897,2024-10-26,2024-10-01,5000.0,cost of service,COGS,Unknown,Unknown,"Chang, Bennett and Gibbs",18043.79,DR,SaaS US,Reclass
GL0001898,2024-10-25,2024-10-01,5000.0,cost of service,COGS,Unknown,CC400,"Pope, Torres and Higgins",19147.58,DR,SaaS Canada,Google Ads
GL0001899,2024-10-22,2024-10-01,6100.0,s&m,Sales & Marketing,Unknown,CC400,Bailey-King,-12947.12,CR,SaaS US,Unknown
GL0001900,2024-10-09,2024-10-01,6300.0,general and administrative,G&A,Operations,Unknown,"Walker, Clark and Murphy",9566.68,DR,SaaS US,Payroll
GL0001901,2024-10-12,2024-10-01,1010.0,cash,Cash,Operations,Unknown,"Huynh, Marshall and Carpenter",-9796.34,CR,SaaS Canada,Unknown
GL0001902,2024-10-04,2024-10-01,Unknown,misc expense,Other,Unknown,CC300,Cortez-Rollins,-16652.76,CR,SaaS Canada,Contractor costs
GL0001903,2024-10-08,2024-10-01,5000.0,cost of service,COGS,Engineering,CC400,Castillo-Khan,6187.24,DR,SaaS US,Reclass
GL0001904,2024-10-09,2024-10-01,9999.0,misc expense,Other,Engineering,CC400,Barber-Wilson,1974.53,DR,SaaS HoldCo,Refund
GL0001905,2024-10-17,2024-10-01,9999.0,misc expense,Other,Finance,Unknown,Carter-Sanchez,16463.32,DR,SaaS US,Unknown
GL0001906,2024-10-03,2024-10-01,6300.0,g&a,G&A,Finance,CC100,Mitchell PLC,-17790.54,CR,SaaS US,Contractor costs
GL0001907,2024-10-26,2024-10-01,6300.0,g&a,G&A,Finance,CC300,Lambert Ltd,6792.66,DR,SaaS US,Unknown
GL0001908,2024-10-12,2024-10-01,6200.0,research and development,R&D,Engineering,CC200,Parker PLC,3796.66,DR,SaaS Canada,Refund
GL0001909,2024-10-13,2024-10-01,6100.0,sales and marketing,Sales & Marketing,Sales,CC400,"Fuller, Jones and Espinoza",20248.79,DR,SaaS HoldCo,Payroll
GL0001910,2024-10-21,2024-10-01,5000.0,cost of service,COGS,Operations,CC100,Banks-Cunningham,-23798.04,CR,SaaS US,Refund
GL0001911,2024-10-16,2024-10-01,5000.0,cost of service,COGS,Engineering,CC200,Gaines-Washington,21836.23,DR,SaaS US,Contractor costs
GL0001912,2024-10-07,2024-10-01,6100.0,sales & marketing,Sales & Marketing,Finance,CC200,Unknown,-2885.72,CR,SaaS Canada,Contractor costs
GL0001913,2024-10-07,2024-10-01,6100.0,sales & marketing,Sales & Marketing,Sales,CC400,Garza-Barnes,20873.47,,SaaS HoldCo,Software tools
GL0001914,2024-10-15,2024-10-01,Unknown,cost of service,COGS,Finance,CC300,"Williams, Kennedy and Stone",5377.55,DR,SaaS US,Unknown
GL0001915,2024-10-14,2024-10-01,6100.0,s&m,Sales & Marketing,Marketing,Unknown,"Weiss, Ford and Patterson",16971.0,DR,SaaS US,Unknown
GL0001916,2024-10-15,2024-10-01,6300.0,g&a,G&A,Finance,Unknown,"Johnson, Valdez and Hernandez",-9220.5,CR,SaaS US,Google Ads
GL0001917,2024-10-24,2024-10-01,1010.0,cash,Cash,Finance,CC400,Jones-Taylor,14317.63,DR,SaaS US,Payroll
GL0001918,2024-10-07,2024-10-01,5000.0,cost of service,COGS,Unknown,Unknown,Hawkins-Warren,-23555.58,CR,SaaS US,AWS hosting
GL0001919,2024-10-04,2024-10-01,9999.0,misc expense,Other,Sales,CC100,Bailey-Parker,-19832.12,CR,SaaS HoldCo,Contractor costs
GL0001920,2024-10-02,2024-10-01,5000.0,cost of service,COGS,Engineering,CC100,"Abbott, Peters and Spencer",23449.18,DR,SaaS HoldCo,Contractor costs
GL0001921,2024-10-14,2024-10-01,5000.0,cost of service,COGS,Engineering,Unknown,Davis-Elliott,7285.8,DR,SaaS US,Payroll
GL0001922,2024-10-23,2024-10-01,5000.0,cost of service,COGS,Operations,CC400,Schultz LLC,20875.25,DR,SaaS Canada,Payroll
GL0001923,2024-10-08,2024-10-01,5000.0,cost of service,COGS,Engineering,Unknown,"Moore, Burns and Tyler",16053.09,DR,SaaS HoldCo,Reclass
GL0001924,2024-10-16,2024-10-01,9999.0,misc expense,Other,Sales,CC400,Vaughn PLC,16092.38,DR,SaaS HoldCo,Payroll
GL0001925,2024-10-14,2024-10-01,5000.0,cost of service,COGS,Unknown,CC300,Castro-Baker,19992.17,DR,SaaS US,Google Ads
GL0001926,2024-10-17,2024-10-01,6200.0,r&d,R&D,Sales,CC300,"Chandler, Mason and Olson",3368.2,DR,SaaS US,Contractor costs
GL0001927,2024-10-21,2024-10-01,5000.0,cost of service,COGS,Marketing,CC400,Mosley and Sons,20217.09,DR,SaaS US,Refund
GL0001928,2024-10-05,2024-10-01,6300.0,g&a,G&A,Engineering,CC200,Turner-Richardson,-15255.56,CR,SaaS US,Contractor costs
GL0001929,2024-10-01,2024-10-01,6300.0,g&a,G&A,Unknown,CC100,Holmes-Murphy,3593.65,DR,SaaS Canada,AWS hosting
GL0001930,2024-10-07,2024-10-01,9999.0,misc expense,Other,Operations,Unknown,"Nelson, Parker and Stewart",6211.58,DR,SaaS Canada,Contractor costs
GL0001931,2024-10-06,2024-10-01,9999.0,misc expense,Other,Marketing,Unknown,"Roberts, Roy and Jimenez",22768.32,DR,SaaS Canada,Contractor costs
GL0001932,2024-10-24,2024-10-01,6100.0,s&m,Sales & Marketing,Engineering,CC100,Johnson LLC,23247.7,DR,SaaS US,Contractor costs
GL0001933,2024-10-19,2024-10-01,6200.0,r&d,R&D,Unknown,Unknown,Johnson-Cook,19407.66,DR,SaaS US,Payroll
GL0001934,2024-10-22,2024-10-01,6300.0,g&a,G&A,Unknown,CC400,Greene-Spencer,22095.67,DR,SaaS US,Contractor costs
GL0001935,2024-10-01,2024-10-01,6100.0,s&m,Sales & Marketing,Operations,CC200,Scott-Adams,2898.95,,SaaS HoldCo,Payroll
GL0001936,2024-10-27,2024-10-01,6200.0,r&d,R&D,Finance,Unknown,Vasquez Group,10548.51,DR,SaaS HoldCo,AWS hosting
GL0001937,2024-10-19,2024-10-01,6300.0,general and administrative,G&A,Marketing,Unknown,Green-Hammond,21264.42,DR,SaaS Canada,Payroll
GL0001938,2024-10-26,2024-10-01,6300.0,general and administrative,G&A,Sales,CC400,"Franco, Nelson and Sims",-13166.37,CR,SaaS HoldCo,Reclass
GL0001939,2024-10-07,2024-10-01,6200.0,r&d,R&D,Finance,CC200,Smith-Brown,4961.48,DR,SaaS Canada,Google Ads
GL0001940,2024-10-07,2024-10-01,9999.0,misc expense,Other,Unknown,CC400,Harris-Alexander,-8712.12,CR,SaaS Canada,Contractor costs
GL0001941,2024-10-27,2024-10-01,5000.0,cost of service,COGS,Unknown,CC200,Brown Group,14170.54,DR,SaaS US,AWS hosting
GL0001942,2024-10-24,2024-10-01,9999.0,misc expense,Other,Finance,Unknown,"Hardy, Brown and Barajas",17146.04,DR,SaaS Canada,Unknown
GL0001943,2024-10-14,2024-10-01,9999.0,misc expense,Other,Unknown,CC400,Macdonald Ltd,-2484.92,CR,SaaS HoldCo,AWS hosting
GL0001944,2024-10-01,2024-10-01,6300.0,general and administrative,G&A,Unknown,Unknown,"Allen, Lester and Davis",-6776.51,,SaaS Canada,AWS hosting
GL0001945,2024-10-22,2024-10-01,5000.0,cost of service,COGS,Finance,Unknown,Moore Group,12632.87,DR,SaaS HoldCo,Reclass
GL0001946,2024-10-15,2024-10-01,6200.0,r&d,R&D,Engineering,CC100,Martin and Sons,-15047.87,CR,SaaS Canada,Payroll
GL0001947,2024-10-22,2024-10-01,9999.0,misc expense,Other,Operations,CC100,"Bauer, Roberts and Dominguez",-19155.53,CR,SaaS US,AWS hosting
GL0001948,2024-10-06,2024-10-01,6200.0,r&d,R&D,Finance,CC300,"Flores, Le and Barnes",-14416.49,CR,SaaS US,Google Ads
GL0001949,2024-10-16,2024-10-01,6100.0,s&m,Sales & Marketing,Sales,CC200,Willis LLC,-15801.97,CR,SaaS HoldCo,Software tools
GL0001950,2024-10-21,2024-10-01,Unknown,cost of service,COGS,Operations,CC400,Long-Blanchard,14893.99,DR,SaaS US,Software tools
GL0001951,2024-10-21,2024-10-01,6300.0,g&a,G&A,Operations,CC300,Fowler-Klein,11706.83,DR,SaaS US,Contractor costs
GL0001952,2024-10-25,2024-10-01,9999.0,misc expense,Other,Unknown,CC400,"Thomas, Shepherd and Hunter",7012.15,DR,SaaS US,Google Ads
GL0001953,2024-10-24,2024-10-01,6200.0,research and development,R&D,Engineering,Unknown,"Griffin, Nolan and Scott",1332.95,DR,SaaS US,Payroll
GL0001954,2024-10-01,2024-10-01,6300.0,general and administrative,G&A,Marketing,CC200,Hughes Ltd,19265.69,DR,SaaS HoldCo,Contractor costs
GL0001955,2024-10-12,2024-10-01,6100.0,sales & marketing,Sales & Marketing,Finance,CC100,"Thomas, Randolph and Davis",8742.07,DR,SaaS Canada,Contractor costs
GL0001956,2024-10-07,2024-10-01,6300.0,g&a,G&A,Unknown,Unknown,Gregory LLC,24068.83,DR,SaaS US,Unknown
GL0001957,2024-10-14,2024-10-01,6100.0,s&m,Sales & Marketing,Unknown,CC200,Unknown,-10976.36,CR,SaaS Canada,Software tools
GL0001958,2024-10-26,2024-10-01,9999.0,misc expense,Other,Unknown,Unknown,Wright PLC,-6485.73,CR,SaaS US,AWS hosting
GL0001959,2024-10-25,2024-10-01,6200.0,research and development,R&D,Operations,Unknown,Morales-White,-5369.94,CR,SaaS US,AWS hosting
GL0001960,2024-10-26,2024-10-01,6100.0,s&m,Sales & Marketing,Unknown,CC400,"Roberts, Roberts and Brooks",8793.61,DR,SaaS US,Reclass
GL0001961,2024-10-15,2024-10-01,1010.0,cash,Cash,Marketing,CC200,Boyle-Cortez,12925.33,DR,SaaS Canada,AWS hosting
GL0001962,2024-10-20,2024-10-01,9999.0,misc expense,Other,Engineering,Unknown,Snyder Group,-9978.52,CR,SaaS US,Unknown
GL0001963,2024-10-04,2024-10-01,6200.0,r&d,R&D,Sales,Unknown,"Griffin, Moore and Smith",8901.31,DR,SaaS HoldCo,Google Ads
GL0001964,2024-10-03,2024-10-01,6200.0,r&d,R&D,Marketing,Unknown,Smith-Powell,-23782.02,CR,SaaS US,AWS hosting
GL0001965,2024-10-07,2024-10-01,6300.0,g&a,G&A,Operations,CC300,Coleman PLC,21611.97,DR,SaaS US,AWS hosting
GL0001966,2024-10-04,2024-10-01,6200.0,r&d,R&D,Sales,CC200,"Hughes, Flynn and King",-20585.57,CR,SaaS Canada,Contractor costs
GL0001967,2024-10-14,2024-10-01,6300.0,general and administrative,G&A,Marketing,CC200,"Potter, Lopez and Juarez",2827.68,DR,SaaS Canada,Refund
GL0001968,2024-10-06,2024-10-01,6200.0,r&d,R&D,Unknown,CC300,Nichols Group,14262.8,DR,SaaS US,Contractor costs
GL0001969,2024-10-15,2024-10-01,6300.0,general and administrative,G&A,Engineering,CC100,Vazquez-Sparks,8343.1,DR,SaaS HoldCo,Refund
GL0001970,2024-10-27,2024-10-01,5000.0,cost of service,COGS,Marketing,CC400,"Garcia, Garcia and Schneider",-7442.82,CR,SaaS US,Payroll
GL0001971,2024-10-27,2024-10-01,6300.0,g&a,G&A,Finance,CC100,"Dalton, Sutton and Stark",3105.65,DR,SaaS Canada,Payroll
GL0001972,2024-10-23,2024-10-01,6100.0,sales and marketing,Sales & Marketing,Marketing,CC100,"Palmer, Goodwin and Evans",19866.6,DR,SaaS HoldCo,Unknown
GL0001973,2024-10-15,2024-10-01,1010.0,cash,Cash,Unknown,CC400,Odonnell-Dalton,10570.37,DR,SaaS US,Software tools
GL0001974,2024-10-27,2024-10-01,9999.0,misc expense,Other,Unknown,Unknown,Mitchell-Hamilton,4231.08,DR,SaaS HoldCo,Refund
GL0001975,2024-10-17,2024-10-01,6200.0,r&d,R&D,Unknown,CC300,Turner LLC,20939.11,DR,SaaS HoldCo,Google Ads
GL0001976,2024-10-11,2024-10-01,6300.0,general and administrative,G&A,Engineering,CC200,Unknown,5412.8,DR,SaaS Canada,Contractor costs
GL0001977,2024-10-26,2024-10-01,5000.0,cost of service,COGS,Operations,CC200,"Ballard, Heath and Hernandez",-23996.42,CR,SaaS US,AWS hosting
GL0001978,2024-10-27,2024-10-01,6200.0,research and development,R&D,Finance,CC300,Jones-Paul,8113.05,,SaaS Canada,AWS hosting
GL0001979,2024-10-07,2024-10-01,5000.0,cost of service,COGS,Unknown,CC200,"Parker, Daniel and Edwards",2127.91,DR,SaaS HoldCo,AWS hosting
GL0001980,2024-10-04,2024-10-01,6100.0,sales & marketing,Sales & Marketing,Unknown,CC400,Cline Ltd,12504.53,DR,SaaS HoldCo,Payroll
GL0001981,2024-11-04,2024-11-01,6200.0,research and development,R&D,Marketing,Unknown,Valentine LLC,8586.57,DR,SaaS US,AWS hosting
GL0001982,2024-11-17,2024-11-01,6100.0,sales and marketing,Sales & Marketing,Unknown,CC100,Bishop Ltd,24156.97,DR,SaaS Canada,AWS hosting
GL0001983,2024-11-09,2024-11-01,6200.0,research and development,R&D,Sales,Unknown,"Krause, Moore and Thomas",23519.67,DR,SaaS US,Unknown
GL0001984,2024-11-20,2024-11-01,9999.0,misc expense,Other,Marketing,CC100,Williams and Sons,-10408.46,CR,SaaS Canada,Refund
GL0001985,2024-11-14,2024-11-01,6300.0,g&a,G&A,Unknown,Unknown,"Santiago, Mcneil and Alexander",7406.85,DR,SaaS HoldCo,Reclass
GL0001986,2024-11-01,2024-11-01,6300.0,g&a,G&A,Unknown,CC300,Robinson-Davis,-16682.64,CR,SaaS US,AWS hosting
GL0001987,2024-11-14,2024-11-01,9999.0,misc expense,Other,Sales,CC300,Anderson Ltd,5417.53,DR,SaaS US,Google Ads
GL0001988,2024-11-01,2024-11-01,5000.0,cost of service,COGS,Engineering,CC400,Glenn-Smith,-6727.59,CR,SaaS Canada,Software tools
GL0001989,2024-11-07,2024-11-01,Unknown,g&a,G&A,Unknown,Unknown,"Peterson, Nelson and Martinez",-18539.08,CR,SaaS Canada,Reclass
GL0001990,2024-11-25,2024-11-01,6100.0,sales and marketing,Sales & Marketing,Unknown,CC300,Harris PLC,15900.66,,SaaS Canada,Reclass
GL0001991,2024-11-04,2024-11-01,6100.0,sales & marketing,Sales & Marketing,Operations,CC400,"Johnson, Lowery and Payne",10315.65,DR,SaaS US,Contractor costs
GL0001992,2024-11-04,2024-11-01,6100.0,sales & marketing,Sales & Marketing,Operations,Unknown,Anderson Inc,22763.42,DR,SaaS Canada,Google Ads
GL0001993,2024-11-21,2024-11-01,1010.0,cash,Cash,Sales,CC200,Harris-Bean,7493.38,DR,SaaS Canada,Unknown
GL0001994,2024-11-27,2024-11-01,9999.0,misc expense,Other,Sales,CC400,"Estrada, Williams and Green",16683.88,DR,SaaS US,Google Ads
GL0001995,2024-11-13,2024-11-01,6100.0,s&m,Sales & Marketing,Sales,Unknown,"Gilmore, Smith and Smith",11254.53,DR,SaaS Canada,Unknown
GL0001996,2024-11-14,2024-11-01,6100.0,sales and marketing,Sales & Marketing,Operations,Unknown,"Roberts, Wallace and Roy",-6486.86,CR,SaaS HoldCo,Unknown
GL0001997,2024-11-18,2024-11-01,6100.0,s&m,Sales & Marketing,Unknown,CC100,Kelly Ltd,-14239.66,CR,SaaS US,AWS hosting
GL0001998,2024-11-25,2024-11-01,9999.0,misc expense,Other,Operations,CC300,Mills Ltd,20343.96,DR,SaaS Canada,Google Ads
GL0001999,2024-11-11,2024-11-01,5000.0,cost of service,COGS,Unknown,CC100,"Parker, Anthony and Kim",12354.1,DR,SaaS HoldCo,Refund
GL0002000,2024-11-12,2024-11-01,6200.0,research and development,R&D,Marketing,Unknown,Ortega-Miller,-14279.11,CR,SaaS US,Unknown
GL0002001,2024-11-18,2024-11-01,9999.0,misc expense,Other,Marketing,Unknown,Taylor-Mcclain,1078.5,DR,SaaS US,Software tools
GL0002002,2024-11-08,2024-11-01,1010.0,cash,Cash,Engineering,CC300,Torres-Leblanc,5379.18,DR,SaaS Canada,Contractor costs
GL0002003,2024-11-07,2024-11-01,6200.0,r&d,R&D,Unknown,CC200,West Ltd,-15971.71,DR,SaaS HoldCo,Reclass
GL0002004,2024-11-12,2024-11-01,9999.0,misc expense,Other,Unknown,CC400,Davis PLC,-23184.74,CR,SaaS HoldCo,AWS hosting
GL0002005,2024-11-11,2024-11-01,6200.0,r&d,R&D,Marketing,CC100,"Barnes, Ray and Robinson",-17280.01,CR,SaaS Canada,Payroll
GL0002006,2024-11-20,2024-11-01,1010.0,cash,Cash,Finance,CC200,Christensen-Nguyen,5055.63,DR,SaaS Canada,Payroll
GL0002007,2024-11-19,2024-11-01,6200.0,research and development,R&D,Engineering,Unknown,Beard Inc,20027.45,DR,SaaS Canada,Reclass
GL0002008,2024-11-23,2024-11-01,6200.0,research and development,R&D,Operations,CC100,"Rangel, Allen and Caldwell",18284.49,DR,SaaS Canada,AWS hosting
GL0002009,2024-11-05,2024-11-01,6300.0,general and administrative,G&A,Unknown,CC400,Lee Group,15506.58,DR,SaaS Canada,Unknown
GL0002010,2024-11-14,2024-11-01,9999.0,misc expense,Other,Unknown,CC100,Russell-Phillips,-12627.69,CR,SaaS US,Unknown
GL0002011,2024-11-08,2024-11-01,6100.0,sales and marketing,Sales & Marketing,Operations,CC400,Snyder and Sons,11057.19,DR,SaaS HoldCo,Google Ads
GL0002012,2024-11-27,2024-11-01,6100.0,sales & marketing,Sales & Marketing,Operations,CC100,"Castillo, Dominguez and Robinson",-23897.19,CR,SaaS HoldCo,Reclass
GL0002013,2024-11-05,2024-11-01,6200.0,research and development,R&D,Operations,CC300,Perez-Brown,-16819.17,CR,SaaS Canada,Google Ads
GL0002014,2024-11-23,2024-11-01,6100.0,s&m,Sales & Marketing,Marketing,Unknown,Lee-Maxwell,-20520.87,CR,SaaS HoldCo,Software tools
GL0002015,2024-11-08,2024-11-01,6300.0,g&a,G&A,Unknown,CC100,Morgan LLC,-8491.13,CR,SaaS Canada,AWS hosting
GL0002016,2024-11-19,2024-11-01,6300.0,g&a,G&A,Unknown,CC200,Unknown,-21585.02,CR,SaaS US,Contractor costs
GL0002017,2024-11-17,2024-11-01,6100.0,sales & marketing,Sales & Marketing,Finance,Unknown,Alvarado Inc,11909.81,DR,SaaS Canada,Software tools
GL0002018,2024-11-17,2024-11-01,5000.0,cost of service,COGS,Unknown,CC400,"Velazquez, Weaver and Gonzalez",-23964.85,CR,SaaS US,Google Ads
GL0002019,2024-11-20,2024-11-01,5000.0,cost of service,COGS,Finance,Unknown,"Fields, Obrien and Stewart",13505.9,,SaaS US,Google Ads
GL0002020,2024-11-20,2024-11-01,6100.0,sales and marketing,Sales & Marketing,Finance,CC100,Ward Ltd,24500.34,DR,SaaS US,AWS hosting
GL0002021,2024-11-12,2024-11-01,Unknown,cost of service,COGS,Finance,CC100,"Short, Smith and Roy",20650.34,DR,SaaS Canada,Unknown
GL0002022,2024-11-25,2024-11-01,6300.0,g&a,G&A,Unknown,CC200,"Garcia, Willis and Shelton",7021.97,DR,SaaS HoldCo,Refund
GL0002023,2024-11-25,2024-11-01,6100.0,sales and marketing,Sales & Marketing,Unknown,CC400,"Pierce, Glenn and Roth",-8987.36,CR,SaaS Canada,Unknown
GL0002024,2024-11-08,2024-11-01,6100.0,sales & marketing,Sales & Marketing,Unknown,Unknown,Brown-Barnes,-10540.93,CR,SaaS HoldCo,Software tools
GL0002025,2024-11-11,2024-11-01,6100.0,s&m,Sales & Marketing,Sales,Unknown,Berry-Simpson,22811.02,DR,SaaS US,Reclass
GL0002026,2024-11-10,2024-11-01,6200.0,r&d,R&D,Engineering,Unknown,Tapia PLC,-7899.65,CR,SaaS US,Unknown
GL0002027,2024-11-07,2024-11-01,5000.0,cost of service,COGS,Unknown,CC400,"Cantu, Perez and Weaver",19918.18,DR,SaaS Canada,Google Ads
GL0002028,2024-11-06,2024-11-01,9999.0,misc expense,Other,Engineering,Unknown,"Ellis, Morgan and Marshall",19072.89,DR,SaaS HoldCo,Refund
GL0002029,2024-11-08,2024-11-01,5000.0,cost of service,COGS,Unknown,CC100,"Mckenzie, Hester and Lee",3368.8,DR,SaaS Canada,Payroll
GL0002030,2024-11-24,2024-11-01,6100.0,s&m,Sales & Marketing,Engineering,Unknown,Pennington-Burnett,7429.5,DR,SaaS US,Refund
GL0002031,2024-11-11,2024-11-01,6200.0,research and development,R&D,Finance,CC100,"Harris, Hancock and Raymond",-14996.5,CR,SaaS US,AWS hosting
GL0002032,2024-11-11,2024-11-01,1010.0,cash,Cash,Unknown,Unknown,Campos LLC,17183.82,DR,SaaS US,Refund
GL0002033,2024-11-09,2024-11-01,1010.0,cash,Cash,Unknown,CC300,Guzman PLC,-11156.2,CR,SaaS US,Refund
GL0002034,2024-11-25,2024-11-01,6300.0,g&a,G&A,Sales,CC100,"Reeves, Caldwell and Banks",4527.18,DR,SaaS HoldCo,Contractor costs
GL0002035,2024-11-10,2024-11-01,6200.0,r&d,R&D,Unknown,CC100,"Huynh, Anderson and Pierce",-9691.92,CR,SaaS US,Software tools
GL0002036,2024-11-11,2024-11-01,6100.0,sales & marketing,Sales & Marketing,Sales,CC200,Berry-Hartman,18526.96,DR,SaaS US,Payroll
GL0002037,2024-11-20,2024-11-01,6200.0,research and development,R&D,Unknown,CC400,"Liu, Black and Calderon",3431.74,DR,SaaS Canada,Google Ads
GL0002038,2024-11-07,2024-11-01,5000.0,cost of service,COGS,Finance,CC300,"Freeman, Lopez and Swanson",-21486.17,CR,SaaS US,Google Ads
GL0002039,2024-11-23,2024-11-01,6300.0,general and administrative,G&A,Operations,Unknown,Myers-Howard,15140.39,DR,SaaS US,Payroll
GL0002040,2024-11-07,2024-11-01,6100.0,sales and marketing,Sales & Marketing,Unknown,CC300,Wallace-Hudson,-11944.7,CR,SaaS US,Unknown
GL0002041,2024-11-27,2024-11-01,6100.0,sales & marketing,Sales & Marketing,Finance,Unknown,"Gardner, Nguyen and Riggs",3632.01,DR,SaaS US,Software tools
GL0002042,2024-11-15,2024-11-01,9999.0,misc expense,Other,Unknown,Unknown,Clarke Group,13752.58,DR,SaaS HoldCo,Unknown
GL0002043,2024-11-09,2024-11-01,6300.0,g&a,G&A,Finance,Unknown,"Wilkinson, Miller and Schmidt",-15894.46,CR,SaaS Canada,Refund
GL0002044,2024-11-11,2024-11-01,9999.0,misc expense,Other,Sales,CC400,Jordan and Sons,-8001.89,CR,SaaS US,Google Ads
GL0002045,2024-11-17,2024-11-01,1010.0,cash,Cash,Unknown,Unknown,"George, Sloan and May",7274.34,DR,SaaS US,Refund
GL0002046,2024-11-11,2024-11-01,6100.0,s&m,Sales & Marketing,Finance,CC100,Knight-Dunn,-6163.77,CR,SaaS US,Google Ads
GL0002047,2024-11-10,2024-11-01,6200.0,r&d,R&D,Operations,CC100,Marquez PLC,20884.12,DR,SaaS US,Software tools
GL0002048,2024-11-07,2024-11-01,1010.0,cash,Cash,Finance,CC400,"Wade, Edwards and Townsend",16928.37,DR,SaaS Canada,Software tools
GL0002049,2024-11-22,2024-11-01,6100.0,sales and marketing,Sales & Marketing,Unknown,Unknown,Wallace-Allen,-23880.49,CR,SaaS US,Software tools
GL0002050,2024-11-22,2024-11-01,6100.0,sales & marketing,Sales & Marketing,Unknown,CC400,"Pugh, Martin and Fisher",22664.21,DR,SaaS US,Reclass
GL0002051,2024-11-16,2024-11-01,6300.0,general and administrative,G&A,Unknown,CC100,Johnson LLC,-19541.39,,SaaS HoldCo,Contractor costs
GL0002052,2024-11-16,2024-11-01,5000.0,cost of service,COGS,Operations,CC300,Hill-Patterson,10620.17,DR,SaaS HoldCo,Reclass
GL0002053,2024-11-07,2024-11-01,6200.0,research and development,R&D,Operations,CC100,Walton-Gomez,6802.78,DR,SaaS US,AWS hosting
GL0002054,2024-11-23,2024-11-01,9999.0,misc expense,Other,Sales,CC100,Ward-Woodard,-24435.55,CR,SaaS US,Google Ads
GL0002055,2024-11-23,2024-11-01,1010.0,cash,Cash,Unknown,Unknown,Martinez LLC,5097.45,DR,SaaS US,Contractor costs
GL0002056,2024-11-17,2024-11-01,5000.0,cost of service,COGS,Unknown,CC200,"Williams, Delgado and Hill",17639.75,DR,SaaS US,Unknown
GL0002057,2024-11-11,2024-11-01,9999.0,misc expense,Other,Engineering,Unknown,Sparks-Rich,7223.79,DR,SaaS US,Unknown
GL0002058,2024-11-05,2024-11-01,6200.0,research and development,R&D,Finance,CC100,Suarez-Wallace,-17024.84,CR,SaaS US,Unknown
GL0002059,2024-11-23,2024-11-01,6200.0,r&d,R&D,Unknown,CC100,Hernandez-Black,4406.54,DR,SaaS Canada,Refund
GL0002060,2024-11-21,2024-11-01,5000.0,cost of service,COGS,Unknown,Unknown,Smith-Fritz,-5083.69,DR,SaaS US,Contractor costs
GL0002061,2024-11-01,2024-11-01,6100.0,s&m,Sales & Marketing,Unknown,CC100,Nelson-Price,-19811.65,CR,SaaS HoldCo,Reclass
GL0002062,2024-11-24,2024-11-01,1010.0,cash,Cash,Engineering,Unknown,"Monroe, Mcdonald and Cervantes",9570.15,DR,SaaS Canada,Google Ads
GL0002063,2024-11-08,2024-11-01,6200.0,research and development,R&D,Operations,Unknown,Unknown,-12128.37,CR,SaaS US,Unknown
GL0002064,2024-11-14,2024-11-01,5000.0,cost of service,COGS,Unknown,CC400,Hutchinson Inc,2211.1,DR,SaaS Canada,Refund
GL0002065,2024-11-25,2024-11-01,5000.0,cost of service,COGS,Unknown,CC300,Meyer PLC,24931.29,DR,SaaS US,Reclass
GL0002066,2024-11-15,2024-11-01,6200.0,r&d,R&D,Engineering,CC400,Rasmussen PLC,12072.29,DR,SaaS Canada,Reclass
GL0002067,2024-11-12,2024-11-01,5000.0,cost of service,COGS,Engineering,Unknown,Brown Group,11608.73,,SaaS US,Google Ads
GL0002068,2024-11-05,2024-11-01,9999.0,misc expense,Other,Sales,CC300,"Snyder, Ortiz and Russo",-12023.02,,SaaS US,Payroll
GL0002069,2024-11-18,2024-11-01,6300.0,g&a,G&A,Unknown,CC200,Cooley and Sons,-11451.43,CR,SaaS US,Refund
GL0002070,2024-11-09,2024-11-01,6300.0,general and administrative,G&A,Marketing,CC300,Davis Group,7124.13,DR,SaaS US,AWS hosting
GL0002071,2024-12-20,2024-12-01,6100.0,s&m,Sales & Marketing,Operations,CC300,Lopez-Kim,8688.43,DR,SaaS Canada,AWS hosting
GL0002072,2024-12-04,2024-12-01,6200.0,research and development,R&D,Sales,Unknown,"Bartlett, Hutchinson and Johnson",4493.49,DR,SaaS Canada,Unknown
GL0002073,2024-12-05,2024-12-01,6100.0,s&m,Sales & Marketing,Engineering,CC100,"Porter, Jimenez and Bryant",16254.62,DR,SaaS US,Payroll
GL0002074,2024-12-23,2024-12-01,6100.0,sales and marketing,Sales & Marketing,Unknown,CC300,Lin-Ramirez,-24765.91,CR,SaaS US,Reclass
GL0002075,2024-12-04,2024-12-01,6100.0,s&m,Sales & Marketing,Unknown,CC300,Mcdonald-Garcia,4869.76,DR,SaaS US,Reclass
GL0002076,2024-12-09,2024-12-01,6100.0,sales and marketing,Sales & Marketing,Marketing,CC200,Weber LLC,15043.03,DR,SaaS HoldCo,AWS hosting
GL0002077,2024-12-02,2024-12-01,6200.0,r&d,R&D,Unknown,CC400,"Rodriguez, Reese and Krueger",-8570.87,DR,SaaS HoldCo,Unknown
GL0002078,2024-12-10,2024-12-01,6100.0,s&m,Sales & Marketing,Operations,CC300,"Lindsey, Stanley and Roberts",22658.56,DR,SaaS HoldCo,Unknown
GL0002079,2024-12-04,2024-12-01,5000.0,cost of service,COGS,Operations,CC200,Simpson-Jackson,18271.04,DR,SaaS HoldCo,Software tools
GL0002080,2024-12-04,2024-12-01,6300.0,general and administrative,G&A,Unknown,Unknown,Hernandez-Sullivan,-15816.91,CR,SaaS HoldCo,Contractor costs
GL0002081,2024-12-17,2024-12-01,6200.0,research and development,R&D,Finance,Unknown,"Jackson, Peters and Hines",-19533.52,CR,SaaS Canada,Unknown
GL0002082,2024-12-08,2024-12-01,6100.0,s&m,Sales & Marketing,Engineering,CC400,Lawson-Calderon,22840.25,DR,SaaS HoldCo,Contractor costs
GL0002083,2024-12-25,2024-12-01,6100.0,sales & marketing,Sales & Marketing,Engineering,CC200,"Barton, Graham and Gomez",3985.82,DR,SaaS US,Reclass
GL0002084,2024-12-23,2024-12-01,6300.0,general and administrative,G&A,Marketing,CC100,"Lee, Yang and Jackson",5064.73,DR,SaaS US,Payroll
GL0002085,2024-12-12,2024-12-01,5000.0,cost of service,COGS,Engineering,CC400,"Henderson, Hardy and Clayton",-19900.17,CR,SaaS HoldCo,AWS hosting
GL0002086,2024-12-18,2024-12-01,6200.0,research and development,R&D,Marketing,CC300,Morgan-Good,18996.53,DR,SaaS US,Software tools
GL0002087,2024-12-14,2024-12-01,6200.0,research and development,R&D,Engineering,Unknown,Ramos LLC,11288.28,DR,SaaS US,Software tools
GL0002088,2024-12-09,2024-12-01,6100.0,sales & marketing,Sales & Marketing,Finance,CC400,"Brown, Jimenez and Martin",9020.95,DR,SaaS HoldCo,AWS hosting
GL0002089,2024-12-17,2024-12-01,6100.0,s&m,Sales & Marketing,Unknown,CC400,Stark-Mills,-3749.49,CR,SaaS Canada,Contractor costs
GL0002090,2024-12-05,2024-12-01,1010.0,cash,Cash,Marketing,Unknown,Duncan Inc,-16163.09,CR,SaaS Canada,Contractor costs
GL0002091,2024-12-01,2024-12-01,Unknown,general and administrative,G&A,Engineering,CC100,"Mcdaniel, Camacho and Long",22836.49,DR,SaaS US,Software tools
GL0002092,2024-12-24,2024-12-01,6200.0,r&d,R&D,Sales,Unknown,Schroeder-Glenn,16113.98,DR,SaaS Canada,Unknown
GL0002093,2024-12-23,2024-12-01,6300.0,general and administrative,G&A,Sales,CC300,Washington-Hays,7294.43,DR,SaaS US,Contractor costs
GL0002094,2024-12-03,2024-12-01,6100.0,s&m,Sales & Marketing,Marketing,CC200,Thomas-Schmitt,-21398.54,CR,SaaS HoldCo,Software tools
GL0002095,2024-12-18,2024-12-01,6300.0,general and administrative,G&A,Unknown,CC100,"Elliott, Jenkins and Joseph",-2468.27,CR,SaaS Canada,Software tools
GL0002096,2024-12-27,2024-12-01,6100.0,sales and marketing,Sales & Marketing,Unknown,CC100,Bowman Inc,22476.25,DR,SaaS Canada,Unknown
GL0002097,2024-12-16,2024-12-01,1010.0,cash,Cash,Engineering,CC100,Terry LLC,-21713.62,CR,SaaS HoldCo,Software tools
GL0002098,2024-12-02,2024-12-01,5000.0,cost of service,COGS,Finance,CC300,Huerta-Martin,16739.85,DR,SaaS US,Google Ads
GL0002099,2024-12-19,2024-12-01,Unknown,research and development,R&D,Finance,CC300,"Rhodes, Hurst and Peters",6765.73,DR,SaaS US,Unknown
GL0002100,2024-12-02,2024-12-01,6100.0,sales & marketing,Sales & Marketing,Unknown,CC100,Mckinney-Stanley,6821.13,DR,SaaS US,Reclass
GL0002101,2024-12-06,2024-12-01,6100.0,s&m,Sales & Marketing,Finance,CC200,Ewing Group,-21288.07,CR,SaaS HoldCo,Reclass
GL0002102,2024-12-06,2024-12-01,6200.0,research and development,R&D,Sales,CC100,"Powers, Murray and Greene",15152.73,DR,SaaS HoldCo,Software tools
GL0002103,2024-12-20,2024-12-01,6200.0,r&d,R&D,Marketing,CC400,Bradley-Thompson,8004.73,DR,SaaS US,AWS hosting
GL0002104,2024-12-14,2024-12-01,5000.0,cost of service,COGS,Unknown,Unknown,"Rhodes, Douglas and Hall",-1857.65,CR,SaaS Canada,Reclass
GL0002105,2024-12-12,2024-12-01,6100.0,s&m,Sales & Marketing,Marketing,CC200,Tucker Group,16839.3,DR,SaaS US,Contractor costs
GL0002106,2024-12-07,2024-12-01,6300.0,g&a,G&A,Unknown,CC100,"Willis, Johnson and Wiley",9696.82,DR,SaaS US,Payroll
GL0002107,2024-12-12,2024-12-01,6200.0,research and development,R&D,Unknown,CC300,"Davila, Joseph and Smith",14355.58,DR,SaaS Canada,Refund
GL0002108,2024-12-13,2024-12-01,5000.0,cost of service,COGS,Sales,Unknown,"Boyd, Norton and Parker",-13531.1,CR,SaaS US,Refund
GL0002109,2024-12-22,2024-12-01,1010.0,cash,Cash,Unknown,Unknown,Morrow and Sons,24800.34,DR,SaaS HoldCo,Google Ads
GL0002110,2024-12-13,2024-12-01,1010.0,cash,Cash,Finance,Unknown,Johnson-Russell,13915.25,DR,SaaS US,Refund
GL0002111,2024-12-10,2024-12-01,6200.0,research and development,R&D,Finance,CC100,"Anderson, Diaz and Oliver",14072.94,DR,SaaS HoldCo,Payroll
GL0002112,2024-12-27,2024-12-01,5000.0,cost of service,COGS,Marketing,CC200,Chavez Ltd,7057.7,,SaaS HoldCo,Refund
GL0002113,2024-12-05,2024-12-01,5000.0,cost of service,COGS,Unknown,CC100,Smith-Stone,-24300.68,CR,SaaS HoldCo,Google Ads
GL0002114,2024-12-09,2024-12-01,9999.0,misc expense,Other,Unknown,CC200,"Ferguson, Pena and Garcia",-16180.18,CR,SaaS US,Google Ads
GL0002115,2024-12-13,2024-12-01,Unknown,s&m,Sales & Marketing,Marketing,Unknown,"Johnson, Estes and Bell",6124.46,DR,SaaS US,Unknown
GL0002116,2024-12-20,2024-12-01,5000.0,cost of service,COGS,Sales,CC400,"Gilmore, Lowery and Graham",2267.34,DR,SaaS HoldCo,Refund
GL0002117,2024-12-09,2024-12-01,6100.0,sales and marketing,Sales & Marketing,Sales,Unknown,Garcia-Johnson,-23786.79,CR,SaaS US,Contractor costs
GL0002118,2024-12-03,2024-12-01,6300.0,g&a,G&A,Marketing,Unknown,Anderson-Morales,24385.17,DR,SaaS HoldCo,Software tools
GL0002119,2024-12-07,2024-12-01,6100.0,sales and marketing,Sales & Marketing,Engineering,Unknown,Gonzalez-Smith,8829.01,DR,SaaS HoldCo,Google Ads
GL0002120,2024-12-19,2024-12-01,9999.0,misc expense,Other,Sales,CC200,Turner LLC,-18164.88,CR,SaaS Canada,Reclass
GL0002121,2024-12-15,2024-12-01,6100.0,sales and marketing,Sales & Marketing,Engineering,CC200,Stewart-Snyder,14850.63,DR,SaaS US,Software tools
GL0002122,2024-12-15,2024-12-01,5000.0,cost of service,COGS,Sales,Unknown,Martinez-Bonilla,-12574.63,CR,SaaS Canada,Reclass
GL0002123,2024-12-27,2024-12-01,6200.0,research and development,R&D,Unknown,CC400,Chandler Ltd,13038.28,DR,SaaS US,Reclass
GL0002124,2024-12-24,2024-12-01,6300.0,g&a,G&A,Unknown,CC200,"Hoffman, Hansen and Newman",5047.83,DR,SaaS Canada,Contractor costs
GL0002125,2024-12-16,2024-12-01,6100.0,sales and marketing,Sales & Marketing,Operations,CC400,Smith PLC,19544.5,DR,SaaS Canada,Contractor costs
GL0002126,2024-12-20,2024-12-01,6100.0,sales & marketing,Sales & Marketing,Unknown,CC200,Clark Group,1484.7,,SaaS Canada,Software tools
GL0002127,2024-12-17,2024-12-01,9999.0,misc expense,Other,Engineering,CC300,Clark PLC,2484.33,DR,SaaS HoldCo,Software tools
GL0002128,2024-12-07,2024-12-01,6300.0,general and administrative,G&A,Operations,Unknown,"Berger, Jacobs and Williams",16359.78,DR,SaaS Canada,Payroll
GL0002129,2024-12-08,2024-12-01,6200.0,r&d,R&D,Engineering,Unknown,"Reed, Moore and Benson",-13009.61,CR,SaaS US,Unknown
GL0002130,2024-12-26,2024-12-01,1010.0,cash,Cash,Operations,CC200,Poole PLC,-12642.73,CR,SaaS Canada,Contractor costs
GL0002131,2024-12-05,2024-12-01,5000.0,cost of service,COGS,Unknown,CC200,"Zavala, Hancock and Byrd",20894.89,DR,SaaS Canada,Software tools
GL0002132,2024-12-08,2024-12-01,5000.0,cost of service,COGS,Unknown,CC200,"Baxter, Barrera and Smith",-13950.27,DR,SaaS HoldCo,Google Ads
GL0002133,2024-12-06,2024-12-01,6300.0,general and administrative,G&A,Marketing,Unknown,Baker-Wong,11057.73,DR,SaaS US,Payroll
GL0002134,2024-12-06,2024-12-01,9999.0,misc expense,Other,Marketing,CC300,"Smith, Garcia and Turner",15196.52,DR,SaaS Canada,Unknown
GL0002135,2024-12-04,2024-12-01,6200.0,r&d,R&D,Unknown,CC200,Fisher Group,3257.56,DR,SaaS US,Refund
GL0002136,2024-12-12,2024-12-01,9999.0,misc expense,Other,Finance,CC200,Kelly Group,-18572.59,CR,SaaS US,AWS hosting
GL0002137,2024-12-03,2024-12-01,6300.0,g&a,G&A,Engineering,CC200,"Williams, Hudson and Price",-14119.11,,SaaS US,Reclass
GL0002138,2024-12-06,2024-12-01,6300.0,g&a,G&A,Sales,CC300,"Stevens, Daniels and Allen",19971.24,DR,SaaS Canada,Unknown
GL0002139,2024-12-03,2024-12-01,6300.0,general and administrative,G&A,Engineering,CC400,Cervantes and Sons,-19456.79,CR,SaaS US,Reclass
GL0002140,2024-12-17,2024-12-01,6200.0,research and development,R&D,Finance,CC100,Soto-Sanford,24318.35,DR,SaaS US,AWS hosting
GL0002141,2024-12-08,2024-12-01,5000.0,cost of service,COGS,Finance,CC400,"Santos, Johns and Johnson",-8858.42,CR,SaaS Canada,Contractor costs
GL0002142,2024-12-04,2024-12-01,6200.0,r&d,R&D,Sales,Unknown,Rogers-Rodriguez,18802.62,DR,SaaS US,Refund
GL0002143,2024-12-07,2024-12-01,5000.0,cost of service,COGS,Unknown,CC200,Smith-Best,16517.88,DR,SaaS HoldCo,Payroll
GL0002144,2024-12-10,2024-12-01,1010.0,cash,Cash,Unknown,Unknown,"Green, Jones and Meyer",10545.8,DR,SaaS HoldCo,Refund
GL0002145,2024-12-17,2024-12-01,6200.0,research and development,R&D,Marketing,CC300,Murphy and Sons,23757.81,DR,SaaS HoldCo,Refund
GL0002146,2024-12-18,2024-12-01,6100.0,sales and marketing,Sales & Marketing,Engineering,Unknown,Dennis and Sons,-22857.5,CR,SaaS US,Software tools
GL0002147,2024-12-21,2024-12-01,1010.0,cash,Cash,Engineering,CC200,Warren-Guerrero,16302.71,,SaaS Canada,Payroll
GL0002148,2024-12-08,2024-12-01,9999.0,misc expense,Other,Operations,CC400,"Flores, Wright and Jackson",20287.97,DR,SaaS US,Refund
GL0002149,2024-12-18,2024-12-01,1010.0,cash,Cash,Operations,CC400,Unknown,5673.68,DR,SaaS HoldCo,Payroll
GL0002150,2024-12-24,2024-12-01,6300.0,g&a,G&A,Operations,CC100,Cox Group,8734.74,DR,SaaS HoldCo,Unknown
GL0002151,2024-12-17,2024-12-01,6300.0,general and administrative,G&A,Unknown,CC300,"Ramirez, Duffy and Jensen",13655.95,DR,SaaS US,Software tools
GL0002152,2024-12-02,2024-12-01,5000.0,cost of service,COGS,Unknown,CC400,Lowery-Price,-13582.89,CR,SaaS US,Payroll
GL0002153,2024-12-15,2024-12-01,5000.0,cost of service,COGS,Unknown,CC300,Green LLC,2893.89,DR,SaaS US,Contractor costs
GL0002154,2024-12-02,2024-12-01,Unknown,cost of service,COGS,Finance,CC400,Graham-Marquez,15421.0,DR,SaaS HoldCo,Software tools
GL0002155,2024-12-09,2024-12-01,6300.0,g&a,G&A,Finance,CC400,Russell-Johnson,-3624.28,CR,SaaS Canada,Contractor costs
GL0002156,2024-12-27,2024-12-01,6100.0,sales and marketing,Sales & Marketing,Marketing,CC100,Edwards and Sons,1495.4,DR,SaaS US,Google Ads
GL0002157,2024-12-03,2024-12-01,Unknown,misc expense,Other,Marketing,Unknown,Baker Ltd,10342.25,DR,SaaS US,Reclass
GL0002158,2024-12-01,2024-12-01,6200.0,research and development,R&D,Finance,CC100,Long-Rosario,14022.1,DR,SaaS US,AWS hosting
GL0002159,2024-12-06,2024-12-01,6100.0,sales & marketing,Sales & Marketing,Engineering,Unknown,Ramirez Group,15861.84,DR,SaaS Canada,Software tools
GL0002160,2024-12-21,2024-12-01,6100.0,sales & marketing,Sales & Marketing,Sales,Unknown,"Perry, Reyes and Hall",-18606.53,CR,SaaS US,AWS hosting
