gl_txn_id,txn_date,account_code,account_name,department,cost_center,vendor_customer,amount,dr_cr,entity,memo
GL0000001,2023-01-01,6200,Research and Development,Finance,CC100,Phelps-Carney,-14235.77,DR,SaaS US,AWS hosting
GL0000002,2023-01-12,6300,G&A,Sales,,Woods Inc,18709.84,DR,SaaS Canada,
GL0000003,2023-01-04,5000,Cost of Service,Engineering,CC300,Blair-Kelly,13673.4,DR,SaaS US,Google Ads
GL0000004,2023-01-04,6200,R&D,Finance,CC200,Keller-Rowland,-24501.72,CR,saas us,Google Ads
GL0000005,2023-01-25,5000,cost of service,Operations,CC100,Graham Ltd,14755.07,dr,saas us,Google Ads
GL0000006,2023-01-26,6200,Research and Development,,CC200,Anderson-Anderson,20973.42,DR,SaaS HoldCo,Payroll
GL0000007,2023-01-18,6300,G&A,Operations,CC200,Howell-Simmons,-7050.37,,saas us,Reclass
GL0000008,2023-01-15,5000,Cost of Service,,CC200,Collier and Sons,15791.07,DR,saas us,Reclass
GL0000009,2023-01-20,6200,Research and Development,Sales,,"Mitchell, Ward and Guzman",1369.96,dr,SaaS US,Contractor costs
GL0000010,2023-01-06,9999,Misc Expense,Sales,CC300,"Hansen, Nunez and Shea",19293.54,,saas us,Software tools
GL0000011,2023-01-18,6200,R&D,,CC400,Ballard Ltd,-17932.06,CR,SaaS US,Reclass
GL0000012,2023-01-22,6200,Research and Development,Marketing,CC400,Martin-Donovan,7530.02,DR,SaaS US,
GL0000013,2023-01-02,6200,R&D,Finance,,Montes Group,-13162.8,cr,SaaS Canada,
GL0000014,2023-01-14,6200,R&D,Finance,CC300,Russell Inc,22999.03,DR,SaaS US,Software tools
GL0000015,2023-01-15,6100,S&M,,,Hodge Group,16717.73,DR,SaaS Canada,
GL0000016,2023-01-07,6100,Sales and Marketing,,,Barber-Johnson,24749.56,DR,SaaS HoldCo,Reclass
GL0000017,2023-01-19,6200,R&D,Finance,,"Russell, Carrillo and Duncan",15497.73,DR,SaaS US,Reclass
GL0000018,2023-01-09,6100,S&M,Engineering,,Weiss-Coleman,15786.37,DR,SaaS HoldCo,Contractor costs
GL0000019,2023-01-13,6100,S&M,Operations,,Schwartz-Rodriguez,-13889.91,cr,saas us,Refund
GL0000020,2023-01-24,,Cash,,CC400,Morales PLC,-3421.33,CR,SaaS US,Reclass
GL0000021,2023-01-09,6100,sales & marketing,Engineering,,"Glass, Butler and Santos",-15714.93,CR,SaaS Canada,Contractor costs
GL0000022,2023-01-20,6200,R&D,,,Bonilla-Pham,-17276.38,cr,SaaS Canada,Refund
GL0000023,2023-01-09,6300,G&A,Operations,CC300,Webster-Martinez,-14143.14,CR,SaaS Canada,Contractor costs
GL0000024,2023-01-20,6100,Sales and Marketing,Engineering,,"Barrett, Colon and Morris",-20246.09,cr,saas us,Google Ads
GL0000025,2023-01-26,6300,General and Administrative,Marketing,CC100,Robertson-Smith,17007.64,DR,SaaS Canada,
GL0000026,2023-01-03,6200,R&D,Finance,CC400,Orozco PLC,-20239.79,CR,saas us,Google Ads
GL0000027,2023-01-27,5000,Cost of Service,,,"Kelley, Shaw and Martinez",-15372.02,cr,SaaS Canada,AWS hosting
GL0000028,2023-01-09,6300,General and Administrative,,CC200,Poole LLC,2960.9,DR,saas us,Google Ads
GL0000029,2023-01-01,6100,sales & marketing,Operations,,Garcia-Anderson,8434.54,DR,SaaS Canada,Google Ads
GL0000030,2023-01-25,6100,sales & marketing,,,Parker-Herrera,-13910.15,CR,SaaS Canada,Payroll
GL0000031,2023-01-13,5000,cost of service,Marketing,CC200,"Lane, Williams and Castillo",7547.74,DR,saas us,
GL0000032,2023-01-01,1010,Cash,Marketing,CC300,"Hall, Sanchez and Mitchell",10470.52,DR,SaaS HoldCo,Contractor costs
GL0000033,2023-01-07,1010,Cash,Engineering,,"Williams, Schroeder and Gonzales",6936.27,DR,SaaS Canada,Contractor costs
GL0000034,2023-01-21,9999,Misc Expense,,,Smith-Reeves,19202.7,DR,saas us,Refund
GL0000035,2023-01-21,5000,cost of service,,,"Juarez, Harris and Kennedy",19076.79,DR,SaaS US,Reclass
GL0000036,2023-01-22,6200,Research and Development,,CC400,Gray-White,-13510.5,cr,SaaS Canada,Software tools
GL0000037,2023-01-09,1010,Cash,Operations,CC400,Jones Inc,13358.74,dr,saas us,Google Ads
GL0000038,2023-01-10,6100,Sales and Marketing,Engineering,,"Moreno, Bailey and Neal",12717.79,DR,SaaS US,
GL0000039,2023-01-14,9999,Misc Expense,,,"Dickerson, Sanders and Wilson",11967.53,DR,SaaS HoldCo,Google Ads
GL0000040,2023-01-12,6100,Sales and Marketing,Sales,,"Dickerson, Rice and Williams",-2353.08,CR,saas us,AWS hosting
GL0000041,2023-01-17,6300,G&A,Marketing,CC300,Campbell Inc,13176.77,dr,SaaS US,
GL0000042,2023-01-02,6200,R&D,Operations,CC300,Walker-Sutton,5143.76,DR,SaaS US,
GL0000043,2023-01-17,6200,R&D,,,Smith-Huff,-14985.32,CR,saas us,AWS hosting
GL0000044,2023-01-05,6300,G&A,Operations,CC400,Wall-Watson,4289.63,DR,SaaS HoldCo,
GL0000045,2023-01-05,5000,cost of service,Finance,CC400,"Rich, Scott and Yang",8809.37,DR,saas us,Software tools
GL0000046,2023-01-17,5000,Cost of Service,Operations,,Robertson Group,8423.03,DR,SaaS US,Contractor costs
GL0000047,2023-01-23,5000,cost of service,Marketing,,Johnston-Carson,5761.73,dr,saas us,Reclass
GL0000048,2023-01-14,6100,sales & marketing,Marketing,CC400,"Wagner, Hughes and Haynes",1439.66,DR,SaaS HoldCo,AWS hosting
GL0000049,2023-01-01,6200,Research and Development,Engineering,CC400,"Hampton, Martinez and Jones",-19997.77,,SaaS HoldCo,AWS hosting
GL0000050,2023-01-22,6300,General and Administrative,Operations,,Johnson LLC,12360.3,dr,SaaS US,Refund
GL0000051,2023-01-17,6100,S&M,Engineering,CC400,"Weber, Rodriguez and Young",-7896.49,CR,SaaS Canada,Reclass
GL0000052,2023-01-23,6100,sales & marketing,,CC400,Hill Group,-11247.19,CR,SaaS US,Software tools
GL0000053,2023-01-26,1010,Cash,Operations,CC300,"Taylor, Burke and Delacruz",4572.56,dr,SaaS US,
GL0000054,2023-01-19,6100,sales & marketing,,CC200,"West, Garcia and Colon",-16758.93,cr,SaaS US,AWS hosting
GL0000055,2023-01-01,6100,sales & marketing,,CC200,Wise-Flores,4591.28,DR,SaaS Canada,AWS hosting
GL0000056,2023-01-06,9999,Misc Expense,,CC300,Baird Ltd,-10858.65,cr,SaaS HoldCo,Reclass
GL0000057,2023-01-08,5000,cost of service,Operations,,"Edwards, Nelson and Shannon",9021.91,,SaaS US,Reclass
GL0000058,2023-01-01,6200,R&D,Finance,CC300,"Austin, Reynolds and Holmes",11212.14,DR,SaaS HoldCo,Software tools
GL0000059,2023-01-02,5000,Cost of Service,,CC400,Lester-Moreno,14116.33,DR,SaaS HoldCo,Payroll
GL0000060,2023-01-17,1010,Cash,Marketing,CC200,Deleon PLC,2924.98,dr,SaaS Canada,
GL0000061,2023-01-15,9999,Misc Expense,Operations,,Wall-Martinez,-3566.21,CR,SaaS Canada,Reclass
GL0000062,2023-01-24,1010,Cash,Marketing,,Turner and Sons,-21346.97,cr,saas us,Software tools
GL0000063,2023-01-03,6300,G&A,,CC300,"Nelson, Chen and Cannon",24907.52,DR,SaaS Canada,Reclass
GL0000064,2023-01-12,6200,Research and Development,Engineering,CC400,"Holloway, Weeks and Patterson",-18078.59,cr,saas us,
GL0000065,2023-01-18,5000,Cost of Service,Finance,,Williams LLC,11850.45,dr,SaaS HoldCo,Refund
GL0000066,2023-01-12,,Cash,,CC400,"Powers, Davis and Atkinson",-13724.65,cr,SaaS HoldCo,Google Ads
GL0000067,2023-01-13,6100,S&M,,,May-Summers,-17692.11,CR,SaaS HoldCo,Google Ads
GL0000068,2023-01-09,6200,R&D,Operations,,"Woods, Reed and Doyle",17960.67,,SaaS Canada,Payroll
GL0000069,2023-01-07,6200,R&D,Sales,CC100,Sanchez-Smith,-15145.14,CR,SaaS Canada,
GL0000070,2023-01-25,6100,S&M,Sales,,"Garcia, Nguyen and Miller",-24574.35,CR,SaaS US,Software tools
GL0000071,2023-01-06,6200,R&D,Marketing,CC100,Briggs-Thompson,-3238.24,cr,saas us,Software tools
GL0000072,2023-01-03,6100,Sales and Marketing,Sales,CC200,Higgins-Bates,-22808.63,CR,SaaS Canada,Software tools
GL0000073,2023-01-18,6100,sales & marketing,Finance,CC200,"French, Jones and Hancock",9794.96,DR,SaaS Canada,Payroll
GL0000074,2023-01-15,6200,Research and Development,Engineering,CC400,"Martin, Owens and Lopez",-24532.97,,saas us,Contractor costs
GL0000075,2023-01-20,6300,G&A,,CC200,"Morrow, Thompson and Williams",-16329.74,cr,SaaS US,Refund
GL0000076,2023-01-26,6100,sales & marketing,Sales,CC200,Harris-Stephens,14174.53,DR,saas us,Refund
GL0000077,2023-01-16,6200,R&D,Marketing,CC100,Russell-Glover,3372.79,DR,SaaS US,Software tools
GL0000078,2023-01-01,6300,G&A,Marketing,,Wright Inc,23885.73,dr,SaaS Canada,Contractor costs
GL0000079,2023-01-22,1010,Cash,Finance,CC400,Brown-Sutton,-23154.06,CR,SaaS US,Google Ads
GL0000080,2023-01-13,6100,sales & marketing,Sales,CC200,Huerta-Graham,14857.83,DR,SaaS US,Reclass
GL0000081,2023-01-17,6200,Research and Development,Sales,CC200,Peters-Daniels,-14451.36,cr,saas us,Contractor costs
GL0000082,2023-01-07,5000,cost of service,Engineering,CC200,Williams Ltd,-7490.04,CR,SaaS US,Refund
GL0000083,2023-01-06,9999,Misc Expense,Finance,,Melton PLC,9597.8,DR,SaaS HoldCo,Google Ads
GL0000084,2023-01-24,6100,Sales and Marketing,Operations,CC400,"Chambers, Gonzales and Sanchez",-22761.82,,saas us,Refund
GL0000085,2023-01-06,6100,S&M,,,Green-Rios,-19582.25,CR,SaaS HoldCo,Refund
GL0000086,2023-01-13,1010,Cash,,CC400,Wright Ltd,3190.01,DR,SaaS US,Google Ads
GL0000087,2023-01-09,6200,R&D,,CC400,Smith Group,16715.95,DR,SaaS Canada,
GL0000088,2023-01-08,6200,R&D,Marketing,,"Parrish, Parsons and Owens",-23197.18,cr,SaaS Canada,Software tools
GL0000089,2023-01-08,6200,Research and Development,Sales,,"Lewis, Baker and Chavez",9480.87,dr,SaaS Canada,Google Ads
GL0000090,2023-01-17,6100,sales & marketing,Engineering,CC400,"Moreno, Walter and Cantu",18441.77,,SaaS HoldCo,Reclass
GL0000091,2023-02-24,6200,Research and Development,,CC400,Strickland and Sons,6795.14,DR,SaaS Canada,
GL0000092,2023-02-13,6300,General and Administrative,Marketing,CC200,Lewis-Browning,14043.75,DR,SaaS HoldCo,Payroll
GL0000093,2023-02-24,6200,R&D,Engineering,CC300,Crawford-Craig,11421.68,DR,SaaS HoldCo,Software tools
GL0000094,2023-02-13,6200,Research and Development,Operations,,"Parks, Good and Contreras",-9430.68,CR,SaaS US,Software tools
GL0000095,2023-02-06,6200,Research and Development,Finance,,Maxwell LLC,24675.69,DR,SaaS HoldCo,
GL0000096,2023-02-17,,sales & marketing,Sales,CC400,Black LLC,24191.64,DR,SaaS HoldCo,Reclass
GL0000097,2023-02-11,1010,Cash,Operations,CC400,"Kramer, Mills and Thomas",-6560.82,CR,SaaS HoldCo,AWS hosting
GL0000098,2023-02-27,6300,G&A,Engineering,,"Hahn, Richardson and Peters",16157.28,DR,SaaS HoldCo,
GL0000099,2023-02-24,6100,S&M,Finance,CC300,Blake LLC,24566.03,dr,SaaS Canada,Reclass
GL0000100,2023-02-09,6100,sales & marketing,Marketing,CC100,Reyes-Mcdowell,2119.26,DR,saas us,Payroll
GL0000101,2023-02-17,5000,Cost of Service,Operations,CC300,"Macias, Haynes and Johnson",6638.3,DR,SaaS HoldCo,
GL0000102,2023-02-23,5000,Cost of Service,,CC200,"Byrd, Raymond and Rodriguez",-7543.13,CR,saas us,Reclass
GL0000103,2023-02-08,6200,R&D,Engineering,CC200,Salinas PLC,9324.57,DR,SaaS US,Refund
GL0000104,2023-02-14,6100,Sales and Marketing,Finance,CC200,Rodriguez-Goodwin,17435.09,DR,SaaS HoldCo,Reclass
GL0000105,2023-02-18,6300,General and Administrative,Operations,,Parrish-Gamble,-11046.57,cr,SaaS US,Contractor costs
GL0000106,2023-02-14,6300,G&A,Operations,CC300,Wallace Inc,15907.01,DR,SaaS Canada,Payroll
GL0000107,2023-02-26,6100,Sales and Marketing,Sales,CC200,Smith-Malone,3741.96,CR,SaaS HoldCo,AWS hosting
GL0000108,2023-02-22,6300,General and Administrative,Finance,,"Avery, Collins and Parker",-17271.88,cr,SaaS US,Refund
GL0000109,2023-02-21,6100,sales & marketing,,CC200,Leonard-Gonzalez,-4383.5,CR,SaaS Canada,AWS hosting
GL0000110,2023-02-10,6200,R&D,Sales,CC200,"Thompson, Anderson and Sutton",11495.1,dr,saas us,Payroll
GL0000111,2023-02-08,6100,Sales and Marketing,,,"Erickson, Weeks and Cochran",14714.53,DR,saas us,Payroll
GL0000112,2023-02-16,5000,Cost of Service,Marketing,,"Franco, Robinson and Richardson",-5401.99,cr,SaaS US,AWS hosting
GL0000113,2023-02-08,6200,Research and Development,Engineering,CC200,English Inc,2328.21,dr,saas us,Software tools
GL0000114,2023-02-21,5000,cost of service,,CC100,Daugherty-Garcia,17007.27,DR,SaaS HoldCo,Reclass
GL0000115,2023-02-05,5000,cost of service,Marketing,CC200,"Thompson, Fernandez and Park",21943.28,DR,saas us,Contractor costs
GL0000116,2023-02-13,6300,General and Administrative,Marketing,CC400,Fisher Ltd,-4942.33,cr,SaaS HoldCo,Payroll
GL0000117,2023-02-02,5000,Cost of Service,Engineering,,Hunt-Herman,-11989.83,CR,SaaS Canada,Payroll
GL0000118,2023-02-13,1010,Cash,Marketing,CC300,Sanders Inc,-2907.32,CR,SaaS Canada,Payroll
GL0000119,2023-02-12,6200,R&D,Marketing,CC100,Clark Inc,-10708.46,CR,SaaS US,AWS hosting
GL0000120,2023-02-04,1010,Cash,Marketing,CC400,Rodriguez-Diaz,10856.23,DR,SaaS US,AWS hosting
GL0000121,2023-02-26,6200,R&D,Operations,CC100,Williams LLC,22493.72,DR,SaaS Canada,Contractor costs
GL0000122,2023-02-09,5000,cost of service,,,Burke Inc,-18430.88,CR,SaaS Canada,Google Ads
GL0000123,2023-02-12,6100,sales & marketing,,,Ortiz and Sons,18152.24,DR,SaaS Canada,
GL0000124,2023-02-14,6300,G&A,Engineering,CC200,"Anderson, Lucas and Santiago",22667.85,DR,SaaS Canada,AWS hosting
GL0000125,2023-02-08,6100,Sales and Marketing,Operations,CC200,Martin Group,18508.24,DR,SaaS Canada,Payroll
GL0000126,2023-02-11,6100,S&M,,CC200,Young PLC,16541.98,DR,SaaS US,Google Ads
GL0000127,2023-02-05,6300,General and Administrative,,,Craig PLC,24773.57,DR,saas us,AWS hosting
GL0000128,2023-02-14,5000,cost of service,,CC400,Webb-Hunt,-13717.58,cr,SaaS Canada,
GL0000129,2023-02-06,5000,Cost of Service,,CC300,"Miller, Hale and Porter",1642.49,DR,SaaS Canada,Google Ads
GL0000130,2023-02-22,5000,Cost of Service,Sales,,Andrade Ltd,-24796.18,CR,SaaS US,AWS hosting
GL0000131,2023-02-06,6100,S&M,Operations,CC300,Soto-Wood,21917.94,DR,SaaS US,AWS hosting
GL0000132,2023-02-02,6300,General and Administrative,Engineering,CC400,Stone Ltd,-1776.29,CR,saas us,Refund
GL0000133,2023-02-23,5000,cost of service,,CC300,Reilly-Vance,21511.27,DR,SaaS US,AWS hosting
GL0000134,2023-02-10,1010,Cash,Marketing,,Walker Ltd,24371.24,DR,saas us,Google Ads
GL0000135,2023-02-13,1010,Cash,Sales,CC400,Barnett-Gordon,21983.13,DR,SaaS HoldCo,Reclass
GL0000136,2023-02-07,6100,S&M,Sales,,"Lewis, Meyer and Campbell",21755.29,DR,SaaS Canada,Google Ads
GL0000137,2023-02-16,5000,Cost of Service,Engineering,,"Morgan, Whitaker and Hoffman",-16881.3,cr,saas us,Contractor costs
GL0000138,2023-02-27,5000,Cost of Service,Finance,,"Smith, Goodman and Moss",17899.71,dr,saas us,
GL0000139,2023-02-26,1010,Cash,,CC100,"Sloan, Walker and Reed",2533.02,DR,saas us,
GL0000140,2023-02-23,6100,sales & marketing,Engineering,CC400,"Dyer, Ruiz and Jones",23555.64,DR,SaaS US,
GL0000141,2023-02-15,6100,Sales and Marketing,Finance,CC200,"Owen, Evans and Fuller",24884.12,DR,SaaS Canada,AWS hosting
GL0000142,2023-02-23,6100,sales & marketing,Engineering,,Joyce Ltd,-23660.18,DR,SaaS US,Reclass
GL0000143,2023-02-04,5000,Cost of Service,Marketing,CC300,Parks PLC,11965.47,DR,SaaS HoldCo,
GL0000144,2023-02-15,6300,General and Administrative,Operations,CC300,Craig-Summers,12339.05,CR,SaaS US,AWS hosting
GL0000145,2023-02-21,9999,Misc Expense,Operations,CC400,Ellis-Blackburn,-14376.28,cr,saas us,AWS hosting
GL0000146,2023-02-27,6100,S&M,Finance,,Allen Inc,1426.84,DR,SaaS US,
GL0000147,2023-02-08,1010,Cash,Engineering,,Rodriguez-Moyer,15623.49,DR,saas us,Reclass
GL0000148,2023-02-11,6300,General and Administrative,Operations,CC300,Jensen Ltd,-14038.67,CR,SaaS US,Refund
GL0000149,2023-02-12,9999,Misc Expense,Marketing,CC100,James-Lopez,10152.09,DR,saas us,
GL0000150,2023-02-04,6100,S&M,Finance,,Butler-Murray,-1034.04,CR,SaaS US,Google Ads
GL0000151,2023-02-10,9999,Misc Expense,Engineering,CC400,Wood-Hines,-6282.28,DR,SaaS US,AWS hosting
GL0000152,2023-02-03,6100,S&M,Marketing,CC400,Coffey and Sons,-21677.54,DR,SaaS Canada,Payroll
GL0000153,2023-02-02,6300,G&A,Marketing,,Green Ltd,-22247.18,CR,SaaS US,Payroll
GL0000154,2023-02-15,6300,General and Administrative,Finance,CC100,"Lewis, Grimes and Hall",1015.35,DR,SaaS Canada,Refund
GL0000155,2023-02-05,1010,Cash,,CC400,Watson Group,-12342.72,CR,saas us,AWS hosting
GL0000156,2023-02-15,9999,Misc Expense,Sales,,"Wolf, Knight and Jackson",12985.71,DR,SaaS Canada,Reclass
GL0000157,2023-02-08,6100,sales & marketing,Finance,CC200,Hall-Ramirez,8465.09,DR,saas us,Payroll
GL0000158,2023-02-04,5000,Cost of Service,,,"Elliott, Long and Juarez",18954.65,DR,SaaS Canada,Refund
GL0000159,2023-02-03,6300,G&A,Marketing,,Lane LLC,9165.41,DR,SaaS US,Reclass
GL0000160,2023-02-05,6300,General and Administrative,,CC200,Holt Inc,21908.09,DR,saas us,
GL0000161,2023-02-02,6300,General and Administrative,Sales,CC300,Bradley PLC,4137.29,DR,SaaS US,Payroll
GL0000162,2023-02-01,5000,Cost of Service,Sales,CC200,Rodriguez Group,-3299.33,CR,saas us,Payroll
GL0000163,2023-02-12,6200,Research and Development,Operations,CC100,Mooney-Wright,21660.88,CR,SaaS Canada,Google Ads
GL0000164,2023-02-20,5000,Cost of Service,Marketing,CC300,Barron Inc,-22103.76,cr,SaaS Canada,
GL0000165,2023-02-17,6200,Research and Development,Operations,CC300,Carroll PLC,8128.49,dr,SaaS US,AWS hosting
GL0000166,2023-02-23,1010,Cash,Finance,,"Casey, White and Mcconnell",-21094.75,cr,saas us,Refund
GL0000167,2023-02-22,5000,cost of service,Finance,,Sloan Ltd,20404.32,cr,SaaS US,Refund
GL0000168,2023-02-16,,S&M,Engineering,,"Soto, Stokes and Hayes",-11369.22,CR,SaaS US,Refund
GL0000169,2023-02-15,1010,Cash,Finance,CC100,"Turner, Brown and Carroll",-7215.96,CR,saas us,Software tools
GL0000170,2023-02-14,6100,S&M,Finance,CC400,Henderson and Sons,15375.76,DR,SaaS HoldCo,Reclass
GL0000171,2023-02-16,6300,G&A,Engineering,CC100,"Pena, Jordan and Jackson",24829.68,DR,saas us,Google Ads
GL0000172,2023-02-05,5000,Cost of Service,Operations,CC300,Cameron-Hernandez,10075.39,DR,SaaS US,Contractor costs
GL0000173,2023-02-09,6200,R&D,Sales,CC300,Patterson-Miller,5817.88,DR,saas us,Google Ads
GL0000174,2023-02-24,6100,Sales and Marketing,Operations,,"Moore, Robinson and Rodriguez",8432.33,DR,SaaS Canada,Google Ads
GL0000175,2023-02-22,9999,Misc Expense,Engineering,,Thomas Inc,-8738.59,CR,SaaS HoldCo,Google Ads
GL0000176,2023-02-19,1010,Cash,Finance,,"Cortez, Rivera and Delgado",7335.2,DR,saas us,Software tools
GL0000177,2023-02-26,5000,Cost of Service,,CC300,"Drake, Estrada and Campbell",1322.66,DR,saas us,Payroll
GL0000178,2023-02-18,5000,Cost of Service,Finance,,Wade-Davies,2157.86,DR,SaaS HoldCo,
GL0000179,2023-02-08,1010,Cash,Sales,,"Perry, Simon and Thornton",-10047.84,cr,SaaS HoldCo,Reclass
GL0000180,2023-02-17,6100,sales & marketing,Operations,,"Ponce, Peterson and Cohen",-3604.67,CR,saas us,Refund
GL0000181,2023-03-06,9999,Misc Expense,,,"Brewer, Carlson and Clark",9241.84,dr,SaaS US,Refund
GL0000182,2023-03-09,1010,Cash,Engineering,CC300,Murphy-Anderson,16607.76,DR,saas us,
GL0000183,2023-03-11,6300,G&A,,,English Group,21679.18,DR,SaaS HoldCo,
GL0000184,2023-03-11,6200,R&D,Engineering,CC400,"Stewart, Riley and Skinner",-11257.96,CR,SaaS US,Contractor costs
GL0000185,2023-03-21,6300,General and Administrative,,CC300,Austin and Sons,17974.5,DR,SaaS HoldCo,Payroll
GL0000186,2023-03-15,6300,General and Administrative,Engineering,,"Peterson, Fuentes and Reed",15028.52,DR,saas us,Google Ads
GL0000187,2023-03-19,9999,Misc Expense,,CC100,Lopez and Sons,9114.56,dr,SaaS Canada,Reclass
GL0000188,2023-03-02,1010,Cash,,CC300,Sanchez Group,10522.02,DR,saas us,Refund
GL0000189,2023-03-19,5000,Cost of Service,Operations,CC300,Mills-Pierce,3467.41,DR,SaaS HoldCo,Payroll
GL0000190,2023-03-26,1010,Cash,Engineering,CC200,"Smith, Jones and Brown",6076.02,DR,SaaS Canada,AWS hosting
GL0000191,2023-03-18,6200,Research and Development,,CC200,"Juarez, Davis and Baker",23836.7,dr,SaaS Canada,AWS hosting
GL0000192,2023-03-24,1010,Cash,Marketing,,Gray LLC,-3496.41,CR,SaaS HoldCo,Contractor costs
GL0000193,2023-03-23,6100,Sales and Marketing,,CC300,Perkins-Smith,-6202.19,CR,SaaS Canada,Google Ads
GL0000194,2023-03-16,6100,S&M,Sales,CC400,Mccormick Ltd,-20555.11,cr,SaaS Canada,Payroll
GL0000195,2023-03-25,5000,cost of service,Sales,,Mercado-Krueger,4237.0,DR,saas us,Contractor costs
GL0000196,2023-03-08,6200,Research and Development,Operations,CC100,Green-Sanders,5600.78,cr,SaaS US,Refund
GL0000197,2023-03-24,6100,S&M,,CC200,Neal LLC,14491.47,DR,SaaS HoldCo,Google Ads
GL0000198,2023-03-11,6100,sales & marketing,Sales,,"Parrish, Ramos and Lee",-14195.33,cr,SaaS HoldCo,Software tools
GL0000199,2023-03-20,5000,cost of service,Engineering,CC400,"Larsen, Reyes and Kirby",15575.79,DR,saas us,Refund
GL0000200,2023-03-26,6300,General and Administrative,Finance,,"Gonzales, Vang and Burns",16087.25,DR,saas us,Contractor costs
GL0000201,2023-03-17,5000,Cost of Service,Finance,,Schultz-White,5276.71,DR,saas us,Contractor costs
GL0000202,2023-03-16,6300,General and Administrative,Finance,CC200,Fischer Inc,-17532.8,cr,SaaS Canada,Reclass
GL0000203,2023-03-21,6100,S&M,Finance,,"Hurst, Young and Torres",-7945.14,CR,SaaS Canada,Refund
GL0000204,2023-03-11,5000,Cost of Service,Marketing,CC100,"Stein, Brown and Gomez",2063.03,dr,saas us,Google Ads
GL0000205,2023-03-07,6100,S&M,Sales,,Martin Group,13371.64,DR,SaaS Canada,AWS hosting
GL0000206,2023-03-26,6200,Research and Development,,,Rodriguez Inc,10955.94,DR,SaaS Canada,
GL0000207,2023-03-05,6100,sales & marketing,Engineering,,"Duncan, Morrison and Thomas",22282.54,dr,SaaS US,Google Ads
GL0000208,2023-03-19,6100,S&M,Marketing,CC100,Hampton LLC,24349.65,DR,SaaS Canada,Reclass
GL0000209,2023-03-19,6300,G&A,Finance,,Davis Group,-22133.98,CR,SaaS HoldCo,Payroll
GL0000210,2023-03-24,5000,Cost of Service,,CC400,Le-Brady,-8981.76,,SaaS US,Refund
GL0000211,2023-03-25,6100,Sales and Marketing,,CC100,Fisher-Phillips,24438.78,DR,saas us,Google Ads
GL0000212,2023-03-07,6300,General and Administrative,,CC400,Greene-Golden,22004.49,DR,SaaS HoldCo,
GL0000213,2023-03-03,9999,Misc Expense,Finance,CC100,"Mcfarland, West and Manning",-4085.63,CR,SaaS HoldCo,Refund
GL0000214,2023-03-23,6300,General and Administrative,,CC400,Ball Group,-12237.43,cr,SaaS US,Refund
GL0000215,2023-03-11,6100,Sales and Marketing,Sales,CC400,"Peterson, Alexander and Martinez",23224.18,DR,SaaS US,Google Ads
GL0000216,2023-03-24,6200,Research and Development,Finance,CC300,"Compton, Edwards and Mayer",2930.64,DR,SaaS US,Refund
GL0000217,2023-03-17,,Misc Expense,,CC300,Nash and Sons,-21985.29,CR,SaaS US,Google Ads
GL0000218,2023-03-04,6100,S&M,,,Nguyen PLC,-22473.14,cr,saas us,Reclass
GL0000219,2023-03-26,6200,Research and Development,,CC200,Thomas-Cisneros,11400.81,dr,SaaS Canada,Google Ads
GL0000220,2023-03-08,1010,Cash,,CC400,"Bryan, Olsen and Green",12519.59,dr,saas us,Contractor costs
GL0000221,2023-03-04,6300,G&A,Engineering,CC300,James-Wise,11358.77,dr,SaaS US,Contractor costs
GL0000222,2023-03-13,6100,Sales and Marketing,,CC100,Taylor and Sons,11920.78,DR,SaaS US,Refund
GL0000223,2023-03-17,9999,Misc Expense,Engineering,CC100,Jenkins-Atkinson,13919.9,dr,saas us,Payroll
GL0000224,2023-03-07,5000,cost of service,,CC300,Wright and Sons,17544.13,DR,SaaS US,Reclass
GL0000225,2023-03-10,6200,R&D,Engineering,CC100,Thomas Group,2563.29,dr,SaaS HoldCo,Google Ads
GL0000226,2023-03-15,6100,Sales and Marketing,Engineering,,Kennedy and Sons,16594.98,DR,SaaS HoldCo,Reclass
GL0000227,2023-03-08,,G&A,,CC400,"Lawrence, Valentine and Watts",-10483.58,CR,saas us,Payroll
GL0000228,2023-03-02,1010,Cash,,CC300,Ross LLC,-2915.95,DR,SaaS HoldCo,
GL0000229,2023-03-18,6300,General and Administrative,,CC100,Brown-Crawford,-8782.0,CR,SaaS US,Refund
GL0000230,2023-03-15,6200,R&D,Finance,CC300,Ball PLC,11997.92,DR,SaaS HoldCo,Software tools
GL0000231,2023-03-04,6300,General and Administrative,Marketing,,Brown Inc,15088.62,dr,SaaS US,
GL0000232,2023-03-26,6300,General and Administrative,Sales,CC300,Miranda-Thompson,-11275.07,,saas us,Software tools
GL0000233,2023-03-03,1010,Cash,Operations,,Smith-Gross,2815.47,DR,SaaS US,
GL0000234,2023-03-02,6100,S&M,Engineering,CC400,"Mccann, Anderson and House",-13556.27,cr,SaaS Canada,AWS hosting
GL0000235,2023-03-24,6100,Sales and Marketing,,CC300,Cox-Beard,15066.89,DR,SaaS Canada,AWS hosting
GL0000236,2023-03-07,,Sales and Marketing,Finance,CC100,"English, Archer and Calhoun",8297.69,DR,saas us,
GL0000237,2023-03-12,6300,General and Administrative,,CC100,Freeman-Davis,1758.76,dr,saas us,Payroll
GL0000238,2023-03-14,9999,Misc Expense,,CC400,"Morris, Wright and Acosta",1696.93,DR,SaaS HoldCo,Reclass
GL0000239,2023-03-26,6100,S&M,Engineering,CC200,Hart-Brown,-15713.25,CR,SaaS HoldCo,Refund
GL0000240,2023-03-19,1010,Cash,Operations,CC200,Torres Inc,3387.08,DR,saas us,Reclass
GL0000241,2023-03-19,6100,Sales and Marketing,Marketing,CC300,Smith Group,16083.23,DR,SaaS Canada,Google Ads
GL0000242,2023-03-05,6100,sales & marketing,Marketing,CC300,Duffy-Powell,4493.63,dr,saas us,AWS hosting
GL0000243,2023-03-12,6100,S&M,Marketing,,Bishop-Peterson,16327.45,DR,SaaS Canada,Payroll
GL0000244,2023-03-18,6200,Research and Development,Operations,,Murray Group,9734.07,DR,SaaS US,Contractor costs
GL0000245,2023-03-24,9999,Misc Expense,,CC400,Porter-Nixon,1857.73,dr,SaaS Canada,Contractor costs
GL0000246,2023-03-21,5000,cost of service,Marketing,CC200,Page-Rojas,20326.69,DR,SaaS US,Google Ads
GL0000247,2023-03-14,6100,S&M,Operations,,"Frazier, Martinez and Rowland",10725.42,DR,SaaS Canada,
GL0000248,2023-03-26,5000,cost of service,Finance,CC200,Ingram-Lewis,-2725.59,CR,SaaS US,AWS hosting
GL0000249,2023-03-07,6100,Sales and Marketing,Engineering,CC100,Miller Ltd,-7769.45,CR,SaaS HoldCo,AWS hosting
GL0000250,2023-03-04,9999,Misc Expense,Sales,CC300,Meyer-Gould,5327.09,DR,SaaS HoldCo,
GL0000251,2023-03-12,6100,sales & marketing,Operations,,Williams-Ferguson,1301.16,dr,SaaS HoldCo,Google Ads
GL0000252,2023-03-17,6200,Research and Development,,CC100,Wilson and Sons,-17837.52,CR,SaaS HoldCo,Payroll
GL0000253,2023-03-05,6300,G&A,,,Mcguire and Sons,-6747.15,cr,SaaS US,Refund
GL0000254,2023-03-06,5000,cost of service,Engineering,CC400,Smith-Mitchell,-9487.31,CR,SaaS Canada,Contractor costs
GL0000255,2023-03-22,6300,G&A,,,"Norton, Griffin and Johnson",21418.73,DR,saas us,Contractor costs
GL0000256,2023-03-24,6300,General and Administrative,Finance,CC300,Barrett-Chavez,2487.3,DR,saas us,AWS hosting
GL0000257,2023-03-06,6200,Research and Development,,CC100,Padilla-Bradford,10282.49,dr,SaaS Canada,Payroll
GL0000258,2023-03-22,6200,Research and Development,Engineering,,Gibson and Sons,2019.3,DR,SaaS HoldCo,Refund
GL0000259,2023-03-23,5000,cost of service,Engineering,CC400,Reese-Gordon,-21343.48,CR,SaaS HoldCo,AWS hosting
GL0000260,2023-03-16,,General and Administrative,Sales,CC300,Gay-Martinez,24782.02,DR,saas us,
GL0000261,2023-03-08,,R&D,Engineering,CC200,Yates-Glass,-16145.58,CR,saas us,Software tools
GL0000262,2023-03-08,6100,sales & marketing,Operations,,Jacobs-Mosley,22245.5,DR,SaaS HoldCo,Reclass
GL0000263,2023-03-25,6100,Sales and Marketing,Operations,CC100,King PLC,-12144.89,CR,SaaS Canada,Software tools
GL0000264,2023-03-13,6200,R&D,Marketing,,Evans-Donaldson,14788.91,DR,SaaS Canada,AWS hosting
GL0000265,2023-03-22,6300,General and Administrative,Operations,,Smith-Reed,1422.22,DR,SaaS HoldCo,
GL0000266,2023-03-23,6100,S&M,Operations,,Russell-Brooks,-6242.52,CR,SaaS US,Software tools
GL0000267,2023-03-20,6300,General and Administrative,,CC200,Mitchell Inc,11631.8,DR,SaaS US,AWS hosting
GL0000268,2023-03-04,6100,sales & marketing,,CC200,"Stokes, Miller and Alexander",16569.33,DR,SaaS HoldCo,Payroll
GL0000269,2023-03-11,,cost of service,Sales,CC300,Tran PLC,19713.08,DR,SaaS Canada,Refund
GL0000270,2023-03-24,6200,R&D,Engineering,,Palmer-Ellis,8340.59,DR,SaaS US,Software tools
GL0000271,2023-04-04,6100,Sales and Marketing,Marketing,,Smith-Gordon,-20364.91,CR,SaaS Canada,Software tools
GL0000272,2023-04-01,1010,Cash,,CC400,Mack-Choi,15024.43,DR,SaaS Canada,Software tools
GL0000273,2023-04-08,6100,Sales and Marketing,Marketing,,Franklin PLC,-24195.48,CR,SaaS HoldCo,
GL0000274,2023-04-16,9999,Misc Expense,Marketing,CC100,"Jones, Miller and Ford",5559.92,DR,SaaS HoldCo,Software tools
GL0000275,2023-04-21,6300,G&A,Operations,,Reed Inc,-13488.31,cr,SaaS HoldCo,Reclass
GL0000276,2023-04-18,6200,R&D,Marketing,CC100,"Green, Rivera and Aguirre",1443.18,DR,saas us,Contractor costs
GL0000277,2023-04-21,1010,Cash,Engineering,CC300,Erickson-Conway,11258.35,DR,saas us,AWS hosting
GL0000278,2023-04-16,6300,General and Administrative,Operations,,Huber-Weaver,13893.0,DR,SaaS HoldCo,Refund
GL0000279,2023-04-03,6200,Research and Development,,,Underwood PLC,14637.47,DR,saas us,Reclass
GL0000280,2023-04-14,6100,S&M,Sales,CC400,Phillips-Smith,21843.17,DR,SaaS HoldCo,Google Ads
GL0000281,2023-04-01,6100,sales & marketing,Engineering,CC200,Lane-Montgomery,-21613.9,cr,SaaS Canada,Contractor costs
GL0000282,2023-04-09,1010,Cash,,CC400,Anderson-Fox,-13567.83,CR,SaaS US,Reclass
GL0000283,2023-04-25,6100,sales & marketing,Engineering,CC100,Stone-Johnson,-6408.09,,saas us,Payroll
GL0000284,2023-04-13,6300,General and Administrative,Finance,,Williams and Sons,14384.91,DR,SaaS US,Reclass
GL0000285,2023-04-08,5000,cost of service,Engineering,CC400,"Shaw, Johnson and Cox",24905.9,DR,SaaS HoldCo,Software tools
GL0000286,2023-04-24,6100,S&M,,CC100,"Mccarthy, Hughes and Owens",7687.08,DR,SaaS HoldCo,Payroll
GL0000287,2023-04-20,5000,cost of service,Engineering,CC200,"Johnson, Smith and Nelson",17074.89,DR,SaaS Canada,
GL0000288,2023-04-16,6100,Sales and Marketing,Sales,,Pace Ltd,6380.13,DR,saas us,Contractor costs
GL0000289,2023-04-19,6100,Sales and Marketing,Operations,CC100,"Anderson, Garcia and Moon",15252.5,DR,SaaS US,Refund
GL0000290,2023-04-17,6100,S&M,,,Gonzalez Inc,-13096.91,CR,SaaS HoldCo,Payroll
GL0000291,2023-04-19,5000,cost of service,,CC100,Smith-Harrell,-6586.53,cr,SaaS HoldCo,Software tools
GL0000292,2023-04-20,9999,Misc Expense,,CC400,Edwards PLC,22210.2,DR,saas us,AWS hosting
GL0000293,2023-04-26,6300,G&A,Finance,CC400,Johnson-Oconnor,7757.1,DR,SaaS US,
GL0000294,2023-04-19,6300,G&A,Finance,CC200,Lambert and Sons,14549.72,DR,SaaS HoldCo,Contractor costs
GL0000295,2023-04-04,6300,General and Administrative,,CC200,"Ward, Guzman and Carney",11154.72,DR,SaaS HoldCo,Software tools
GL0000296,2023-04-15,6200,Research and Development,Marketing,,Ellison-Cooley,1783.72,DR,saas us,Reclass
GL0000297,2023-04-13,5000,Cost of Service,,,"Lester, Moses and Weaver",19738.56,DR,SaaS US,Refund
GL0000298,2023-04-16,6100,sales & marketing,Operations,CC100,Peters Ltd,-7376.28,cr,SaaS Canada,Payroll
GL0000299,2023-04-19,6200,Research and Development,Finance,CC300,"Hart, Wang and Mills",2719.61,,saas us,AWS hosting
GL0000300,2023-04-05,6200,Research and Development,Operations,CC400,Brown LLC,-22211.1,cr,SaaS HoldCo,Software tools
GL0000301,2023-04-15,6200,R&D,Engineering,,Moses-Morrow,17163.76,DR,SaaS Canada,Payroll
GL0000302,2023-04-05,6300,General and Administrative,,CC300,Freeman Group,-10644.46,cr,SaaS US,Payroll
GL0000303,2023-04-08,6100,S&M,Marketing,CC400,Frank-Little,-7009.58,cr,SaaS HoldCo,Software tools
GL0000304,2023-04-22,6100,S&M,,,Conner Ltd,9663.31,DR,SaaS HoldCo,Reclass
GL0000305,2023-04-01,6300,G&A,Engineering,CC400,Klein Group,20040.28,dr,SaaS Canada,AWS hosting
GL0000306,2023-04-10,6200,Research and Development,,CC400,"Cain, Morales and Wilkerson",-24932.16,CR,saas us,Contractor costs
GL0000307,2023-04-03,6100,sales & marketing,,CC100,"Lewis, Richmond and Prince",2999.26,DR,SaaS HoldCo,AWS hosting
GL0000308,2023-04-01,6100,Sales and Marketing,Sales,CC300,Smith-Moreno,-5114.37,,SaaS HoldCo,AWS hosting
GL0000309,2023-04-06,6300,General and Administrative,Sales,CC200,Murphy-Parker,20969.49,DR,saas us,Payroll
GL0000310,2023-04-27,9999,Misc Expense,,CC100,Blair-Johnson,22992.76,DR,saas us,AWS hosting
GL0000311,2023-04-23,,General and Administrative,Sales,CC200,"Guzman, Taylor and Nelson",-2331.18,cr,SaaS Canada,Google Ads
GL0000312,2023-04-11,6100,S&M,,CC400,"Adams, Jones and Mitchell",2581.29,DR,SaaS HoldCo,Google Ads
GL0000313,2023-04-03,6100,Sales and Marketing,Marketing,CC100,,12322.41,dr,SaaS Canada,Google Ads
GL0000314,2023-04-26,6200,R&D,Sales,CC200,Barnes-Murray,3209.93,DR,SaaS HoldCo,AWS hosting
GL0000315,2023-04-16,6200,R&D,Marketing,,Reid-Brady,23394.26,DR,SaaS Canada,
GL0000316,2023-04-08,5000,cost of service,,CC400,"Garcia, Faulkner and Williams",2844.39,DR,saas us,
GL0000317,2023-04-24,6100,sales & marketing,,,Hayes Ltd,-4245.76,CR,SaaS HoldCo,Contractor costs
GL0000318,2023-04-07,,General and Administrative,Engineering,,"Baker, York and Smith",12790.42,DR,SaaS Canada,Reclass
GL0000319,2023-04-04,1010,Cash,Engineering,,Shah LLC,22187.34,DR,SaaS HoldCo,Google Ads
GL0000320,2023-04-10,5000,cost of service,Sales,,Miller and Sons,6200.42,dr,SaaS Canada,Refund
GL0000321,2023-04-17,9999,Misc Expense,Marketing,CC300,"Key, Carr and Sanders",-13324.53,CR,SaaS HoldCo,
GL0000322,2023-04-19,6200,R&D,Operations,,"Morgan, Edwards and Taylor",-12954.89,cr,saas us,Google Ads
GL0000323,2023-04-15,1010,Cash,Sales,CC300,Franklin-Kent,23409.86,dr,SaaS HoldCo,Contractor costs
GL0000324,2023-04-09,6200,Research and Development,Sales,,"Duke, Hansen and Benson",2431.3,DR,saas us,AWS hosting
GL0000325,2023-04-13,5000,Cost of Service,,,"Neal, Winters and Garza",10767.71,DR,SaaS HoldCo,Payroll
GL0000326,2023-04-18,6100,Sales and Marketing,Engineering,CC100,Morales PLC,4815.16,DR,saas us,
GL0000327,2023-04-16,6200,R&D,,CC400,Foster-Molina,8323.8,,SaaS HoldCo,Contractor costs
GL0000328,2023-04-16,6100,Sales and Marketing,Operations,CC200,Hall-Gregory,13512.02,DR,SaaS US,Google Ads
GL0000329,2023-04-25,6100,S&M,,,"Davenport, Johnson and Livingston",2762.67,DR,SaaS Canada,
GL0000330,2023-04-27,6200,Research and Development,Sales,CC100,Sanders Inc,13523.86,DR,SaaS US,Google Ads
GL0000331,2023-04-11,6300,G&A,Marketing,,Meyer PLC,-3124.46,cr,saas us,
GL0000332,2023-04-12,1010,Cash,,CC100,Booth LLC,3342.64,DR,saas us,Software tools
GL0000333,2023-04-19,6100,sales & marketing,Engineering,,"Palmer, Becker and Cohen",4542.56,DR,saas us,Software tools
GL0000334,2023-04-15,6300,General and Administrative,Operations,,Hill-Chen,11987.53,DR,SaaS Canada,Google Ads
GL0000335,2023-04-20,5000,Cost of Service,Sales,CC300,Crawford-Boyle,23910.82,DR,saas us,Google Ads
GL0000336,2023-04-14,6200,Research and Development,Engineering,CC300,"Green, Estrada and Perkins",14982.94,DR,SaaS Canada,Google Ads
GL0000337,2023-04-10,6100,sales & marketing,Sales,CC400,Sandoval LLC,17054.84,dr,SaaS Canada,Refund
GL0000338,2023-04-03,9999,Misc Expense,Engineering,,"Perez, Vega and Miller",-6612.36,DR,saas us,Refund
GL0000339,2023-04-10,5000,Cost of Service,Marketing,,"Cooper, Anderson and Hernandez",-10770.04,CR,SaaS US,AWS hosting
GL0000340,2023-04-23,1010,Cash,Sales,,"Ali, Fernandez and Smith",3093.38,dr,saas us,AWS hosting
GL0000341,2023-04-20,6100,Sales and Marketing,Operations,CC300,Price-Ingram,21322.15,DR,saas us,Software tools
GL0000342,2023-04-04,6300,G&A,Marketing,CC200,Hamilton and Sons,-24606.18,cr,SaaS Canada,
GL0000343,2023-04-17,5000,Cost of Service,Finance,CC300,Wood-Smith,-17769.45,DR,SaaS Canada,
GL0000344,2023-04-17,9999,Misc Expense,Engineering,CC200,Jones PLC,15066.65,dr,saas us,Reclass
GL0000345,2023-04-17,6200,Research and Development,,CC100,"Richardson, Jackson and Brown",-5047.08,,SaaS Canada,Refund
GL0000346,2023-04-12,6300,G&A,Marketing,,"Acosta, Bryan and Powell",1795.2,DR,saas us,Google Ads
GL0000347,2023-04-08,1010,Cash,Engineering,CC200,Lopez-Owens,18275.93,dr,SaaS Canada,Refund
GL0000348,2023-04-06,6200,Research and Development,Finance,CC200,"Ramirez, Parsons and Austin",-16460.93,cr,SaaS US,Software tools
GL0000349,2023-04-08,6200,R&D,Sales,CC200,"Brooks, Golden and Mcdonald",2181.87,DR,SaaS HoldCo,Refund
GL0000350,2023-04-16,6100,Sales and Marketing,Operations,CC100,"Morrison, Wells and Garrett",10639.48,DR,SaaS US,Contractor costs
GL0000351,2023-04-25,5000,cost of service,Sales,CC300,"James, Moran and Ellis",20918.99,DR,SaaS HoldCo,Google Ads
GL0000352,2023-04-24,6200,Research and Development,Marketing,CC200,Brady LLC,-12198.23,cr,SaaS HoldCo,Google Ads
GL0000353,2023-04-23,1010,Cash,Marketing,CC300,"Jensen, Wilson and Ewing",-20253.31,CR,SaaS US,Reclass
GL0000354,2023-04-06,5000,Cost of Service,,CC100,"Randall, Hernandez and Myers",-11480.96,cr,SaaS US,Refund
GL0000355,2023-04-06,6300,General and Administrative,Marketing,CC200,Small LLC,3482.71,DR,SaaS HoldCo,Payroll
GL0000356,2023-04-24,6200,R&D,Marketing,,Lucas LLC,-23441.06,CR,SaaS US,Refund
GL0000357,2023-04-16,6200,R&D,Finance,CC300,French LLC,-2607.37,cr,SaaS HoldCo,Refund
GL0000358,2023-04-13,6100,sales & marketing,Sales,CC200,Stewart LLC,-17699.76,CR,SaaS HoldCo,Google Ads
GL0000359,2023-04-08,1010,Cash,,CC100,"Edwards, Brown and Fisher",1269.3,DR,SaaS US,Payroll
GL0000360,2023-04-20,6300,G&A,Sales,CC400,"Sawyer, Hernandez and Knight",5551.54,DR,SaaS US,Contractor costs
GL0000361,2023-05-23,1010,Cash,Operations,CC200,Smith-Mason,-22558.22,CR,saas us,Reclass
GL0000362,2023-05-27,1010,Cash,Finance,CC200,Murphy-Schaefer,13205.87,DR,SaaS Canada,AWS hosting
GL0000363,2023-05-09,6200,R&D,Marketing,CC300,Cain-Sparks,18343.59,dr,SaaS HoldCo,AWS hosting
GL0000364,2023-05-15,6300,G&A,,,Rodriguez PLC,-19039.14,CR,SaaS US,Reclass
GL0000365,2023-05-10,5000,Cost of Service,Marketing,CC400,Vasquez Ltd,6636.17,DR,SaaS Canada,Google Ads
GL0000366,2023-05-15,6300,G&A,Engineering,CC100,"Martinez, Kelly and Barron",21808.76,DR,saas us,Payroll
GL0000367,2023-05-09,6300,G&A,Engineering,,Ford LLC,20551.71,DR,SaaS US,AWS hosting
GL0000368,2023-05-22,6100,sales & marketing,,CC400,"Johnson, Andrews and Allen",6496.6,DR,saas us,Contractor costs
GL0000369,2023-05-07,9999,Misc Expense,,CC200,Hardy-Martin,-7324.27,cr,SaaS HoldCo,Refund
GL0000370,2023-05-09,6100,sales & marketing,,CC200,"Johnson, Baker and Vance",18862.74,dr,SaaS Canada,Refund
GL0000371,2023-05-01,6200,R&D,Engineering,,"Trevino, Adams and Perez",8364.12,DR,SaaS HoldCo,Reclass
GL0000372,2023-05-21,6200,R&D,Sales,,"Payne, Gibbs and Mitchell",-22785.41,CR,SaaS Canada,Software tools
GL0000373,2023-05-23,6100,Sales and Marketing,Operations,CC300,"Duncan, Jackson and Evans",8723.86,DR,SaaS Canada,
GL0000374,2023-05-27,5000,Cost of Service,Sales,,Valdez Group,-3400.3,CR,SaaS Canada,AWS hosting
GL0000375,2023-05-04,6200,Research and Development,,CC400,"Acosta, Sheppard and Turner",-24608.6,CR,SaaS US,Refund
GL0000376,2023-05-11,6300,G&A,Sales,CC200,Cooper-Johnston,-1086.55,CR,SaaS Canada,Payroll
GL0000377,2023-05-18,6100,Sales and Marketing,Marketing,,Richardson-Evans,-24198.76,CR,SaaS US,Software tools
GL0000378,2023-05-06,6100,S&M,Finance,CC300,"Travis, Gonzales and Evans",-18219.37,CR,SaaS US,Payroll
GL0000379,2023-05-18,1010,Cash,Engineering,,Johnson-Clay,11446.99,DR,SaaS HoldCo,Google Ads
GL0000380,2023-05-04,1010,Cash,Operations,CC300,Chavez Inc,-22029.36,cr,SaaS Canada,Reclass
GL0000381,2023-05-23,6100,sales & marketing,Finance,CC100,Smith LLC,16202.33,DR,SaaS US,Contractor costs
GL0000382,2023-05-19,5000,Cost of Service,Sales,CC300,"Perez, Mcmahon and Romero",23540.74,dr,SaaS HoldCo,
GL0000383,2023-05-05,6200,R&D,Finance,,Crawford PLC,6760.92,dr,saas us,Contractor costs
GL0000384,2023-05-16,5000,Cost of Service,,,Juarez-Hall,-3631.0,CR,SaaS HoldCo,Payroll
GL0000385,2023-05-22,6200,R&D,Sales,CC100,"Russell, Gonzalez and Kline",-2329.38,CR,SaaS US,Google Ads
GL0000386,2023-05-16,6300,General and Administrative,Engineering,CC300,Herring-Robinson,-15079.43,cr,saas us,Reclass
GL0000387,2023-05-06,9999,Misc Expense,Engineering,CC200,Brown-Garcia,4848.96,DR,SaaS Canada,Payroll
GL0000388,2023-05-22,9999,Misc Expense,Sales,,Lowe-Stokes,-15082.06,CR,SaaS Canada,
GL0000389,2023-05-24,5000,Cost of Service,Engineering,,Williams LLC,23529.06,DR,SaaS US,
GL0000390,2023-05-04,,S&M,Finance,,King and Sons,6585.0,DR,saas us,
GL0000391,2023-05-25,1010,Cash,,CC300,"Montes, Carter and Graves",18717.2,DR,SaaS US,Software tools
GL0000392,2023-05-10,5000,Cost of Service,,CC300,Harris LLC,14789.61,DR,SaaS Canada,Reclass
GL0000393,2023-05-13,6100,S&M,,CC200,"Gonzalez, Pearson and Kennedy",7169.96,dr,SaaS US,
GL0000394,2023-05-24,9999,Misc Expense,Finance,CC300,Gallagher and Sons,16383.31,DR,SaaS US,Google Ads
GL0000395,2023-05-19,6300,G&A,,,Jones-Lang,-21085.68,CR,SaaS Canada,
GL0000396,2023-05-11,5000,Cost of Service,Operations,,"Garcia, Oconnor and Herring",2536.0,DR,SaaS Canada,Reclass
GL0000397,2023-05-24,1010,Cash,Engineering,CC200,"Payne, Evans and Taylor",3320.55,DR,SaaS US,Refund
GL0000398,2023-05-27,5000,cost of service,Finance,CC100,Mcguire-Watkins,-3705.69,CR,saas us,
GL0000399,2023-05-25,1010,Cash,Engineering,CC100,Howard-Bradley,-7146.57,cr,SaaS US,
GL0000400,2023-05-20,9999,Misc Expense,Marketing,CC100,Crawford Group,-21888.61,CR,SaaS Canada,Google Ads
GL0000401,2023-05-16,5000,cost of service,Engineering,CC400,Madden PLC,-1656.9,CR,SaaS HoldCo,Reclass
GL0000402,2023-05-22,6100,sales & marketing,Engineering,CC200,"Robinson, Mcclain and Winters",22582.69,dr,SaaS Canada,AWS hosting
GL0000403,2023-05-12,5000,cost of service,,CC400,"Perry, Robinson and Spears",-16603.75,cr,SaaS Canada,Contractor costs
GL0000404,2023-05-08,6100,sales & marketing,Engineering,CC300,Robinson-Hunter,18538.3,DR,SaaS US,Contractor costs
GL0000405,2023-05-12,9999,Misc Expense,,CC100,Torres-Parker,2620.03,DR,SaaS Canada,Google Ads
GL0000406,2023-05-01,1010,Cash,,CC100,Bates-Stephens,-7688.68,CR,saas us,Payroll
GL0000407,2023-05-19,6100,Sales and Marketing,Engineering,CC200,Villegas Inc,3766.22,DR,saas us,
GL0000408,2023-05-07,5000,Cost of Service,,CC300,Ramirez-Decker,14529.22,DR,SaaS Canada,Refund
GL0000409,2023-05-20,,Misc Expense,Sales,,Arias and Sons,20926.83,DR,SaaS HoldCo,Google Ads
GL0000410,2023-05-14,5000,Cost of Service,Operations,CC200,Andrade-Oconnor,10158.67,DR,SaaS Canada,AWS hosting
GL0000411,2023-05-05,6100,S&M,Operations,CC200,Carter-Randolph,-1896.44,CR,SaaS Canada,Software tools
GL0000412,2023-05-18,6300,General and Administrative,Marketing,CC400,Oneill-Weber,10155.26,DR,saas us,Contractor costs
GL0000413,2023-05-18,5000,Cost of Service,Finance,,"Johnson, Chambers and Jones",16018.47,DR,SaaS HoldCo,Reclass
GL0000414,2023-05-24,6200,Research and Development,Sales,,Martinez Inc,8885.62,DR,SaaS HoldCo,Google Ads
GL0000415,2023-05-13,6100,sales & marketing,Marketing,CC300,Williams-Taylor,-10928.47,CR,SaaS US,Contractor costs
GL0000416,2023-05-09,9999,Misc Expense,Marketing,CC100,Martin-Smith,8845.09,cr,SaaS HoldCo,AWS hosting
GL0000417,2023-05-13,5000,cost of service,,CC200,"Ramos, Walker and Steele",22062.36,DR,SaaS Canada,Refund
GL0000418,2023-05-13,6200,Research and Development,Operations,CC300,Hansen-Evans,-23457.42,cr,SaaS HoldCo,Google Ads
GL0000419,2023-05-25,5000,cost of service,,CC200,Tran-Fitzgerald,3020.09,DR,SaaS Canada,Contractor costs
GL0000420,2023-05-02,6100,S&M,Engineering,,"Gonzales, Monroe and Deleon",11632.96,dr,saas us,Payroll
GL0000421,2023-05-06,6200,Research and Development,,,Hanson-Perkins,-13276.36,CR,SaaS HoldCo,Refund
GL0000422,2023-05-13,5000,Cost of Service,,,Garcia LLC,-21883.43,cr,SaaS HoldCo,Refund
GL0000423,2023-05-10,6100,Sales and Marketing,,CC300,Dunn Ltd,-2769.04,CR,SaaS HoldCo,Contractor costs
GL0000424,2023-05-02,,R&D,,,Bradley-Sanders,-22719.45,DR,SaaS US,Reclass
GL0000425,2023-05-14,9999,Misc Expense,,,Lopez Inc,13529.16,DR,SaaS HoldCo,
GL0000426,2023-05-06,6300,G&A,Marketing,,Peterson LLC,24695.57,dr,SaaS Canada,Payroll
GL0000427,2023-05-24,6200,Research and Development,,CC400,Hughes-Singleton,16660.63,DR,SaaS HoldCo,Payroll
GL0000428,2023-05-02,6100,sales & marketing,Operations,CC400,Myers-Fisher,-20437.03,CR,SaaS HoldCo,Reclass
GL0000429,2023-05-23,6300,General and Administrative,,CC200,Arnold Group,-7227.71,CR,saas us,Payroll
GL0000430,2023-05-25,5000,Cost of Service,Marketing,CC400,Middleton Inc,-2228.31,dr,saas us,AWS hosting
GL0000431,2023-05-25,6300,General and Administrative,Marketing,,"West, Castro and Ryan",3914.62,DR,saas us,Refund
GL0000432,2023-05-02,6100,Sales and Marketing,Operations,CC300,Austin-Snyder,-7426.04,CR,saas us,Refund
GL0000433,2023-05-10,6300,G&A,Operations,CC100,Jones-Rodriguez,19683.24,DR,SaaS US,Contractor costs
GL0000434,2023-05-10,6100,S&M,,,"Wilson, Patrick and Chandler",-14727.58,cr,saas us,Google Ads
GL0000435,2023-05-03,6100,Sales and Marketing,Finance,,Thompson Group,11537.27,DR,saas us,Reclass
GL0000436,2023-05-14,5000,Cost of Service,Engineering,CC300,"Myers, Rose and Reid",-5041.94,CR,saas us,Payroll
GL0000437,2023-05-20,6200,R&D,Finance,,Spencer-Rosario,-2466.73,CR,SaaS US,AWS hosting
GL0000438,2023-05-24,6300,G&A,Finance,CC100,"Kelly, Rivera and Dean",17309.24,DR,SaaS HoldCo,Payroll
GL0000439,2023-05-13,5000,cost of service,,CC300,Wolfe and Sons,-4816.6,CR,SaaS Canada,Reclass
GL0000440,2023-05-02,6200,R&D,Engineering,CC200,,4566.1,DR,saas us,Refund
GL0000441,2023-05-22,1010,Cash,Marketing,CC300,"Murphy, Ross and Warner",-19847.07,CR,SaaS HoldCo,Payroll
GL0000442,2023-05-13,6100,sales & marketing,Sales,,Carpenter PLC,4647.2,DR,SaaS US,
GL0000443,2023-05-27,1010,Cash,Marketing,,Evans-Anderson,11109.51,dr,saas us,AWS hosting
GL0000444,2023-05-04,6200,Research and Development,Sales,CC100,Santos Group,-23618.99,,SaaS US,Software tools
GL0000445,2023-05-05,1010,Cash,Marketing,CC200,"Bennett, Vance and Young",11791.88,DR,saas us,Payroll
GL0000446,2023-05-04,9999,Misc Expense,Sales,,Arnold-Hatfield,1822.11,DR,SaaS US,AWS hosting
GL0000447,2023-05-08,9999,Misc Expense,Sales,CC200,"Whitehead, Benson and Lee",-15009.77,cr,SaaS Canada,Google Ads
GL0000448,2023-05-25,6100,Sales and Marketing,Engineering,CC400,Ho-Foster,17542.82,DR,SaaS US,Software tools
GL0000449,2023-05-17,6100,sales & marketing,,,Riley-Arnold,13117.38,,SaaS Canada,Payroll
GL0000450,2023-05-22,6100,Sales and Marketing,Sales,,"Reeves, Zimmerman and Green",-12316.39,cr,SaaS Canada,AWS hosting
GL0000451,2023-06-05,6100,sales & marketing,Marketing,CC100,Porter and Sons,-4954.55,CR,SaaS HoldCo,Contractor costs
GL0000452,2023-06-19,6300,General and Administrative,,CC200,"Graham, Fowler and Baker",24566.29,DR,SaaS Canada,Contractor costs
GL0000453,2023-06-07,1010,Cash,Engineering,CC100,Palmer-Yates,18579.15,DR,SaaS HoldCo,Reclass
GL0000454,2023-06-03,6100,sales & marketing,Operations,CC300,"Holmes, Meadows and Torres",-16802.21,CR,SaaS Canada,Payroll
GL0000455,2023-06-06,6200,Research and Development,Marketing,,"Smith, Williams and Moon",-9313.23,CR,saas us,Refund
GL0000456,2023-06-06,6300,General and Administrative,Operations,,Whitney-Stokes,-22783.34,CR,SaaS Canada,Google Ads
GL0000457,2023-06-15,6100,sales & marketing,Finance,CC400,Thompson-Hampton,17980.88,DR,SaaS HoldCo,Software tools
GL0000458,2023-06-07,1010,Cash,Marketing,,Smith Group,-7086.69,CR,SaaS US,AWS hosting
GL0000459,2023-06-26,6100,Sales and Marketing,,CC400,"Dean, Chandler and Lopez",6344.66,DR,SaaS US,AWS hosting
GL0000460,2023-06-19,6100,S&M,Marketing,CC100,"Gonzalez, Herring and Gates",8727.59,DR,saas us,AWS hosting
GL0000461,2023-06-04,6300,General and Administrative,Operations,,Lee PLC,22743.71,DR,SaaS US,AWS hosting
GL0000462,2023-06-22,1010,Cash,Marketing,,Harrison-Dunn,-18915.03,cr,saas us,Refund
GL0000463,2023-06-18,9999,Misc Expense,Marketing,,,18562.53,dr,SaaS HoldCo,Payroll
GL0000464,2023-06-17,5000,Cost of Service,,CC400,"Johnson, Harris and Collins",-2920.99,dr,SaaS Canada,Reclass
GL0000465,2023-06-17,1010,Cash,Sales,CC200,,-9383.85,cr,SaaS Canada,Contractor costs
GL0000466,2023-06-01,5000,Cost of Service,Engineering,CC200,"Young, Price and Leach",21929.28,DR,SaaS HoldCo,Payroll
GL0000467,2023-06-05,6100,S&M,,CC200,Holmes and Sons,5846.58,DR,saas us,Refund
GL0000468,2023-06-12,6100,S&M,Engineering,CC100,Sellers-Ross,-13389.59,cr,SaaS Canada,Reclass
GL0000469,2023-06-21,1010,Cash,Finance,,"Howell, Frye and Riggs",-8423.84,CR,saas us,Reclass
GL0000470,2023-06-20,1010,Cash,Engineering,CC300,Scott Ltd,10262.11,CR,SaaS Canada,Refund
GL0000471,2023-06-26,6300,General and Administrative,Engineering,,"Kelly, Torres and Kaiser",15172.24,DR,SaaS HoldCo,Refund
GL0000472,2023-06-15,5000,Cost of Service,,CC100,"Fox, Carson and Stark",23950.52,dr,SaaS Canada,Refund
GL0000473,2023-06-11,6100,sales & marketing,Sales,CC100,"Robertson, Strickland and Jackson",17398.64,DR,SaaS Canada,AWS hosting
GL0000474,2023-06-22,6300,General and Administrative,Operations,CC400,Bailey-Daniels,-13813.9,cr,SaaS Canada,Payroll
GL0000475,2023-06-06,1010,Cash,Engineering,CC300,Jones and Sons,17621.86,DR,SaaS Canada,Reclass
GL0000476,2023-06-20,6100,sales & marketing,Finance,,"Kennedy, Cunningham and Mcdonald",18244.8,DR,saas us,Contractor costs
GL0000477,2023-06-07,6100,Sales and Marketing,Operations,CC400,Jenkins and Sons,15114.64,DR,saas us,Reclass
GL0000478,2023-06-26,,R&D,,CC300,"Boyle, Miller and Johns",14618.54,DR,SaaS US,Google Ads
GL0000479,2023-06-20,1010,Cash,Marketing,CC200,"Peck, Jones and Silva",23235.55,DR,SaaS Canada,Refund
GL0000480,2023-06-08,6100,sales & marketing,Sales,CC100,Martin Group,13115.25,DR,SaaS HoldCo,Software tools
GL0000481,2023-06-16,6100,Sales and Marketing,Engineering,,"Garcia, Jackson and Reed",17154.72,DR,SaaS Canada,Contractor costs
GL0000482,2023-06-12,6100,sales & marketing,Finance,CC100,"Chapman, Monroe and Martinez",-9856.35,CR,saas us,Payroll
GL0000483,2023-06-08,6100,Sales and Marketing,Marketing,,Velez-Pace,15949.03,DR,SaaS HoldCo,Contractor costs
GL0000484,2023-06-22,9999,Misc Expense,,,"Allen, Black and Salazar",7589.72,DR,SaaS US,Payroll
GL0000485,2023-06-17,6100,sales & marketing,,CC400,"Mcdonald, Nichols and Scott",16148.18,DR,SaaS Canada,Google Ads
GL0000486,2023-06-24,6200,R&D,,CC400,"Walker, Collins and Gonzalez",10478.77,DR,SaaS HoldCo,Payroll
GL0000487,2023-06-07,6300,G&A,Sales,CC200,"Spence, Rojas and Robinson",13658.27,DR,SaaS HoldCo,Reclass
GL0000488,2023-06-22,6100,Sales and Marketing,Operations,CC300,Meyers Inc,-2790.72,DR,SaaS Canada,Google Ads
GL0000489,2023-06-22,6200,Research and Development,Marketing,,"Stone, Rodriguez and Mills",4730.4,dr,SaaS Canada,AWS hosting
GL0000490,2023-06-14,1010,Cash,,CC100,Coleman-Mccarthy,18867.72,DR,saas us,Refund
GL0000491,2023-06-27,6200,R&D,Engineering,CC100,"Anderson, Guzman and Velasquez",16999.54,dr,SaaS US,AWS hosting
GL0000492,2023-06-09,6100,S&M,Engineering,CC400,Perez and Sons,10117.83,dr,SaaS HoldCo,Google Ads
GL0000493,2023-06-06,6300,G&A,Engineering,CC300,"Bryan, Swanson and Maynard",7984.16,DR,SaaS US,AWS hosting
GL0000494,2023-06-24,5000,Cost of Service,Sales,CC100,Mendez-Benitez,6070.11,DR,saas us,Google Ads
GL0000495,2023-06-26,6200,Research and Development,Sales,,Tate-Ryan,9482.48,DR,SaaS US,Google Ads
GL0000496,2023-06-17,6100,Sales and Marketing,Finance,CC300,"Cox, Morton and Barker",-12599.64,CR,SaaS Canada,AWS hosting
GL0000497,2023-06-01,1010,Cash,Finance,,"Holland, Rogers and Nichols",3303.42,DR,SaaS HoldCo,
GL0000498,2023-06-27,6200,R&D,Finance,CC400,Gardner LLC,5012.73,DR,SaaS HoldCo,Contractor costs
GL0000499,2023-06-27,5000,Cost of Service,Marketing,CC200,Gibbs Ltd,1731.6,DR,SaaS US,AWS hosting
GL0000500,2023-06-26,6100,sales & marketing,Engineering,CC200,"Osborne, Miller and Casey",1594.58,dr,SaaS Canada,Payroll
GL0000501,2023-06-18,6200,R&D,,CC400,"Vaughn, Garner and Carrillo",-12238.5,CR,saas us,Reclass
GL0000502,2023-06-07,6200,Research and Development,Engineering,CC400,Jackson PLC,23959.22,dr,saas us,AWS hosting
GL0000503,2023-06-17,9999,Misc Expense,Finance,CC200,Evans-Shah,21136.33,dr,SaaS US,
GL0000504,2023-06-22,9999,Misc Expense,Operations,,Hubbard Inc,-16931.44,CR,saas us,AWS hosting
GL0000505,2023-06-22,6100,Sales and Marketing,Marketing,CC200,Schneider-Ross,14842.95,dr,SaaS Canada,Contractor costs
GL0000506,2023-06-18,9999,Misc Expense,Finance,,Berry Group,-12838.35,cr,saas us,
GL0000507,2023-06-05,9999,Misc Expense,,CC100,Walters and Sons,8540.02,DR,saas us,Refund
GL0000508,2023-06-27,6300,G&A,Sales,,Taylor-Frazier,14875.38,DR,SaaS HoldCo,Contractor costs
GL0000509,2023-06-11,1010,Cash,Finance,,Harvey Group,-20993.19,CR,SaaS US,Payroll
GL0000510,2023-06-06,1010,Cash,Engineering,CC300,"Hill, Lane and Clements",3667.55,dr,SaaS US,Reclass
GL0000511,2023-06-15,6200,R&D,,,Mendez-Martinez,-6827.16,,SaaS US,AWS hosting
GL0000512,2023-06-18,5000,cost of service,Engineering,CC400,Martin-Howard,13656.96,DR,SaaS HoldCo,Payroll
GL0000513,2023-06-24,5000,cost of service,Finance,CC100,Sanford LLC,24489.95,DR,SaaS US,AWS hosting
GL0000514,2023-06-06,6200,R&D,Sales,,Hoffman Ltd,5289.55,DR,saas us,Software tools
GL0000515,2023-06-07,6100,sales & marketing,,CC400,Rogers-Rivera,2022.18,,SaaS Canada,Payroll
GL0000516,2023-06-09,5000,Cost of Service,Finance,CC100,Whitehead Group,17799.03,dr,saas us,Payroll
GL0000517,2023-06-05,6200,Research and Development,Sales,CC100,Gonzalez-Perez,-17362.79,CR,SaaS Canada,
GL0000518,2023-06-24,6100,Sales and Marketing,Finance,,"Robinson, Stout and Lewis",20618.74,DR,saas us,
GL0000519,2023-06-04,1010,Cash,Engineering,,"Lopez, Garcia and Miles",-3561.16,CR,SaaS HoldCo,Google Ads
GL0000520,2023-06-03,6200,R&D,Finance,,Campos-Jones,3246.14,DR,SaaS US,Refund
GL0000521,2023-06-17,6200,R&D,Engineering,CC100,,19455.23,DR,saas us,
GL0000522,2023-06-19,5000,Cost of Service,Engineering,CC200,"Moore, Johnson and Ortega",20965.92,DR,SaaS HoldCo,Refund
GL0000523,2023-06-17,6100,S&M,Marketing,CC300,Oconnor LLC,7445.3,DR,SaaS HoldCo,Google Ads
GL0000524,2023-06-11,6200,R&D,Engineering,CC400,Ruiz PLC,17087.68,cr,SaaS HoldCo,Payroll
GL0000525,2023-06-20,5000,Cost of Service,Sales,CC300,Lawrence-Shannon,-7101.4,CR,saas us,Payroll
GL0000526,2023-06-05,6200,R&D,Marketing,,Bernard-Moore,14444.62,DR,saas us,Google Ads
GL0000527,2023-06-13,6300,General and Administrative,Engineering,,Nguyen-Miller,2650.74,DR,SaaS HoldCo,AWS hosting
GL0000528,2023-06-24,6200,Research and Development,Finance,CC400,Curtis LLC,-12271.09,cr,SaaS US,
GL0000529,2023-06-07,9999,Misc Expense,Engineering,,Wilkins Group,13365.23,DR,SaaS US,Payroll
GL0000530,2023-06-12,6200,R&D,Marketing,CC300,Owens Ltd,18623.76,dr,saas us,Google Ads
GL0000531,2023-06-23,6200,Research and Development,Finance,CC100,Jackson-Rodriguez,15922.23,DR,SaaS US,Payroll
GL0000532,2023-06-14,6100,S&M,Finance,CC200,"Lowery, Whitaker and Cochran",15991.25,DR,SaaS US,Reclass
GL0000533,2023-06-04,6300,G&A,Finance,CC100,Mitchell-Mcclain,-24108.08,CR,SaaS US,Reclass
GL0000534,2023-06-15,6200,Research and Development,Operations,CC200,"Clark, Parks and Hinton",-22350.43,cr,saas us,Software tools
GL0000535,2023-06-19,6300,General and Administrative,,CC200,"Mendoza, Wilson and Russell",-6380.58,CR,SaaS US,Software tools
GL0000536,2023-06-11,9999,Misc Expense,Marketing,CC400,Spencer-Gray,-20820.53,CR,SaaS Canada,Payroll
GL0000537,2023-06-06,6300,G&A,Marketing,CC100,"Parrish, Malone and Stewart",16000.54,dr,SaaS HoldCo,Google Ads
GL0000538,2023-06-12,6100,sales & marketing,Marketing,CC400,Hill-Harrell,14159.97,DR,saas us,Reclass
GL0000539,2023-06-07,9999,Misc Expense,Finance,CC200,"Wyatt, Moyer and Nelson",-17285.01,cr,SaaS HoldCo,Payroll
GL0000540,2023-06-07,6100,sales & marketing,,CC200,Hunter-Marshall,20571.33,DR,SaaS Canada,Software tools
GL0000541,2023-07-17,6100,sales & marketing,Finance,,Evans-James,17981.28,dr,saas us,Payroll
GL0000542,2023-07-26,6100,S&M,,CC100,"Herrera, Smith and Collins",-20263.13,CR,SaaS HoldCo,Reclass
GL0000543,2023-07-11,5000,Cost of Service,Sales,CC200,"Durham, Smith and Garner",20985.35,DR,SaaS Canada,Google Ads
GL0000544,2023-07-01,6100,S&M,Sales,CC400,Solomon PLC,-5962.76,CR,saas us,
GL0000545,2023-07-13,6300,G&A,,,"Morrison, Pineda and Clark",12782.36,DR,saas us,AWS hosting
GL0000546,2023-07-12,6300,G&A,Operations,,Hill-Harris,1576.9,cr,SaaS HoldCo,Payroll
GL0000547,2023-07-20,9999,Misc Expense,Finance,,"Rowe, Lee and Garcia",-14304.74,CR,SaaS HoldCo,Software tools
GL0000548,2023-07-13,5000,Cost of Service,Finance,,Carroll-Gutierrez,-11985.14,CR,saas us,Refund
GL0000549,2023-07-19,5000,Cost of Service,Marketing,CC100,French-Pennington,-13700.19,,SaaS Canada,AWS hosting
GL0000550,2023-07-24,6100,Sales and Marketing,Finance,CC300,Wade-Klein,9016.02,DR,SaaS US,Software tools
GL0000551,2023-07-26,6100,Sales and Marketing,Engineering,CC300,"Schwartz, Adams and Berry",1931.49,DR,SaaS US,AWS hosting
GL0000552,2023-07-03,6100,Sales and Marketing,Operations,,Ramos Ltd,10560.53,DR,SaaS HoldCo,Software tools
GL0000553,2023-07-11,6300,General and Administrative,,,"Randolph, Johnson and Anderson",-19930.52,CR,SaaS Canada,Reclass
GL0000554,2023-07-22,6300,G&A,Operations,,Maxwell PLC,-5975.5,cr,SaaS US,Refund
GL0000555,2023-07-16,6100,Sales and Marketing,Engineering,CC100,Jones Group,3694.71,DR,SaaS Canada,Refund
GL0000556,2023-07-08,6200,Research and Development,Operations,,Chaney LLC,14706.22,DR,saas us,Reclass
GL0000557,2023-07-18,6200,R&D,Sales,CC200,Hayden PLC,2671.56,DR,SaaS Canada,
GL0000558,2023-07-01,6100,Sales and Marketing,,,Bishop Ltd,20979.47,DR,saas us,Contractor costs
GL0000559,2023-07-06,5000,cost of service,Marketing,,Stanley Group,11212.82,DR,SaaS Canada,Reclass
GL0000560,2023-07-18,,Research and Development,Engineering,,Ward Ltd,23410.29,DR,saas us,Reclass
GL0000561,2023-07-26,,S&M,Sales,CC200,Griffin-Owen,4566.98,DR,saas us,Payroll
GL0000562,2023-07-01,5000,Cost of Service,Operations,CC100,"Lang, Lopez and West",-14135.03,CR,SaaS Canada,AWS hosting
GL0000563,2023-07-03,,Cost of Service,,CC400,Ellis Ltd,15929.43,DR,SaaS US,Software tools
GL0000564,2023-07-02,6200,R&D,Operations,CC300,"Estes, Washington and Williamson",-1737.45,CR,SaaS Canada,Google Ads
GL0000565,2023-07-11,5000,cost of service,Sales,CC300,,-3185.59,CR,SaaS HoldCo,Reclass
GL0000566,2023-07-17,6200,Research and Development,,CC100,Ramirez-Morton,10701.66,dr,SaaS US,Payroll
GL0000567,2023-07-03,6100,Sales and Marketing,,CC200,Molina-Lee,15546.14,DR,SaaS Canada,
GL0000568,2023-07-09,6200,R&D,Engineering,CC200,Morris-Reyes,13165.13,dr,SaaS US,Software tools
GL0000569,2023-07-15,6100,sales & marketing,,CC100,"Kerr, Ortiz and Duncan",19038.89,DR,SaaS US,
GL0000570,2023-07-07,6300,General and Administrative,Engineering,CC400,"Kramer, Thomas and Sparks",-21552.48,CR,SaaS HoldCo,AWS hosting
GL0000571,2023-07-23,1010,Cash,Finance,,Mccarthy-Carter,18985.2,DR,saas us,Google Ads
GL0000572,2023-07-10,6200,R&D,Marketing,CC400,"Gomez, Cline and Park",-18248.69,CR,SaaS US,Contractor costs
GL0000573,2023-07-17,6100,sales & marketing,Sales,CC400,"Rocha, Jordan and Powell",1882.93,dr,saas us,Software tools
GL0000574,2023-07-10,,Cash,Sales,,Jones-Sanchez,8088.91,DR,SaaS US,Refund
GL0000575,2023-07-18,6200,R&D,Engineering,,Diaz PLC,-10923.73,CR,SaaS Canada,Contractor costs
GL0000576,2023-07-14,9999,Misc Expense,,CC100,"Bowers, Shields and Liu",15994.72,DR,saas us,Google Ads
GL0000577,2023-07-05,5000,cost of service,Finance,,Hudson Inc,12782.2,DR,SaaS HoldCo,AWS hosting
GL0000578,2023-07-03,6100,Sales and Marketing,,CC100,Allen Inc,5796.65,DR,SaaS HoldCo,Refund
GL0000579,2023-07-15,6300,G&A,,CC400,Myers-Webb,-11554.44,CR,saas us,
GL0000580,2023-07-16,6100,Sales and Marketing,Sales,,"Bell, Sanchez and Bailey",7431.91,DR,SaaS HoldCo,AWS hosting
GL0000581,2023-07-02,6100,S&M,Finance,CC200,Lester Inc,5588.39,dr,SaaS HoldCo,Software tools
GL0000582,2023-07-14,1010,Cash,Sales,,Castillo-Robles,8789.54,DR,SaaS HoldCo,Refund
GL0000583,2023-07-06,5000,cost of service,Marketing,,Garcia Inc,6812.13,dr,saas us,Software tools
GL0000584,2023-07-27,5000,cost of service,Operations,CC400,Lopez-Watson,5557.17,dr,SaaS HoldCo,
GL0000585,2023-07-20,6200,Research and Development,Sales,,Carlson Ltd,4392.62,DR,SaaS US,Payroll
GL0000586,2023-07-03,6100,Sales and Marketing,Finance,CC200,"Arnold, Roth and Barnes",-19593.36,CR,saas us,Contractor costs
GL0000587,2023-07-06,9999,Misc Expense,Operations,,"Scott, Paul and Dorsey",4902.41,DR,saas us,Software tools
GL0000588,2023-07-01,5000,cost of service,,,Kelly-Barton,5288.63,DR,SaaS HoldCo,Software tools
GL0000589,2023-07-26,6100,S&M,Engineering,CC400,Duncan-Cameron,-7692.9,cr,saas us,
GL0000590,2023-07-24,6100,Sales and Marketing,Sales,CC200,Clark PLC,-18932.56,,saas us,Software tools
GL0000591,2023-07-20,6200,R&D,Marketing,CC200,Le and Sons,8708.3,DR,SaaS HoldCo,
GL0000592,2023-07-25,6100,S&M,Sales,CC400,"Johnson, Perez and Moore",2557.76,DR,SaaS US,
GL0000593,2023-07-15,6200,R&D,Marketing,,Henderson-Zuniga,11124.6,DR,SaaS US,AWS hosting
GL0000594,2023-07-20,6100,Sales and Marketing,,CC300,"Martin, Clay and Brown",1524.43,DR,saas us,Refund
GL0000595,2023-07-01,5000,cost of service,,CC400,Avila-Perry,-8948.23,,saas us,Reclass
GL0000596,2023-07-18,6100,sales & marketing,Engineering,,"Cobb, Sparks and Campbell",-7378.57,CR,SaaS HoldCo,Payroll
GL0000597,2023-07-14,1010,Cash,,CC400,Kidd-Thompson,23097.71,DR,saas us,AWS hosting
GL0000598,2023-07-05,5000,cost of service,Operations,CC200,Wall LLC,4360.62,DR,SaaS US,Contractor costs
GL0000599,2023-07-26,6100,Sales and Marketing,Finance,CC200,Allen-Fowler,23382.81,DR,saas us,Payroll
GL0000600,2023-07-09,5000,Cost of Service,Sales,CC100,Cook Inc,18555.69,,saas us,Software tools
GL0000601,2023-07-15,6300,G&A,Finance,,Nolan Inc,-12832.37,CR,SaaS Canada,Google Ads
GL0000602,2023-07-01,6200,Research and Development,Operations,CC200,Ochoa-Jennings,18134.63,dr,SaaS Canada,Reclass
GL0000603,2023-07-08,1010,Cash,Engineering,CC400,"Smith, Cross and Le",1311.44,dr,SaaS HoldCo,Payroll
GL0000604,2023-07-24,6100,S&M,Sales,CC300,Singh-Mason,-23623.51,CR,SaaS Canada,Software tools
GL0000605,2023-07-19,6100,Sales and Marketing,Finance,CC200,Williams PLC,22539.12,DR,SaaS Canada,Payroll
GL0000606,2023-07-18,6300,General and Administrative,Operations,,"Smith, Burns and Gonzalez",-24254.58,CR,SaaS Canada,Software tools
GL0000607,2023-07-13,6200,R&D,Finance,,Moore Inc,14416.26,DR,SaaS HoldCo,Reclass
GL0000608,2023-07-22,5000,Cost of Service,Marketing,CC300,Scott-Cannon,17989.41,DR,SaaS HoldCo,Contractor costs
GL0000609,2023-07-01,5000,cost of service,Finance,CC300,Ramsey LLC,19842.35,DR,SaaS US,AWS hosting
GL0000610,2023-07-03,6300,General and Administrative,,,"Morrow, Morrison and Marshall",18628.48,CR,saas us,
GL0000611,2023-07-06,5000,cost of service,Sales,CC400,Payne Inc,-1789.93,CR,SaaS US,Software tools
GL0000612,2023-07-09,1010,Cash,,CC200,Wood-Simmons,21975.99,dr,SaaS Canada,Payroll
GL0000613,2023-07-27,1010,Cash,,,Sanford-Williams,12724.33,dr,SaaS Canada,Software tools
GL0000614,2023-07-07,5000,Cost of Service,,CC100,"Smith, Johnson and Roberts",-2883.82,CR,SaaS Canada,AWS hosting
GL0000615,2023-07-18,5000,Cost of Service,Engineering,,"Gonzalez, Parsons and Powers",-14746.64,,SaaS HoldCo,Payroll
GL0000616,2023-07-13,6300,G&A,Sales,CC200,"Cortez, Gomez and Garner",-4050.86,CR,SaaS US,Contractor costs
GL0000617,2023-07-27,5000,Cost of Service,,CC300,Smith-Matthews,22049.13,DR,SaaS Canada,AWS hosting
GL0000618,2023-07-15,9999,Misc Expense,Finance,CC100,"Kirk, Bell and Riley",7067.91,DR,saas us,Contractor costs
GL0000619,2023-07-06,1010,Cash,Marketing,,Price Group,2434.4,DR,SaaS HoldCo,
GL0000620,2023-07-07,6300,General and Administrative,Engineering,CC300,Johnson-Smith,19836.09,DR,SaaS Canada,Contractor costs
GL0000621,2023-07-15,5000,Cost of Service,,CC200,Gomez-Johnson,5651.3,DR,saas us,Software tools
GL0000622,2023-07-02,6100,Sales and Marketing,Sales,CC400,"Warren, Gregory and Fleming",-19571.82,cr,SaaS US,Contractor costs
GL0000623,2023-07-11,6200,R&D,Sales,,Lin PLC,-13341.65,cr,SaaS US,Payroll
GL0000624,2023-07-08,6300,G&A,Finance,CC400,"Harmon, Rodriguez and Pena",16794.22,DR,saas us,Payroll
GL0000625,2023-07-22,6200,Research and Development,Finance,CC100,"Santana, Moore and Ramirez",5634.95,DR,saas us,Software tools
GL0000626,2023-07-17,6100,S&M,,,Taylor-Rios,14792.88,DR,SaaS US,
GL0000627,2023-07-10,6100,sales & marketing,Engineering,,"Nunez, Robinson and Greene",16377.6,dr,SaaS US,Reclass
GL0000628,2023-07-10,9999,Misc Expense,Operations,CC100,"Smith, Glover and Jimenez",7204.73,DR,SaaS US,Refund
GL0000629,2023-07-27,6300,G&A,Marketing,CC300,,14927.73,DR,SaaS HoldCo,Software tools
GL0000630,2023-07-01,6200,Research and Development,,,Peterson-Stewart,-18403.25,cr,SaaS HoldCo,Software tools
GL0000631,2023-08-13,6200,Research and Development,Marketing,CC300,Mejia Group,4062.46,DR,SaaS US,Google Ads
GL0000632,2023-08-17,1010,Cash,,CC200,"Gray, Smith and Robinson",16147.29,DR,SaaS Canada,Refund
GL0000633,2023-08-05,6200,Research and Development,,,Pearson-White,22101.98,DR,saas us,Refund
GL0000634,2023-08-12,6100,sales & marketing,Marketing,CC300,Hodge PLC,20569.81,DR,SaaS US,Refund
GL0000635,2023-08-08,6100,sales & marketing,Finance,,Barnett PLC,5238.96,DR,saas us,Google Ads
GL0000636,2023-08-16,6200,Research and Development,Marketing,,,-5883.88,CR,SaaS Canada,Refund
GL0000637,2023-08-04,5000,cost of service,Sales,CC100,"Martin, Brown and Murphy",21616.44,DR,SaaS Canada,Refund
GL0000638,2023-08-14,6200,R&D,Sales,,James-Bates,12118.16,DR,SaaS Canada,Reclass
GL0000639,2023-08-19,6200,R&D,Marketing,,Thomas-Jackson,4994.07,DR,SaaS US,Payroll
GL0000640,2023-08-10,6100,S&M,,CC300,Chandler Ltd,17194.26,DR,SaaS Canada,Contractor costs
GL0000641,2023-08-14,6300,G&A,,CC100,"Smith, Porter and Robinson",1503.86,DR,SaaS Canada,
GL0000642,2023-08-09,6200,Research and Development,Engineering,CC400,Bishop and Sons,22963.39,dr,SaaS US,Payroll
GL0000643,2023-08-10,5000,Cost of Service,Marketing,CC300,Diaz-Tran,-14742.81,cr,saas us,Contractor costs
GL0000644,2023-08-22,6300,General and Administrative,Marketing,,Santos Inc,1503.59,DR,SaaS HoldCo,Contractor costs
GL0000645,2023-08-06,6200,Research and Development,Sales,CC200,Patterson Inc,-1445.33,CR,saas us,
GL0000646,2023-08-25,9999,Misc Expense,Engineering,CC100,"Lawrence, Robertson and Banks",3752.55,DR,SaaS US,Payroll
GL0000647,2023-08-08,6200,R&D,Marketing,CC200,Gould-Moreno,-2469.08,CR,saas us,Google Ads
GL0000648,2023-08-05,5000,Cost of Service,Sales,,Whitney Group,17201.32,dr,SaaS US,Refund
GL0000649,2023-08-17,6100,sales & marketing,Sales,CC200,Weaver LLC,10461.81,DR,SaaS HoldCo,AWS hosting
GL0000650,2023-08-17,6100,sales & marketing,Finance,CC400,Boyle Inc,2624.2,DR,SaaS US,Reclass
GL0000651,2023-08-17,1010,Cash,Finance,,Hardy-Valdez,6896.92,DR,SaaS HoldCo,Payroll
GL0000652,2023-08-17,6100,S&M,Operations,CC100,Price-Taylor,8320.45,DR,SaaS HoldCo,
GL0000653,2023-08-25,5000,cost of service,Engineering,,Oconnor Group,2079.84,DR,saas us,Google Ads
GL0000654,2023-08-16,6100,S&M,Engineering,CC200,Smith LLC,18006.48,DR,SaaS HoldCo,Reclass
GL0000655,2023-08-02,6200,R&D,Operations,,Cox LLC,19252.77,dr,saas us,Reclass
GL0000656,2023-08-10,5000,Cost of Service,,CC300,Avila Inc,7533.25,DR,SaaS US,Contractor costs
GL0000657,2023-08-07,6100,S&M,,CC300,"Pham, Morris and Elliott",1577.61,DR,SaaS US,
GL0000658,2023-08-23,5000,cost of service,,,"Whitehead, Rodriguez and Martin",6942.82,DR,SaaS Canada,Google Ads
GL0000659,2023-08-02,9999,Misc Expense,Finance,CC400,"Solis, Jarvis and Mejia",-15996.09,CR,SaaS Canada,Reclass
GL0000660,2023-08-24,6100,sales & marketing,Finance,CC300,"Huerta, Malone and Reid",-12816.83,CR,SaaS Canada,Payroll
GL0000661,2023-08-20,6300,General and Administrative,Operations,,Cook and Sons,3037.04,DR,saas us,
GL0000662,2023-08-03,6200,R&D,Operations,CC200,Roach-Clark,21147.32,dr,saas us,AWS hosting
GL0000663,2023-08-14,1010,Cash,,CC300,Hampton-Mcintosh,21860.39,,SaaS HoldCo,Contractor costs
GL0000664,2023-08-19,6200,Research and Development,Finance,CC100,Keith Group,-23523.2,cr,SaaS Canada,Google Ads
GL0000665,2023-08-09,5000,Cost of Service,Finance,CC300,Moran LLC,9989.22,DR,SaaS HoldCo,Software tools
GL0000666,2023-08-24,9999,Misc Expense,Finance,,"Briggs, Taylor and Brown",9938.24,DR,SaaS HoldCo,
GL0000667,2023-08-27,5000,Cost of Service,Marketing,CC400,Jones and Sons,1852.08,,saas us,Payroll
GL0000668,2023-08-23,6100,sales & marketing,Operations,CC300,"Newton, Nunez and Simmons",-8739.31,CR,SaaS US,Refund
GL0000669,2023-08-27,5000,cost of service,Sales,,Christensen and Sons,12056.81,dr,SaaS HoldCo,AWS hosting
GL0000670,2023-08-07,5000,cost of service,Finance,,"Woods, Valenzuela and Green",24518.04,DR,saas us,AWS hosting
GL0000671,2023-08-07,6100,Sales and Marketing,Finance,,"Long, Perez and Leblanc",-10847.33,CR,SaaS Canada,Refund
GL0000672,2023-08-13,6300,General and Administrative,Finance,CC200,Avery-Velasquez,3746.1,dr,SaaS Canada,
GL0000673,2023-08-21,6300,General and Administrative,Sales,CC100,"Kline, Williams and Phillips",22531.13,DR,SaaS HoldCo,Software tools
GL0000674,2023-08-05,6200,Research and Development,Finance,CC100,"Park, Yang and Sheppard",17100.58,dr,SaaS HoldCo,Software tools
GL0000675,2023-08-15,6100,sales & marketing,,,Klein-Mejia,15156.21,DR,SaaS Canada,Software tools
GL0000676,2023-08-18,6300,G&A,Engineering,CC100,"Boyle, Jordan and Fuentes",-10054.86,CR,SaaS US,
GL0000677,2023-08-07,6100,S&M,Finance,CC200,"Barry, Tucker and Smith",2576.57,dr,saas us,Reclass
GL0000678,2023-08-19,6300,General and Administrative,Engineering,CC200,"Long, Evans and Cannon",-12269.85,CR,saas us,Google Ads
GL0000679,2023-08-09,1010,Cash,Engineering,CC400,"Christensen, Todd and Ramirez",16813.29,DR,saas us,AWS hosting
GL0000680,2023-08-19,5000,cost of service,Sales,,"Sosa, Snow and Watkins",17038.95,dr,saas us,Contractor costs
GL0000681,2023-08-12,6200,Research and Development,Engineering,CC300,Ramos-Munoz,-4496.63,CR,SaaS HoldCo,Reclass
GL0000682,2023-08-22,6300,G&A,Finance,CC100,"Woods, Nelson and Rowland",19832.22,DR,saas us,Contractor costs
GL0000683,2023-08-09,6100,sales & marketing,Operations,,Baker Ltd,4992.71,DR,SaaS Canada,Reclass
GL0000684,2023-08-27,5000,cost of service,Finance,CC100,Sosa Group,-3364.36,CR,SaaS Canada,Reclass
GL0000685,2023-08-11,5000,cost of service,,,Ibarra Ltd,21698.52,DR,SaaS HoldCo,Reclass
GL0000686,2023-08-20,6100,S&M,Marketing,CC200,"Sweeney, Wallace and Torres",14164.94,dr,SaaS HoldCo,Refund
GL0000687,2023-08-03,6100,S&M,Engineering,CC300,White Ltd,19549.15,DR,SaaS US,Payroll
GL0000688,2023-08-02,1010,Cash,Engineering,CC400,Ross Inc,-4289.79,CR,SaaS US,Contractor costs
GL0000689,2023-08-25,6200,Research and Development,,,"Miller, Hall and Frey",6342.04,DR,SaaS Canada,Reclass
GL0000690,2023-08-24,5000,Cost of Service,Finance,CC300,Anderson-Thompson,23982.5,DR,SaaS Canada,Contractor costs
GL0000691,2023-08-04,6300,G&A,,CC200,"Martin, White and Wright",-13830.7,cr,SaaS HoldCo,Payroll
GL0000692,2023-08-25,6300,General and Administrative,Engineering,CC200,Le Ltd,11007.73,dr,SaaS US,Contractor costs
GL0000693,2023-08-02,5000,Cost of Service,Sales,CC100,Shaw-Jordan,-18690.98,cr,saas us,Google Ads
GL0000694,2023-08-11,5000,Cost of Service,,CC200,"Best, Wu and Parker",18863.32,DR,SaaS Canada,Contractor costs
GL0000695,2023-08-27,6300,General and Administrative,Operations,,Curtis-Parsons,12236.41,dr,SaaS US,Software tools
GL0000696,2023-08-13,6200,Research and Development,Marketing,,West Ltd,7395.21,DR,saas us,Google Ads
GL0000697,2023-08-20,6300,G&A,Operations,CC100,"Green, Adams and Rhodes",4073.88,DR,SaaS Canada,Google Ads
GL0000698,2023-08-17,6300,G&A,Marketing,CC400,Oliver LLC,18178.9,DR,SaaS US,Reclass
GL0000699,2023-08-07,1010,Cash,Sales,,Chapman-Cross,6260.8,dr,SaaS Canada,Payroll
GL0000700,2023-08-19,6100,S&M,Engineering,,Jackson LLC,1250.25,DR,SaaS HoldCo,Contractor costs
GL0000701,2023-08-10,6200,Research and Development,,CC400,"Vasquez, Williams and Williams",15478.78,DR,saas us,AWS hosting
GL0000702,2023-08-16,9999,Misc Expense,Engineering,CC400,"Nelson, Greene and Cohen",2329.1,DR,SaaS US,Software tools
GL0000703,2023-08-05,6300,G&A,,,Morris PLC,-24612.14,cr,SaaS Canada,Refund
GL0000704,2023-08-19,6300,General and Administrative,Marketing,CC400,Smith Group,22236.61,DR,SaaS HoldCo,Contractor costs
GL0000705,2023-08-21,5000,cost of service,,CC100,Scott and Sons,20078.31,DR,saas us,Payroll
GL0000706,2023-08-02,9999,Misc Expense,Sales,CC400,"Carroll, Reynolds and Shaw",7484.91,dr,SaaS US,Reclass
GL0000707,2023-08-06,6100,S&M,Operations,,"Ramirez, Johnson and Carr",-8603.32,cr,SaaS HoldCo,Software tools
GL0000708,2023-08-10,6100,Sales and Marketing,Finance,CC400,Mcdaniel Inc,-6408.7,CR,SaaS HoldCo,
GL0000709,2023-08-04,6100,Sales and Marketing,Marketing,CC100,Church Inc,9975.98,dr,saas us,Google Ads
GL0000710,2023-08-25,6200,Research and Development,Engineering,,Johnson Ltd,16228.45,dr,saas us,Google Ads
GL0000711,2023-08-03,,R&D,Operations,CC200,Webb Inc,-24776.69,cr,SaaS HoldCo,
GL0000712,2023-08-13,6300,General and Administrative,,,Carter Inc,-11889.97,cr,SaaS HoldCo,Payroll
GL0000713,2023-08-07,6300,General and Administrative,Finance,,West PLC,3780.03,DR,SaaS HoldCo,Reclass
GL0000714,2023-08-04,5000,Cost of Service,Sales,,"Brown, Murphy and Crosby",-10715.97,,saas us,Software tools
GL0000715,2023-08-13,6100,sales & marketing,Sales,CC100,"Moore, Warner and Hudson",-10007.15,CR,saas us,Google Ads
GL0000716,2023-08-21,6100,sales & marketing,Engineering,,Washington LLC,21277.36,dr,SaaS Canada,Refund
GL0000717,2023-08-23,5000,Cost of Service,Engineering,CC300,"Phillips, Greene and Marsh",11936.41,DR,SaaS Canada,Payroll
GL0000718,2023-08-02,6200,R&D,Operations,,Holt Inc,-24115.78,CR,saas us,Contractor costs
GL0000719,2023-08-14,1010,Cash,Sales,CC100,"Morton, Lucas and Garcia",-22167.1,cr,SaaS Canada,Payroll
GL0000720,2023-08-16,6300,G&A,Finance,,"Ryan, Austin and Smith",-17360.36,cr,saas us,Google Ads
GL0000721,2023-09-07,6200,R&D,Operations,,Hernandez and Sons,18990.91,dr,SaaS HoldCo,Reclass
GL0000722,2023-09-13,6200,Research and Development,Sales,CC200,Raymond Inc,-7669.47,CR,SaaS Canada,AWS hosting
GL0000723,2023-09-24,6200,R&D,Engineering,CC400,Hines-Massey,16397.68,DR,saas us,Contractor costs
GL0000724,2023-09-03,6100,Sales and Marketing,Sales,,,6675.62,DR,SaaS US,Software tools
GL0000725,2023-09-04,6200,R&D,Operations,CC100,,-9017.89,CR,SaaS US,Reclass
GL0000726,2023-09-15,5000,Cost of Service,Operations,,Foster-Dougherty,-13736.52,cr,saas us,Software tools
GL0000727,2023-09-04,9999,Misc Expense,,CC300,Martinez-Stewart,-23759.84,CR,SaaS HoldCo,Software tools
GL0000728,2023-09-15,6100,Sales and Marketing,Engineering,CC100,Patton-Rhodes,21097.31,dr,SaaS Canada,Refund
GL0000729,2023-09-14,1010,Cash,Marketing,CC200,"Jimenez, Becker and Mcdonald",8440.62,dr,saas us,Google Ads
GL0000730,2023-09-08,1010,Cash,,CC100,"Stewart, Cochran and Moore",18993.91,cr,saas us,Refund
GL0000731,2023-09-04,6100,Sales and Marketing,,CC300,"Jimenez, Nelson and Aguilar",19645.14,dr,saas us,Google Ads
GL0000732,2023-09-16,1010,Cash,Marketing,CC100,"Berg, Collins and Frazier",-10634.52,CR,SaaS Canada,Google Ads
GL0000733,2023-09-17,6100,S&M,Engineering,,Jennings-Farrell,22341.41,DR,SaaS US,
GL0000734,2023-09-19,6200,R&D,,,"Norton, Medina and Robles",20147.54,DR,SaaS HoldCo,Software tools
GL0000735,2023-09-24,,sales & marketing,Engineering,CC400,Jackson-Byrd,4401.16,DR,SaaS Canada,Refund
GL0000736,2023-09-27,6200,R&D,Sales,CC200,Snyder Ltd,-10547.57,cr,SaaS Canada,Software tools
GL0000737,2023-09-25,6100,S&M,,,Lee Group,13858.24,DR,SaaS US,Payroll
GL0000738,2023-09-19,5000,cost of service,,,Owens-Booth,24217.26,dr,SaaS HoldCo,Reclass
GL0000739,2023-09-17,6300,General and Administrative,Sales,CC300,George Ltd,-20172.41,,SaaS Canada,Refund
GL0000740,2023-09-20,6300,G&A,Finance,CC400,Hansen PLC,-21340.77,cr,SaaS Canada,
GL0000741,2023-09-20,6200,Research and Development,Finance,CC400,Houston-Johnson,22993.91,DR,SaaS US,Reclass
GL0000742,2023-09-10,6100,Sales and Marketing,Sales,CC200,Murray Inc,-11778.35,CR,saas us,Software tools
GL0000743,2023-09-19,6300,G&A,Operations,,Guerrero Ltd,6218.0,DR,SaaS Canada,Google Ads
GL0000744,2023-09-17,5000,Cost of Service,Engineering,CC100,"Ryan, Murray and Mcdaniel",23790.28,DR,SaaS Canada,
GL0000745,2023-09-27,6100,S&M,Operations,CC400,Smith Group,-23862.44,cr,SaaS US,Contractor costs
GL0000746,2023-09-14,6100,Sales and Marketing,Sales,CC400,"Walker, Herman and Huynh",9012.2,DR,saas us,Software tools
GL0000747,2023-09-10,5000,cost of service,Marketing,CC100,Davis-Garza,22198.44,DR,SaaS HoldCo,Payroll
GL0000748,2023-09-15,1010,Cash,,CC200,"Shaw, Thomas and Fuller",13289.88,dr,SaaS US,
GL0000749,2023-09-21,6200,Research and Development,Finance,,Little Ltd,2347.16,dr,SaaS HoldCo,Software tools
GL0000750,2023-09-12,9999,Misc Expense,Sales,CC400,"Harrington, Ross and Myers",4866.95,DR,SaaS Canada,Reclass
GL0000751,2023-09-09,6300,G&A,Operations,,Sanders-Campbell,9895.91,DR,SaaS HoldCo,Contractor costs
GL0000752,2023-09-07,6200,Research and Development,Engineering,,Calderon-Snow,22747.3,DR,SaaS HoldCo,Google Ads
GL0000753,2023-09-21,6300,G&A,,CC300,"Olsen, Young and Martinez",1220.2,dr,SaaS Canada,Reclass
GL0000754,2023-09-19,6100,sales & marketing,,CC400,Guerra-Lee,10237.11,dr,SaaS HoldCo,Software tools
GL0000755,2023-09-04,5000,cost of service,Sales,CC300,Johnson-Smith,4592.26,dr,SaaS US,Payroll
GL0000756,2023-09-09,5000,Cost of Service,Marketing,CC200,Davis and Sons,-19544.05,CR,SaaS US,
GL0000757,2023-09-10,6200,R&D,,CC200,"Taylor, Smith and Thomas",-10804.55,CR,SaaS Canada,AWS hosting
GL0000758,2023-09-09,6200,Research and Development,Sales,CC100,"Jacobs, Smith and Owens",3234.3,DR,SaaS US,Software tools
GL0000759,2023-09-12,5000,cost of service,Marketing,,"Williams, Lopez and Atkinson",14867.72,DR,SaaS HoldCo,Payroll
GL0000760,2023-09-06,6100,Sales and Marketing,Marketing,,Baker-Whitney,23766.0,DR,SaaS Canada,Google Ads
GL0000761,2023-09-13,6200,Research and Development,,CC300,Torres Group,-17662.36,CR,SaaS Canada,Software tools
GL0000762,2023-09-07,6200,R&D,Sales,CC200,Adams-Perez,17381.88,DR,SaaS HoldCo,Contractor costs
GL0000763,2023-09-18,6100,S&M,,,Espinoza-Bennett,-1102.6,CR,SaaS US,Software tools
GL0000764,2023-09-22,,Sales and Marketing,,CC400,Thomas and Sons,-11740.02,CR,SaaS HoldCo,Software tools
GL0000765,2023-09-10,6200,R&D,,,Ingram Ltd,-18227.91,CR,saas us,Refund
GL0000766,2023-09-18,5000,cost of service,Operations,CC300,"Espinoza, Rodriguez and White",22640.06,DR,saas us,Reclass
GL0000767,2023-09-13,,S&M,Finance,,Perez-Joseph,5592.27,DR,SaaS HoldCo,Google Ads
GL0000768,2023-09-25,6300,General and Administrative,,CC300,Lopez LLC,-6944.49,CR,SaaS Canada,Payroll
GL0000769,2023-09-04,9999,Misc Expense,Operations,CC200,"Ortiz, Ritter and Phillips",20738.19,DR,SaaS US,
GL0000770,2023-09-02,6200,R&D,Operations,,Ray-Alvarez,10350.29,DR,saas us,Contractor costs
GL0000771,2023-09-02,6100,sales & marketing,Sales,CC300,"Smith, Dickson and Johnson",21336.22,DR,saas us,
GL0000772,2023-09-05,6100,sales & marketing,Sales,CC200,Garner Ltd,17374.89,DR,SaaS Canada,Contractor costs
GL0000773,2023-09-11,5000,cost of service,Engineering,,Taylor-Patton,7915.77,DR,SaaS Canada,Software tools
GL0000774,2023-09-20,6300,General and Administrative,Sales,CC400,"Lopez, Bishop and Howard",-9299.83,CR,SaaS US,Google Ads
GL0000775,2023-09-20,9999,Misc Expense,Marketing,,"Howell, Stanley and Price",-18986.07,CR,SaaS HoldCo,
GL0000776,2023-09-16,1010,Cash,,CC400,Ward and Sons,-19564.07,,SaaS Canada,Contractor costs
GL0000777,2023-09-18,6200,Research and Development,Operations,CC400,Matthews-Ruiz,1183.86,dr,SaaS HoldCo,AWS hosting
GL0000778,2023-09-15,6100,Sales and Marketing,,CC400,Sims-Acevedo,-3825.24,cr,SaaS US,AWS hosting
GL0000779,2023-09-16,5000,cost of service,,CC300,Martin-Simmons,-7545.38,CR,SaaS US,Payroll
GL0000780,2023-09-15,6200,R&D,Engineering,CC200,Freeman-Wilson,23492.55,DR,SaaS Canada,Payroll
GL0000781,2023-09-23,6100,S&M,Engineering,CC300,"Kim, Beltran and Rodriguez",-13701.72,CR,SaaS HoldCo,Payroll
GL0000782,2023-09-19,6100,S&M,Finance,CC400,Brooks-King,7859.37,DR,saas us,
GL0000783,2023-09-02,6300,G&A,,CC400,Castillo LLC,9204.77,DR,saas us,Google Ads
GL0000784,2023-09-02,6200,R&D,Marketing,,"Turner, Smith and Ramsey",-10209.17,CR,SaaS HoldCo,Refund
GL0000785,2023-09-18,6300,General and Administrative,Marketing,CC200,Shaw-Hernandez,21226.37,DR,SaaS HoldCo,AWS hosting
GL0000786,2023-09-08,6100,sales & marketing,Operations,CC400,Knight-Munoz,-11686.7,,SaaS US,Software tools
GL0000787,2023-09-16,9999,Misc Expense,Finance,CC300,Wise-Mclaughlin,15405.27,DR,SaaS Canada,Software tools
GL0000788,2023-09-11,5000,cost of service,Operations,,"Poole, Johnson and Edwards",-24559.98,CR,SaaS Canada,Reclass
GL0000789,2023-09-27,5000,Cost of Service,Engineering,,"Becker, Peck and Wallace",17139.52,dr,SaaS US,AWS hosting
GL0000790,2023-09-08,6200,Research and Development,Finance,CC400,"Stewart, Crawford and Simmons",15288.59,DR,SaaS HoldCo,AWS hosting
GL0000791,2023-09-07,5000,cost of service,Operations,CC300,Gutierrez-Sims,2169.88,dr,SaaS US,Software tools
GL0000792,2023-09-14,6300,General and Administrative,Operations,,Bennett PLC,-12195.78,cr,SaaS HoldCo,Reclass
GL0000793,2023-09-19,6100,S&M,,,"Jones, Little and Lawrence",-5563.69,CR,SaaS HoldCo,Reclass
GL0000794,2023-09-04,1010,Cash,Finance,,Bush Group,5253.13,DR,SaaS US,Refund
GL0000795,2023-09-03,6200,R&D,,CC300,"Morgan, Velez and Jordan",19586.29,DR,saas us,
GL0000796,2023-09-24,6200,Research and Development,Sales,CC200,Huber Inc,-20477.27,CR,SaaS HoldCo,Payroll
GL0000797,2023-09-02,1010,Cash,Finance,CC400,Jones-Ochoa,21391.05,dr,SaaS US,
GL0000798,2023-09-23,5000,cost of service,,CC400,"Paul, Thomas and Sandoval",-18131.41,cr,SaaS Canada,
GL0000799,2023-09-27,9999,Misc Expense,Sales,,Porter-Joseph,20034.75,DR,saas us,Reclass
GL0000800,2023-09-07,6100,S&M,Finance,CC200,"Jones, Hughes and Hansen",-23878.63,CR,SaaS Canada,Reclass
GL0000801,2023-09-09,6300,G&A,Sales,,Gordon-Herrera,8486.53,DR,saas us,Reclass
GL0000802,2023-09-19,6100,sales & marketing,Engineering,CC300,"Hardy, White and Curtis",2054.5,DR,SaaS Canada,Reclass
GL0000803,2023-09-05,6100,Sales and Marketing,Sales,CC200,Brock-Durham,6624.92,DR,SaaS US,Software tools
GL0000804,2023-09-01,6200,Research and Development,Finance,CC400,Patterson-Hernandez,4880.98,DR,SaaS US,Refund
GL0000805,2023-09-27,6200,Research and Development,Operations,,Rush Group,-6638.28,,SaaS US,Google Ads
GL0000806,2023-09-01,1010,Cash,,CC100,"Hill, Robinson and Sloan",-7282.76,CR,SaaS US,Reclass
GL0000807,2023-09-21,6100,sales & marketing,Sales,CC300,Frazier-Perez,-4854.08,cr,SaaS Canada,Payroll
GL0000808,2023-09-11,9999,Misc Expense,,CC200,Jones-Jackson,24350.44,DR,SaaS US,Reclass
GL0000809,2023-09-09,5000,cost of service,Operations,CC100,Bullock-Silva,16312.26,DR,SaaS HoldCo,
GL0000810,2023-09-05,6100,sales & marketing,Marketing,CC100,"Butler, Martin and Gordon",-22650.56,CR,SaaS Canada,Reclass
GL0000811,2023-10-07,6100,Sales and Marketing,Marketing,CC400,Marshall Group,16468.6,dr,SaaS Canada,
GL0000812,2023-10-21,6100,S&M,Marketing,CC400,Snow-Ward,1733.01,DR,SaaS HoldCo,Software tools
GL0000813,2023-10-23,6100,S&M,Sales,CC200,Frederick LLC,8748.64,DR,saas us,Software tools
GL0000814,2023-10-05,9999,Misc Expense,Engineering,CC400,Young-Lewis,23994.72,DR,SaaS HoldCo,
GL0000815,2023-10-05,6100,Sales and Marketing,Operations,,"Robinson, May and Hayes",-17983.71,CR,SaaS Canada,Reclass
GL0000816,2023-10-22,6200,R&D,Operations,CC400,Miller-Mathis,1114.22,dr,SaaS US,Software tools
GL0000817,2023-10-24,6200,R&D,,CC400,"Gentry, Gay and Mcgee",19915.46,DR,SaaS Canada,Software tools
GL0000818,2023-10-21,9999,Misc Expense,Sales,CC300,Lowe-Hall,14615.43,DR,SaaS HoldCo,
GL0000819,2023-10-14,6100,Sales and Marketing,Operations,CC300,Davis-Peters,-13619.71,cr,SaaS Canada,Payroll
GL0000820,2023-10-17,9999,Misc Expense,Marketing,CC300,Williams-Clayton,-22874.52,cr,SaaS HoldCo,Software tools
GL0000821,2023-10-04,1010,Cash,Sales,,"Davis, Martin and Lee",19833.15,dr,SaaS US,Reclass
GL0000822,2023-10-05,9999,Misc Expense,Operations,CC400,"Solis, French and Neal",7206.3,DR,SaaS Canada,Payroll
GL0000823,2023-10-20,6300,General and Administrative,Engineering,CC400,Lynch-Warner,10293.36,DR,SaaS HoldCo,Refund
GL0000824,2023-10-12,6200,R&D,Sales,,Hunt-Lee,17154.27,DR,SaaS US,Reclass
GL0000825,2023-10-23,1010,Cash,Marketing,CC100,Ingram-Tyler,9072.18,dr,SaaS HoldCo,Contractor costs
GL0000826,2023-10-02,6100,Sales and Marketing,Finance,CC400,Duffy-Fowler,10621.44,DR,SaaS HoldCo,Contractor costs
GL0000827,2023-10-27,6300,G&A,Sales,CC300,"Scott, Mercado and Hopkins",4654.24,DR,saas us,
GL0000828,2023-10-13,6100,sales & marketing,Engineering,CC200,Lee-Weber,6575.77,DR,saas us,AWS hosting
GL0000829,2023-10-15,6300,General and Administrative,Operations,,Macdonald-Martinez,14669.58,DR,saas us,Google Ads
GL0000830,2023-10-01,9999,Misc Expense,Operations,CC200,"French, Ortiz and Manning",16155.98,DR,saas us,Refund
GL0000831,2023-10-16,5000,Cost of Service,Operations,CC300,Wallace and Sons,-24983.19,CR,saas us,Contractor costs
GL0000832,2023-10-12,1010,Cash,Finance,CC400,"Peterson, Pittman and Garcia",-22483.5,CR,SaaS US,Google Ads
GL0000833,2023-10-18,5000,Cost of Service,Engineering,,Morrow-Lee,-19543.15,,SaaS Canada,Reclass
GL0000834,2023-10-03,,Sales and Marketing,Engineering,CC200,Vega and Sons,11252.69,DR,SaaS US,Reclass
GL0000835,2023-10-03,,Cash,Operations,CC400,Medina Group,6563.11,DR,saas us,Refund
GL0000836,2023-10-17,6100,Sales and Marketing,Marketing,,"Estrada, Bishop and Strong",16841.58,,SaaS US,Payroll
GL0000837,2023-10-05,6100,sales & marketing,Finance,CC100,Castro-Garcia,12711.52,dr,SaaS Canada,Software tools
GL0000838,2023-10-09,6100,sales & marketing,Operations,CC300,Perez-Thompson,-5632.93,CR,SaaS HoldCo,
GL0000839,2023-10-06,6200,R&D,,,Lowe-Smith,8990.57,DR,saas us,Google Ads
GL0000840,2023-10-09,6100,S&M,Marketing,CC300,Salazar-Clark,2701.25,DR,SaaS US,Software tools
GL0000841,2023-10-04,6300,General and Administrative,Engineering,CC300,Gibson LLC,-17807.33,,SaaS HoldCo,Contractor costs
GL0000842,2023-10-05,5000,cost of service,Finance,,Taylor-Cooper,23723.33,DR,SaaS HoldCo,Software tools
GL0000843,2023-10-03,6300,General and Administrative,,CC300,"Morris, Ray and Harris",11968.37,dr,saas us,Payroll
GL0000844,2023-10-03,6100,S&M,Finance,,Richmond-Ford,16660.24,DR,SaaS HoldCo,Reclass
GL0000845,2023-10-02,1010,Cash,Operations,CC200,Henderson-Lawrence,4181.17,DR,SaaS US,Refund
GL0000846,2023-10-02,5000,Cost of Service,,CC300,Greene PLC,22609.07,DR,SaaS HoldCo,Software tools
GL0000847,2023-10-08,6200,Research and Development,Finance,,Baker-Lucas,17432.12,DR,SaaS US,Payroll
GL0000848,2023-10-17,6100,S&M,,,Nunez PLC,-12747.2,cr,SaaS US,Refund
GL0000849,2023-10-08,5000,cost of service,,,Boyd Group,16700.51,DR,saas us,Software tools
GL0000850,2023-10-16,5000,Cost of Service,,CC200,"Owens, Phillips and Sutton",3805.76,DR,saas us,Google Ads
GL0000851,2023-10-04,6100,Sales and Marketing,Operations,CC100,Dyer-Ortiz,21054.13,DR,SaaS Canada,Reclass
GL0000852,2023-10-18,6300,G&A,Engineering,,"Jones, Scott and Lopez",-16515.24,CR,saas us,Refund
GL0000853,2023-10-23,6100,S&M,Operations,,"Garcia, Bird and Wood",10422.15,DR,saas us,Payroll
GL0000854,2023-10-23,6100,sales & marketing,,CC200,George-Leach,1081.22,DR,SaaS Canada,
GL0000855,2023-10-21,6100,S&M,Sales,CC300,"Garcia, Peterson and Cunningham",8900.51,DR,SaaS Canada,
GL0000856,2023-10-22,6200,R&D,Engineering,,"Clark, Harmon and Williams",12964.63,DR,saas us,AWS hosting
GL0000857,2023-10-21,6100,S&M,Finance,CC200,Day-Molina,7025.23,DR,SaaS HoldCo,
GL0000858,2023-10-14,6300,G&A,Sales,,"Church, Porter and Davis",-2936.92,,saas us,Software tools
GL0000859,2023-10-25,6100,Sales and Marketing,Engineering,CC200,"Palmer, Jones and Dunn",8692.08,DR,saas us,Reclass
GL0000860,2023-10-07,6200,Research and Development,Marketing,,Vega-Morgan,12809.98,DR,saas us,Reclass
GL0000861,2023-10-10,5000,cost of service,Sales,,"White, Weber and Thomas",-6799.31,CR,SaaS Canada,Google Ads
GL0000862,2023-10-08,5000,Cost of Service,,CC400,Hopkins-Sanchez,-5485.14,CR,saas us,AWS hosting
GL0000863,2023-10-03,6200,Research and Development,Engineering,CC300,"Gillespie, Romero and Everett",-2449.64,CR,SaaS HoldCo,
GL0000864,2023-10-21,6300,G&A,Finance,CC100,,-18928.01,CR,SaaS HoldCo,Contractor costs
GL0000865,2023-10-13,6100,sales & marketing,Marketing,CC300,Taylor Inc,24642.29,DR,SaaS US,Refund
GL0000866,2023-10-08,5000,cost of service,Sales,,Wright-Evans,9611.89,dr,saas us,Refund
GL0000867,2023-10-07,9999,Misc Expense,Sales,,Atkins-Brewer,23477.67,DR,saas us,Google Ads
GL0000868,2023-10-27,6100,S&M,,CC300,Fisher-Anthony,6575.41,DR,SaaS HoldCo,AWS hosting
GL0000869,2023-10-18,6100,S&M,,CC300,"Davis, Flores and Montgomery",-21616.92,CR,SaaS HoldCo,Payroll
GL0000870,2023-10-19,1010,Cash,Sales,CC300,Dunn-Guerra,6784.71,DR,SaaS US,
GL0000871,2023-10-14,1010,Cash,Operations,CC300,Brock LLC,-3822.61,CR,SaaS Canada,AWS hosting
GL0000872,2023-10-07,6100,S&M,Sales,,"Bowers, Turner and Johnson",-3032.66,cr,SaaS US,
GL0000873,2023-10-11,6300,General and Administrative,,CC300,Savage-Yates,4334.26,DR,SaaS US,AWS hosting
GL0000874,2023-10-18,6200,Research and Development,,CC300,"Weaver, Kent and Meadows",-15491.22,CR,SaaS Canada,Google Ads
GL0000875,2023-10-07,6100,sales & marketing,Operations,,Tran LLC,20218.33,dr,saas us,Google Ads
GL0000876,2023-10-04,6200,Research and Development,Marketing,CC200,"Benton, Martin and Watkins",13329.93,DR,SaaS HoldCo,Software tools
GL0000877,2023-10-19,6100,Sales and Marketing,Engineering,CC100,Bowen-Newton,5340.76,DR,saas us,Contractor costs
GL0000878,2023-10-25,9999,Misc Expense,,CC200,"Smith, Long and Baker",5177.21,DR,saas us,Reclass
GL0000879,2023-10-27,6100,sales & marketing,,CC100,Mitchell-Robinson,22249.89,DR,SaaS US,Payroll
GL0000880,2023-10-14,6200,Research and Development,Marketing,CC300,"Christensen, Martin and Long",-6932.94,CR,SaaS US,Google Ads
GL0000881,2023-10-04,6100,Sales and Marketing,Finance,CC200,"Jensen, Contreras and Gomez",3643.26,DR,SaaS US,Google Ads
GL0000882,2023-10-17,5000,Cost of Service,Operations,CC300,Park-Cardenas,-4247.43,CR,SaaS HoldCo,Refund
GL0000883,2023-10-10,1010,Cash,Marketing,,Cole-Scott,2935.78,DR,saas us,Software tools
GL0000884,2023-10-21,6100,Sales and Marketing,Engineering,CC400,Reeves-Garcia,-8360.73,cr,SaaS HoldCo,Contractor costs
GL0000885,2023-10-15,6100,sales & marketing,Operations,CC100,Villa-Burns,-11609.99,cr,saas us,Google Ads
GL0000886,2023-10-19,6200,Research and Development,Sales,,,6679.45,,SaaS HoldCo,Google Ads
GL0000887,2023-10-22,9999,Misc Expense,Operations,,Edwards Ltd,8288.76,DR,SaaS US,Refund
GL0000888,2023-10-01,6300,G&A,Engineering,,"Anderson, Boyle and Smith",-18725.7,,SaaS HoldCo,
GL0000889,2023-10-01,6300,G&A,Operations,CC200,Lara Inc,22502.34,DR,SaaS Canada,Reclass
GL0000890,2023-10-10,6100,Sales and Marketing,Engineering,,Whitehead LLC,3704.39,CR,SaaS Canada,Contractor costs
GL0000891,2023-10-19,6300,G&A,,,"Fields, Griffin and Rodriguez",4004.86,dr,SaaS HoldCo,Contractor costs
GL0000892,2023-10-18,6200,Research and Development,,CC100,Gonzales-Edwards,18025.07,DR,saas us,Reclass
GL0000893,2023-10-17,6100,S&M,Operations,CC200,"Brown, Wilson and Best",18767.51,dr,SaaS HoldCo,Contractor costs
GL0000894,2023-10-16,6100,sales & marketing,Finance,CC200,Baldwin LLC,19635.17,DR,saas us,Contractor costs
GL0000895,2023-10-11,6300,General and Administrative,,CC300,Burke Inc,16351.94,DR,SaaS US,Software tools
GL0000896,2023-10-27,1010,Cash,,CC100,"Dean, Chase and Bradley",4965.71,DR,SaaS US,Reclass
GL0000897,2023-10-16,6200,Research and Development,Marketing,CC400,Frost-Jensen,-3021.12,CR,SaaS Canada,Software tools
GL0000898,2023-10-15,6100,sales & marketing,Engineering,CC100,Kent Group,-10829.41,CR,saas us,Payroll
GL0000899,2023-10-06,6200,Research and Development,Marketing,,Hubbard and Sons,2282.93,DR,saas us,AWS hosting
GL0000900,2023-10-24,5000,cost of service,Finance,,Fuentes-Lopez,24686.15,DR,saas us,Google Ads
GL0000901,2023-11-15,6200,R&D,,,Johnson and Sons,2874.91,DR,SaaS HoldCo,Reclass
GL0000902,2023-11-09,9999,Misc Expense,Marketing,,Johnston-Powell,15783.5,,SaaS HoldCo,Refund
GL0000903,2023-11-08,6300,General and Administrative,,CC200,Olson-Chavez,24458.46,,saas us,Refund
GL0000904,2023-11-02,5000,cost of service,Engineering,,Phillips Ltd,23195.72,DR,SaaS US,Contractor costs
GL0000905,2023-11-10,9999,Misc Expense,,,"Jordan, Williams and Hoffman",24515.22,DR,SaaS HoldCo,Reclass
GL0000906,2023-11-25,5000,Cost of Service,,CC200,Baldwin-Young,-13613.05,CR,SaaS US,Contractor costs
GL0000907,2023-11-15,5000,Cost of Service,,CC300,Webster-Vargas,24464.32,DR,SaaS Canada,Software tools
GL0000908,2023-11-09,6100,S&M,Operations,CC100,Armstrong LLC,-22888.73,,SaaS HoldCo,Reclass
GL0000909,2023-11-24,6200,R&D,Marketing,,Vasquez Group,-15595.43,CR,SaaS Canada,AWS hosting
GL0000910,2023-11-06,9999,Misc Expense,,CC300,Edwards PLC,23873.63,DR,SaaS US,Google Ads
GL0000911,2023-11-07,6100,Sales and Marketing,Marketing,CC400,Fernandez-Shelton,5611.43,DR,SaaS US,
GL0000912,2023-11-08,5000,cost of service,Marketing,,Henry Group,11546.61,dr,saas us,Software tools
GL0000913,2023-11-12,6300,General and Administrative,Operations,CC100,Garcia and Sons,6473.8,DR,SaaS US,Refund
GL0000914,2023-11-24,6100,Sales and Marketing,,CC400,"Austin, Mcclure and Ward",8377.08,dr,SaaS Canada,Payroll
GL0000915,2023-11-07,6200,Research and Development,Engineering,,,17075.97,DR,SaaS HoldCo,AWS hosting
GL0000916,2023-11-09,6200,Research and Development,,CC300,Robertson-Conway,20779.59,DR,SaaS HoldCo,Reclass
GL0000917,2023-11-14,5000,cost of service,Engineering,,"Holt, Garcia and English",-21778.31,CR,SaaS US,Payroll
GL0000918,2023-11-13,6100,S&M,Marketing,CC400,Dean-Hodge,8873.9,DR,SaaS HoldCo,Google Ads
GL0000919,2023-11-05,6100,Sales and Marketing,Marketing,CC300,Yang Ltd,-16701.64,CR,SaaS US,
GL0000920,2023-11-20,9999,Misc Expense,,CC300,Daniels-Rodriguez,4453.27,DR,saas us,
GL0000921,2023-11-15,6200,R&D,,CC300,Little-Colon,-17023.75,cr,SaaS HoldCo,Refund
GL0000922,2023-11-15,6300,G&A,Marketing,CC400,"Galloway, Bailey and Johnson",-20565.71,cr,saas us,Software tools
GL0000923,2023-11-03,5000,cost of service,,,"Bennett, Johnson and Gonzalez",-8943.48,CR,SaaS US,Reclass
GL0000924,2023-11-26,5000,Cost of Service,Engineering,,Armstrong Group,-24637.7,CR,saas us,Software tools
GL0000925,2023-11-27,6300,G&A,,CC200,Dorsey-Villa,7977.62,DR,SaaS US,Payroll
GL0000926,2023-11-01,5000,Cost of Service,Marketing,CC200,"Murphy, Garcia and Sherman",9173.22,dr,SaaS HoldCo,Reclass
GL0000927,2023-11-14,6300,General and Administrative,Engineering,,"Miller, Williams and Blackburn",-2805.72,CR,saas us,Contractor costs
GL0000928,2023-11-09,6200,Research and Development,Engineering,CC400,Turner-Mcdaniel,15385.01,DR,SaaS HoldCo,Software tools
GL0000929,2023-11-11,6200,Research and Development,,CC200,Kelly-Gardner,11846.03,,saas us,Refund
GL0000930,2023-11-26,6100,Sales and Marketing,Marketing,,"Johnson, Ruiz and Howard",-9278.56,CR,saas us,Refund
GL0000931,2023-11-27,5000,Cost of Service,Finance,CC200,Jordan and Sons,12274.05,DR,SaaS Canada,Reclass
GL0000932,2023-11-19,,R&D,,CC400,Lewis and Sons,-14797.9,cr,saas us,
GL0000933,2023-11-26,6100,sales & marketing,,CC200,"Gonzalez, Rivera and Hess",-19459.97,CR,SaaS Canada,
GL0000934,2023-11-14,6300,G&A,Finance,,"Martinez, Kim and Mcbride",17953.1,DR,SaaS US,
GL0000935,2023-11-12,6300,General and Administrative,Marketing,,Evans-Cain,-23755.91,cr,saas us,
GL0000936,2023-11-16,9999,Misc Expense,,CC100,Kirk-Trujillo,-13864.6,CR,SaaS HoldCo,Payroll
GL0000937,2023-11-26,6300,General and Administrative,Operations,CC200,Williams-Braun,-21289.29,CR,SaaS US,Contractor costs
GL0000938,2023-11-04,6100,Sales and Marketing,Sales,,"Lopez, Young and Lamb",7425.69,DR,SaaS US,Payroll
GL0000939,2023-11-09,5000,Cost of Service,Sales,CC300,Aguilar Inc,21629.62,,SaaS Canada,Payroll
GL0000940,2023-11-21,6200,Research and Development,Engineering,,James LLC,13566.41,DR,SaaS Canada,Refund
GL0000941,2023-11-24,6100,S&M,Marketing,,Santiago-Meyer,4255.29,DR,saas us,Google Ads
GL0000942,2023-11-23,6100,Sales and Marketing,Finance,CC400,"Brooks, Chavez and Glover",7854.65,dr,saas us,
GL0000943,2023-11-24,6100,S&M,Engineering,CC100,Robertson Ltd,-23251.1,cr,SaaS HoldCo,Software tools
GL0000944,2023-11-12,5000,Cost of Service,Marketing,CC300,"Lambert, Cowan and Morris",15469.51,DR,saas us,
GL0000945,2023-11-09,,cost of service,Sales,,Benton-Sullivan,16495.98,DR,saas us,Payroll
GL0000946,2023-11-11,6300,G&A,Engineering,,Burke-Smith,-8501.93,cr,SaaS US,Reclass
GL0000947,2023-11-04,9999,Misc Expense,Operations,CC300,Morales-Miller,-16986.31,cr,SaaS Canada,Software tools
GL0000948,2023-11-24,,cost of service,Operations,CC300,Salinas-Thomas,3546.52,DR,SaaS US,Refund
GL0000949,2023-11-11,5000,Cost of Service,Engineering,,Watkins-Green,-1542.92,CR,SaaS Canada,Reclass
GL0000950,2023-11-20,5000,cost of service,Finance,CC100,Wilson Group,23881.27,DR,SaaS HoldCo,Reclass
GL0000951,2023-11-12,1010,Cash,Engineering,CC400,Villanueva-Ewing,-4580.46,CR,SaaS US,
GL0000952,2023-11-03,6100,sales & marketing,,,Phillips-King,14477.18,DR,saas us,Payroll
GL0000953,2023-11-14,6200,Research and Development,Marketing,CC100,"Fields, Marshall and Vaughn",11656.93,DR,saas us,Google Ads
GL0000954,2023-11-11,6300,General and Administrative,,CC200,Davis-Webb,4777.01,dr,SaaS Canada,Payroll
GL0000955,2023-11-05,6300,G&A,Finance,,Love-Mathews,3055.47,DR,SaaS HoldCo,Contractor costs
GL0000956,2023-11-16,1010,Cash,,,Graham Ltd,17544.18,DR,SaaS HoldCo,Refund
GL0000957,2023-11-01,5000,cost of service,Finance,,Edwards and Sons,-23466.08,cr,SaaS US,Reclass
GL0000958,2023-11-26,5000,cost of service,Operations,CC100,"Smith, Hansen and Bailey",3246.35,DR,SaaS US,Google Ads
GL0000959,2023-11-19,9999,Misc Expense,Engineering,CC200,"Barnett, Hull and Hernandez",-9271.32,CR,SaaS HoldCo,Software tools
GL0000960,2023-11-27,6300,G&A,Operations,,"Roberts, Bartlett and Sanders",-9427.31,cr,saas us,Payroll
GL0000961,2023-11-22,6100,Sales and Marketing,,,"Flores, Perry and Reed",21107.57,DR,SaaS HoldCo,Contractor costs
GL0000962,2023-11-14,6300,G&A,Marketing,CC100,"Torres, Brown and Martin",5998.43,dr,SaaS US,AWS hosting
GL0000963,2023-11-03,6300,G&A,,CC100,Swanson LLC,13914.33,DR,saas us,Contractor costs
GL0000964,2023-11-04,6100,sales & marketing,,CC400,Rios-Villanueva,2774.33,dr,SaaS HoldCo,AWS hosting
GL0000965,2023-11-02,9999,Misc Expense,Finance,CC200,Hudson-Sullivan,10715.97,DR,SaaS HoldCo,Software tools
GL0000966,2023-11-04,9999,Misc Expense,Sales,CC400,White Group,13216.11,DR,saas us,Software tools
GL0000967,2023-11-13,9999,Misc Expense,,CC100,"Merritt, Rodriguez and Mendez",22589.08,DR,SaaS HoldCo,
GL0000968,2023-11-03,6200,Research and Development,Engineering,,Rodriguez LLC,19164.8,,SaaS HoldCo,Refund
GL0000969,2023-11-07,6200,R&D,,CC400,Boyd PLC,13391.58,DR,SaaS Canada,Contractor costs
GL0000970,2023-11-22,6100,sales & marketing,,CC200,Howard and Sons,8008.19,CR,SaaS Canada,Software tools
GL0000971,2023-11-22,6200,R&D,Finance,,Watson PLC,-23825.57,CR,SaaS HoldCo,Reclass
GL0000972,2023-11-13,6200,R&D,,CC300,Osborne-Cooper,8710.05,DR,SaaS US,AWS hosting
GL0000973,2023-11-19,6200,R&D,Sales,CC100,Mcdowell-Jones,10679.44,DR,SaaS Canada,Software tools
GL0000974,2023-11-09,6200,Research and Development,Finance,CC200,Gutierrez PLC,9542.57,DR,saas us,Reclass
GL0000975,2023-11-12,6100,Sales and Marketing,,,Sandoval-Martin,3896.16,,SaaS Canada,Software tools
GL0000976,2023-11-07,6100,sales & marketing,Finance,CC100,Perez LLC,24615.46,DR,SaaS Canada,Reclass
GL0000977,2023-11-25,6200,R&D,Finance,CC300,Farrell-Ward,5057.72,dr,SaaS Canada,Reclass
GL0000978,2023-11-27,6100,S&M,Finance,,Maxwell-Grimes,7348.42,DR,SaaS HoldCo,Refund
GL0000979,2023-11-06,,General and Administrative,Marketing,,"Scott, Price and Jones",-17156.93,CR,SaaS HoldCo,AWS hosting
GL0000980,2023-11-06,6100,sales & marketing,,,Tate LLC,16542.28,DR,saas us,Refund
GL0000981,2023-11-21,5000,cost of service,Marketing,CC400,"Mann, Garza and Lester",17552.53,DR,SaaS HoldCo,Refund
GL0000982,2023-11-16,9999,Misc Expense,Sales,CC300,Diaz-James,20598.94,DR,SaaS Canada,Google Ads
GL0000983,2023-11-27,6300,General and Administrative,,,Marquez-Smith,-24768.99,CR,SaaS Canada,AWS hosting
GL0000984,2023-11-06,5000,cost of service,Operations,CC400,Morrison LLC,-1914.23,cr,SaaS HoldCo,Reclass
GL0000985,2023-11-01,5000,cost of service,Engineering,,Hunt Inc,13783.19,DR,SaaS Canada,Reclass
GL0000986,2023-11-18,6100,sales & marketing,Finance,CC400,Davis Group,13370.14,DR,SaaS HoldCo,Payroll
GL0000987,2023-11-06,6100,sales & marketing,Sales,,Galvan LLC,-3149.83,cr,SaaS US,Software tools
GL0000988,2023-11-04,6100,S&M,Operations,CC400,Gallagher Inc,-4003.1,cr,saas us,Refund
GL0000989,2023-11-21,,Research and Development,,CC300,Acosta-Bryant,21911.13,DR,saas us,
GL0000990,2023-11-12,6100,sales & marketing,Engineering,,"Davis, Blanchard and Gilbert",1609.82,DR,SaaS Canada,Reclass
GL0000991,2023-12-14,6300,G&A,,CC400,Johnson and Sons,4216.44,DR,SaaS Canada,Google Ads
GL0000992,2023-12-17,9999,Misc Expense,Sales,,Yoder-Rice,13181.06,DR,saas us,Payroll
GL0000993,2023-12-04,,S&M,Finance,CC200,Matthews Ltd,-23612.82,CR,SaaS HoldCo,Reclass
GL0000994,2023-12-05,6100,sales & marketing,Engineering,CC200,Roberts-Proctor,2163.94,DR,saas us,Refund
GL0000995,2023-12-03,9999,Misc Expense,,,"Pacheco, Shepard and Crawford",4788.3,DR,SaaS Canada,Reclass
GL0000996,2023-12-14,6300,General and Administrative,Sales,CC200,Williamson-Thompson,-15228.72,CR,saas us,Payroll
GL0000997,2023-12-01,5000,Cost of Service,Sales,,"Vasquez, Graham and Adams",16835.44,DR,saas us,Contractor costs
GL0000998,2023-12-14,6100,sales & marketing,Marketing,,Romero Ltd,24293.89,DR,saas us,Google Ads
GL0000999,2023-12-08,6300,G&A,Marketing,,Swanson-Newman,1746.88,,SaaS HoldCo,AWS hosting
GL0001000,2023-12-06,6200,R&D,Finance,,Guerrero PLC,4385.89,dr,SaaS HoldCo,Payroll
GL0001001,2023-12-16,5000,cost of service,Marketing,CC100,Bradley-Schultz,1818.35,dr,saas us,Contractor costs
GL0001002,2023-12-20,6100,sales & marketing,Operations,CC300,Hernandez Inc,-10009.0,CR,SaaS HoldCo,Contractor costs
GL0001003,2023-12-18,6300,General and Administrative,Marketing,,Lucero Group,-9092.07,CR,saas us,Refund
GL0001004,2023-12-25,6100,Sales and Marketing,Finance,,Cooper-Jackson,-16041.52,CR,SaaS US,Reclass
GL0001005,2023-12-11,6300,G&A,Operations,,Edwards-Lester,20637.71,DR,SaaS HoldCo,Reclass
GL0001006,2023-12-25,6100,Sales and Marketing,,CC100,"Lopez, Mason and Smith",19655.62,DR,saas us,AWS hosting
GL0001007,2023-12-24,1010,Cash,,CC100,Hart-Sosa,-1023.16,,SaaS US,AWS hosting
GL0001008,2023-12-08,6200,Research and Development,,CC400,"Romero, Mclaughlin and Fisher",14389.03,DR,SaaS US,
GL0001009,2023-12-25,6300,General and Administrative,Finance,,Yates-Moss,-3034.47,,SaaS US,AWS hosting
GL0001010,2023-12-16,6100,S&M,,CC200,Watson Inc,4188.68,DR,SaaS HoldCo,Contractor costs
GL0001011,2023-12-05,5000,Cost of Service,Sales,CC100,"Adams, Martin and Rodriguez",2466.57,DR,SaaS US,Contractor costs
GL0001012,2023-12-13,6300,General and Administrative,Operations,,Thomas and Sons,-1534.78,cr,SaaS US,AWS hosting
GL0001013,2023-12-02,9999,Misc Expense,Finance,,Romero Group,-19135.86,CR,saas us,Payroll
GL0001014,2023-12-09,1010,Cash,Engineering,,"Hobbs, Vasquez and Hamilton",-16032.79,,SaaS HoldCo,
GL0001015,2023-12-20,6100,sales & marketing,Finance,,Guzman-Delgado,1320.11,,SaaS US,Refund
GL0001016,2023-12-10,5000,Cost of Service,Marketing,,Jones Group,13341.93,dr,saas us,Reclass
GL0001017,2023-12-03,9999,Misc Expense,,,"Boyle, Shah and Lee",23761.23,DR,SaaS Canada,Software tools
GL0001018,2023-12-18,6100,sales & marketing,Sales,CC100,"Riggs, Parsons and Zimmerman",4944.17,DR,SaaS US,Contractor costs
GL0001019,2023-12-25,6300,G&A,Operations,CC400,Mendoza Ltd,18180.99,DR,SaaS HoldCo,Google Ads
GL0001020,2023-12-09,6100,sales & marketing,Marketing,CC400,Smith-Silva,17106.26,DR,SaaS US,Contractor costs
GL0001021,2023-12-18,6300,G&A,Marketing,CC200,Moody Inc,15938.84,DR,saas us,Payroll
GL0001022,2023-12-16,5000,cost of service,Marketing,,Powell-Humphrey,3973.79,DR,saas us,AWS hosting
GL0001023,2023-12-02,6100,sales & marketing,Engineering,CC400,,21157.69,DR,SaaS Canada,Contractor costs
GL0001024,2023-12-11,9999,Misc Expense,Finance,CC300,"Mccoy, Knight and Zimmerman",19528.5,DR,SaaS US,AWS hosting
GL0001025,2023-12-13,6100,sales & marketing,,,"Shaffer, Ramirez and Whitney",14529.12,DR,SaaS HoldCo,Google Ads
GL0001026,2023-12-27,,G&A,,CC200,"Boone, Mendez and Martin",1996.85,DR,saas us,Contractor costs
GL0001027,2023-12-15,6100,sales & marketing,Engineering,CC400,Rodriguez Ltd,23402.6,DR,SaaS Canada,Reclass
GL0001028,2023-12-08,6300,General and Administrative,Sales,,"Sandoval, Ball and Graham",-7070.06,dr,SaaS HoldCo,AWS hosting
GL0001029,2023-12-07,6300,G&A,Marketing,CC200,Flowers-Atkinson,8491.33,DR,SaaS HoldCo,Google Ads
GL0001030,2023-12-07,5000,cost of service,Sales,CC300,Harris Inc,8322.69,DR,SaaS US,Contractor costs
GL0001031,2023-12-04,9999,Misc Expense,,CC300,Jones-Williams,6392.67,DR,saas us,AWS hosting
GL0001032,2023-12-13,1010,Cash,Finance,,Warner Ltd,3216.55,DR,SaaS US,Payroll
GL0001033,2023-12-11,1010,Cash,Finance,,Sims Inc,-16412.47,CR,SaaS Canada,Refund
GL0001034,2023-12-01,6300,General and Administrative,,CC200,,-16210.92,CR,SaaS US,Google Ads
GL0001035,2023-12-19,5000,cost of service,Marketing,CC100,"Willis, May and Dunn",1236.66,DR,saas us,Google Ads
GL0001036,2023-12-09,5000,Cost of Service,Engineering,,Woods-Rodriguez,8492.53,DR,SaaS US,AWS hosting
GL0001037,2023-12-14,6300,General and Administrative,Sales,CC400,Hughes Ltd,11409.48,DR,SaaS HoldCo,Google Ads
GL0001038,2023-12-07,6100,sales & marketing,Marketing,CC200,Williams Ltd,3993.37,,saas us,Payroll
GL0001039,2023-12-04,6300,General and Administrative,,,Hughes-Mills,19402.6,DR,saas us,Software tools
GL0001040,2023-12-07,6200,R&D,,CC400,Stevenson-Mueller,20580.14,DR,SaaS Canada,Contractor costs
GL0001041,2023-12-18,6200,Research and Development,,CC300,"Griffith, Kim and Edwards",-1325.49,CR,SaaS US,Software tools
GL0001042,2023-12-16,6100,S&M,,CC200,Larson Inc,-22655.09,CR,saas us,Refund
GL0001043,2023-12-16,6100,S&M,Marketing,CC200,Sanchez-Chambers,6084.8,DR,SaaS Canada,Google Ads
GL0001044,2023-12-10,6300,General and Administrative,Marketing,,Strong-Conner,8946.26,DR,SaaS Canada,AWS hosting
GL0001045,2023-12-11,1010,Cash,Engineering,CC200,Ortiz Inc,-8066.97,CR,SaaS Canada,AWS hosting
GL0001046,2023-12-07,5000,Cost of Service,,CC400,"Sosa, West and Jenkins",-18885.28,CR,SaaS HoldCo,Contractor costs
GL0001047,2023-12-05,5000,cost of service,Operations,CC100,"Zavala, Khan and Diaz",1313.77,DR,SaaS HoldCo,Contractor costs
GL0001048,2023-12-23,6100,sales & marketing,,,Jones Group,-1536.79,CR,SaaS HoldCo,Google Ads
GL0001049,2023-12-23,6100,sales & marketing,,,Rivera LLC,17529.45,,saas us,AWS hosting
GL0001050,2023-12-09,5000,Cost of Service,Sales,CC100,Rodgers-Jones,20267.19,dr,SaaS HoldCo,Reclass
GL0001051,2023-12-20,5000,Cost of Service,,,Odonnell-Phillips,2730.7,DR,SaaS US,Refund
GL0001052,2023-12-19,6100,sales & marketing,Engineering,CC300,"Campbell, Bowman and Griffith",-22121.5,CR,SaaS Canada,
GL0001053,2023-12-01,1010,Cash,,CC300,"Sanford, Shannon and Conley",12411.61,DR,SaaS HoldCo,Payroll
GL0001054,2023-12-22,6300,G&A,Finance,,Vega and Sons,-10457.09,CR,SaaS US,AWS hosting
GL0001055,2023-12-23,6100,Sales and Marketing,,CC100,Monroe-Gilbert,16902.41,dr,SaaS Canada,Software tools
GL0001056,2023-12-18,6300,G&A,Finance,CC100,"Church, Jackson and French",1437.14,DR,saas us,
GL0001057,2023-12-24,5000,cost of service,Sales,CC100,Turner-Gregory,9820.62,,SaaS Canada,Reclass
GL0001058,2023-12-21,5000,Cost of Service,Engineering,,David LLC,-22470.89,cr,SaaS Canada,Google Ads
GL0001059,2023-12-19,5000,cost of service,Marketing,,"Frank, Bailey and Simmons",23845.21,dr,SaaS HoldCo,Reclass
GL0001060,2023-12-24,6300,General and Administrative,,CC400,Page-Murphy,-4123.93,dr,SaaS US,Google Ads
GL0001061,2023-12-20,6200,Research and Development,Marketing,,King Inc,19286.51,DR,saas us,Google Ads
GL0001062,2023-12-17,6200,R&D,Marketing,CC300,Schwartz Ltd,-3957.91,cr,SaaS US,Payroll
GL0001063,2023-12-05,1010,Cash,Finance,CC200,"Parker, Gross and Parker",21415.04,DR,saas us,Software tools
GL0001064,2023-12-15,6100,S&M,Finance,CC200,Clarke Group,-21802.79,CR,saas us,AWS hosting
GL0001065,2023-12-16,6300,General and Administrative,Marketing,CC100,"Pearson, Cole and Gonzalez",21577.69,dr,SaaS HoldCo,Software tools
GL0001066,2023-12-05,6100,S&M,Engineering,CC400,Hernandez-Harrison,19482.06,,saas us,Payroll
GL0001067,2023-12-22,6100,sales & marketing,,CC100,"Serrano, Pierce and Lyons",23711.71,DR,SaaS US,Refund
GL0001068,2023-12-19,5000,cost of service,Operations,CC400,Meyer PLC,-1461.05,CR,SaaS HoldCo,Software tools
GL0001069,2023-12-25,6300,General and Administrative,Finance,CC300,,-3174.99,cr,saas us,Payroll
GL0001070,2023-12-12,6100,S&M,Marketing,,Mitchell LLC,19999.74,DR,saas us,Software tools
GL0001071,2023-12-06,5000,cost of service,Marketing,CC200,Burton-Reid,-7804.24,cr,SaaS Canada,AWS hosting
GL0001072,2023-12-02,6100,S&M,Sales,,Moore and Sons,2177.2,dr,SaaS HoldCo,Payroll
GL0001073,2023-12-23,6100,S&M,Marketing,CC400,Mills-Myers,21675.48,dr,SaaS US,
GL0001074,2023-12-05,9999,Misc Expense,Sales,CC100,"Nichols, Brown and Snyder",-5656.04,cr,SaaS HoldCo,Reclass
GL0001075,2023-12-06,1010,Cash,Engineering,,Vargas Group,-22901.39,cr,SaaS HoldCo,Payroll
GL0001076,2023-12-06,6300,G&A,,CC100,Moore PLC,-4799.43,cr,SaaS HoldCo,Contractor costs
GL0001077,2023-12-05,6200,Research and Development,Marketing,,Casey-Waller,10391.54,DR,saas us,
GL0001078,2023-12-08,,Cost of Service,Sales,CC400,"Irwin, Hamilton and Wagner",-9982.32,cr,saas us,Contractor costs
GL0001079,2023-12-16,6300,G&A,,,Bradshaw Ltd,19398.82,DR,SaaS HoldCo,Google Ads
GL0001080,2023-12-01,5000,cost of service,Finance,,"Lewis, Hall and Knox",-6220.1,CR,saas us,Reclass
GL0001081,2024-01-25,6300,General and Administrative,Marketing,CC100,"Wright, Miller and Romero",20985.19,DR,saas us,Contractor costs
GL0001082,2024-01-21,6300,G&A,Marketing,,Park LLC,5265.1,,SaaS US,Payroll
GL0001083,2024-01-11,5000,Cost of Service,Finance,CC100,Clark Ltd,1441.64,DR,saas us,Contractor costs
GL0001084,2024-01-18,6300,General and Administrative,,CC100,Vasquez-Scott,12611.01,DR,SaaS Canada,Contractor costs
GL0001085,2024-01-09,,General and Administrative,,,Garrison Inc,-7866.9,CR,SaaS HoldCo,AWS hosting
GL0001086,2024-01-04,6200,R&D,,,Nichols-Rose,24631.97,DR,SaaS HoldCo,Google Ads
GL0001087,2024-01-07,6100,sales & marketing,Finance,CC100,Soto-Fleming,15864.86,DR,SaaS Canada,Reclass
GL0001088,2024-01-20,,S&M,Marketing,,Moon LLC,-10498.5,CR,SaaS US,Software tools
GL0001089,2024-01-25,5000,Cost of Service,,CC100,"Jenkins, Mitchell and Smith",-2159.97,CR,SaaS Canada,Reclass
GL0001090,2024-01-10,6100,S&M,Sales,,King and Sons,2518.1,DR,saas us,
GL0001091,2024-01-26,5000,cost of service,Sales,,Singh-Martinez,24940.06,dr,SaaS HoldCo,Software tools
GL0001092,2024-01-18,6200,Research and Development,Sales,,Robertson-Hartman,-1290.77,CR,saas us,Contractor costs
GL0001093,2024-01-01,1010,Cash,,CC300,Perez Group,24917.3,,SaaS US,Refund
GL0001094,2024-01-19,5000,Cost of Service,Operations,,Preston-Martin,3918.69,DR,SaaS Canada,
GL0001095,2024-01-02,6100,S&M,Sales,,,-10936.67,CR,saas us,Google Ads
GL0001096,2024-01-07,6200,R&D,Operations,,Johnson-Wallace,20523.1,DR,SaaS US,Software tools
GL0001097,2024-01-10,5000,cost of service,,CC300,Wade-Fisher,-15280.23,,SaaS HoldCo,Software tools
GL0001098,2024-01-22,5000,Cost of Service,,,Thomas-Howell,-10990.28,CR,SaaS US,Software tools
GL0001099,2024-01-06,5000,cost of service,Finance,CC400,Peters Ltd,10750.5,DR,SaaS US,
GL0001100,2024-01-21,6100,S&M,,,Sharp PLC,21506.09,DR,saas us,
GL0001101,2024-01-20,6300,General and Administrative,,,"Martin, Pierce and Pineda",-18820.89,cr,saas us,Software tools
GL0001102,2024-01-14,5000,cost of service,Operations,CC400,"Zamora, Maynard and West",-13375.4,cr,SaaS HoldCo,Software tools
GL0001103,2024-01-21,6100,Sales and Marketing,Engineering,,Phillips Ltd,-15331.2,CR,SaaS HoldCo,AWS hosting
GL0001104,2024-01-27,6200,R&D,Engineering,CC100,Banks Inc,-4571.25,CR,SaaS HoldCo,AWS hosting
GL0001105,2024-01-21,9999,Misc Expense,,CC100,White-Melton,11226.67,DR,SaaS US,Contractor costs
GL0001106,2024-01-09,6100,S&M,Finance,,Sampson Group,2744.61,DR,SaaS US,Reclass
GL0001107,2024-01-25,9999,Misc Expense,Finance,CC100,French Group,-17692.25,CR,SaaS US,Contractor costs
GL0001108,2024-01-18,6100,Sales and Marketing,Finance,,"Anderson, Clark and Johnson",-2314.23,CR,SaaS US,Contractor costs
GL0001109,2024-01-02,6200,R&D,Engineering,CC100,Salinas-Owens,23675.61,dr,SaaS HoldCo,Reclass
GL0001110,2024-01-09,6100,Sales and Marketing,Operations,,Franklin Group,22920.55,DR,SaaS US,Refund
GL0001111,2024-01-04,5000,cost of service,,CC200,Carpenter-Watson,19517.68,DR,saas us,AWS hosting
GL0001112,2024-01-06,6300,General and Administrative,Marketing,CC200,Randall Inc,2455.41,DR,SaaS Canada,
GL0001113,2024-01-23,6100,S&M,,,"Lee, Davis and Torres",24651.56,DR,saas us,Refund
GL0001114,2024-01-27,6100,sales & marketing,Marketing,CC300,Smith-Reed,16096.73,DR,SaaS HoldCo,Payroll
GL0001115,2024-01-07,6300,G&A,,CC400,Johnson-Miller,-6905.89,,SaaS HoldCo,Software tools
GL0001116,2024-01-17,9999,Misc Expense,Marketing,CC300,Gomez-Anderson,22962.4,DR,saas us,Software tools
GL0001117,2024-01-21,6100,Sales and Marketing,,CC300,Kelley-Russo,21124.89,DR,SaaS HoldCo,Payroll
GL0001118,2024-01-19,6100,S&M,Finance,,Martinez-Carter,19789.63,dr,SaaS US,Reclass
GL0001119,2024-01-21,6300,G&A,Marketing,CC100,"Reed, Chavez and Velasquez",1759.06,DR,SaaS HoldCo,
GL0001120,2024-01-07,6300,G&A,,CC100,Alvarado-Haynes,-11056.75,CR,saas us,AWS hosting
GL0001121,2024-01-05,5000,Cost of Service,Sales,,Walker-Morgan,24239.66,DR,SaaS Canada,Reclass
GL0001122,2024-01-19,5000,Cost of Service,Marketing,,"Mcintosh, Cain and Green",10369.68,DR,saas us,Payroll
GL0001123,2024-01-26,6300,General and Administrative,Sales,CC300,Schmidt LLC,-9849.87,CR,SaaS US,Reclass
GL0001124,2024-01-01,6200,Research and Development,,,Richardson-Benjamin,6042.82,DR,SaaS US,Reclass
GL0001125,2024-01-23,6300,General and Administrative,Finance,CC300,"Hendricks, Bell and Huang",-17468.6,CR,SaaS US,AWS hosting
GL0001126,2024-01-03,6200,R&D,,CC300,"Young, Williams and Rivers",-23565.26,CR,SaaS Canada,Software tools
GL0001127,2024-01-25,6200,R&D,Sales,CC300,Walker Ltd,-15806.54,CR,SaaS US,AWS hosting
GL0001128,2024-01-06,6100,S&M,,CC200,"Zhang, Flores and Ryan",-23118.0,,SaaS HoldCo,Google Ads
GL0001129,2024-01-11,1010,Cash,Engineering,,Gibson-Scott,8513.63,DR,SaaS US,Google Ads
GL0001130,2024-01-05,6300,General and Administrative,Finance,CC200,"Gardner, Ryan and Trujillo",-15643.67,CR,SaaS Canada,AWS hosting
GL0001131,2024-01-14,5000,cost of service,Sales,,Turner Inc,8617.73,,SaaS Canada,Google Ads
GL0001132,2024-01-23,6300,G&A,,CC100,Morales Inc,6581.64,,SaaS Canada,Google Ads
GL0001133,2024-01-23,,cost of service,,CC300,"Davies, Thompson and Holmes",8384.61,DR,saas us,Payroll
GL0001134,2024-01-06,9999,Misc Expense,Marketing,CC400,Arnold Inc,-20923.44,,SaaS HoldCo,Reclass
GL0001135,2024-01-21,6100,S&M,,CC200,Spence LLC,-10849.08,CR,SaaS Canada,Payroll
GL0001136,2024-01-10,6200,R&D,Operations,CC200,"Harmon, Crawford and Leonard",5155.57,DR,saas us,Reclass
GL0001137,2024-01-10,6100,S&M,Engineering,CC200,Smith LLC,-13509.56,dr,SaaS Canada,
GL0001138,2024-01-26,6100,S&M,Sales,CC100,Mcdonald-Church,23319.59,DR,SaaS HoldCo,AWS hosting
GL0001139,2024-01-18,6300,General and Administrative,Operations,,Allen-Petersen,-7031.46,cr,SaaS Canada,Payroll
GL0001140,2024-01-17,6300,G&A,,CC100,Jones Group,16804.15,DR,saas us,Contractor costs
GL0001141,2024-01-19,6300,General and Administrative,Operations,,Price Group,-21060.23,CR,SaaS US,Contractor costs
GL0001142,2024-01-04,6100,sales & marketing,Sales,CC100,Smith-Young,19703.36,DR,SaaS Canada,Google Ads
GL0001143,2024-01-25,1010,Cash,Engineering,,Miller Inc,14861.86,DR,SaaS Canada,Software tools
GL0001144,2024-01-14,5000,cost of service,Operations,,Quinn LLC,3817.7,DR,saas us,AWS hosting
GL0001145,2024-01-10,5000,Cost of Service,Sales,CC200,"Faulkner, Rich and Bishop",20119.09,DR,SaaS Canada,Contractor costs
GL0001146,2024-01-17,6100,sales & marketing,Sales,,Irwin-Ray,-12617.32,CR,SaaS HoldCo,Contractor costs
GL0001147,2024-01-23,6300,General and Administrative,,,"Hicks, Coleman and Salas",-3209.33,CR,SaaS US,Software tools
GL0001148,2024-01-09,6200,Research and Development,Sales,CC400,Gonzalez Ltd,-3353.66,CR,SaaS Canada,Contractor costs
GL0001149,2024-01-13,9999,Misc Expense,,CC100,"Howard, Nguyen and King",-22204.48,CR,saas us,Software tools
GL0001150,2024-01-01,6300,General and Administrative,Operations,CC300,"Lopez, Clay and Villarreal",20303.73,dr,saas us,Payroll
GL0001151,2024-01-19,1010,Cash,Sales,CC300,"Guzman, Scott and Caldwell",-21825.79,DR,SaaS US,Google Ads
GL0001152,2024-01-24,6100,Sales and Marketing,,CC300,Allen-Smith,18060.56,DR,saas us,Software tools
GL0001153,2024-01-16,9999,Misc Expense,Operations,CC100,Barker Inc,6726.98,dr,saas us,Contractor costs
GL0001154,2024-01-21,6100,S&M,Operations,CC300,King LLC,15935.72,DR,SaaS Canada,Reclass
GL0001155,2024-01-06,5000,Cost of Service,Engineering,CC400,"Snow, Ross and Bates",-5686.89,CR,SaaS US,Google Ads
GL0001156,2024-01-01,6200,Research and Development,Operations,CC200,"Everett, Williams and Hill",20847.49,DR,saas us,AWS hosting
GL0001157,2024-01-14,9999,Misc Expense,Marketing,CC300,Williams and Sons,-22947.4,cr,SaaS US,Refund
GL0001158,2024-01-21,6300,G&A,Operations,CC200,"Scott, Barnes and Romero",23031.09,DR,SaaS HoldCo,Contractor costs
GL0001159,2024-01-21,5000,Cost of Service,,CC200,Meyers LLC,15846.92,DR,SaaS Canada,Contractor costs
GL0001160,2024-01-24,9999,Misc Expense,,CC100,Torres Ltd,5440.55,DR,SaaS Canada,AWS hosting
GL0001161,2024-01-14,6300,G&A,Operations,CC400,Nelson and Sons,7781.04,DR,SaaS HoldCo,AWS hosting
GL0001162,2024-01-23,6100,S&M,,CC200,Henderson Ltd,-1855.18,,SaaS HoldCo,Google Ads
GL0001163,2024-01-16,5000,Cost of Service,,CC300,Adams Ltd,4140.67,dr,SaaS HoldCo,AWS hosting
GL0001164,2024-01-03,1010,Cash,Engineering,CC300,Jordan Group,4518.74,DR,SaaS US,Refund
GL0001165,2024-01-25,,S&M,Sales,,Fleming-Olson,-16604.14,CR,SaaS Canada,Reclass
GL0001166,2024-01-04,5000,cost of service,Engineering,CC300,Cohen-Gutierrez,-11720.03,CR,SaaS HoldCo,
GL0001167,2024-01-06,6100,S&M,,CC300,"Fernandez, Bell and Lucas",-14778.93,CR,SaaS Canada,
GL0001168,2024-01-08,1010,Cash,Sales,CC200,"Schroeder, Cunningham and Ross",1465.97,DR,saas us,Refund
GL0001169,2024-01-09,1010,Cash,,CC100,"Smith, Wagner and Woods",-17862.42,CR,saas us,Payroll
GL0001170,2024-01-22,6100,Sales and Marketing,,CC400,Martin-Nelson,19532.79,DR,SaaS US,
GL0001171,2024-02-23,6200,R&D,Finance,CC400,Christensen-Johnson,-4271.78,CR,saas us,Payroll
GL0001172,2024-02-13,6100,S&M,Engineering,,Morales-Rodriguez,16925.86,DR,SaaS US,AWS hosting
GL0001173,2024-02-19,6100,Sales and Marketing,Operations,,"Barnes, Stewart and May",8494.85,DR,SaaS HoldCo,Refund
GL0001174,2024-02-14,6300,General and Administrative,Engineering,CC400,Peterson-Garrison,-1884.06,CR,SaaS Canada,Contractor costs
GL0001175,2024-02-09,5000,cost of service,Finance,,"Johnson, Cain and Fox",-17765.87,cr,SaaS Canada,Reclass
GL0001176,2024-02-05,6200,R&D,Sales,CC400,Taylor LLC,7069.51,dr,SaaS Canada,Google Ads
GL0001177,2024-02-19,1010,Cash,Engineering,,Petersen Inc,11760.07,DR,SaaS US,Reclass
GL0001178,2024-02-23,9999,Misc Expense,Operations,,Little and Sons,-5670.31,CR,SaaS Canada,Software tools
GL0001179,2024-02-26,5000,Cost of Service,Engineering,CC200,"Ramirez, Gonzales and Brown",16694.11,dr,SaaS US,Software tools
GL0001180,2024-02-16,6300,General and Administrative,,,Johnson Ltd,-24902.02,,SaaS HoldCo,Contractor costs
GL0001181,2024-02-12,6300,G&A,Engineering,CC200,"Harvey, Morris and Thompson",16716.37,DR,SaaS Canada,AWS hosting
GL0001182,2024-02-20,6200,Research and Development,Operations,,Sawyer LLC,-24061.03,cr,SaaS HoldCo,Google Ads
GL0001183,2024-02-20,5000,Cost of Service,Finance,CC300,"Alexander, Bauer and Zamora",14268.16,dr,SaaS US,
GL0001184,2024-02-03,6100,Sales and Marketing,Engineering,CC300,Holt-Burgess,9997.84,DR,SaaS US,
GL0001185,2024-02-14,5000,cost of service,Engineering,,Mcguire LLC,3168.87,dr,saas us,Refund
GL0001186,2024-02-15,6100,S&M,Sales,CC200,"Jones, Parker and Mccarthy",-12928.07,,SaaS Canada,Payroll
GL0001187,2024-02-08,1010,Cash,,CC100,"Small, Perkins and Mcneil",-15635.84,CR,SaaS HoldCo,AWS hosting
GL0001188,2024-02-12,6300,G&A,Marketing,,,1393.75,DR,SaaS HoldCo,Software tools
GL0001189,2024-02-16,6100,Sales and Marketing,Engineering,,Roman Ltd,21896.67,DR,SaaS Canada,
GL0001190,2024-02-01,6100,Sales and Marketing,Engineering,CC200,Shaw-Kennedy,15208.47,DR,SaaS HoldCo,
GL0001191,2024-02-27,6200,R&D,Operations,CC200,Singh Ltd,20135.9,DR,SaaS HoldCo,Google Ads
GL0001192,2024-02-15,,R&D,,,"Kennedy, Martinez and Johnson",-8019.6,CR,SaaS HoldCo,Reclass
GL0001193,2024-02-03,5000,Cost of Service,Engineering,CC200,Simmons-Downs,-12332.41,CR,saas us,Contractor costs
GL0001194,2024-02-02,1010,Cash,,CC200,"Holder, Lara and Miller",11965.58,,SaaS Canada,Google Ads
GL0001195,2024-02-22,6100,S&M,Engineering,CC300,Moon-Barrera,9323.25,,SaaS HoldCo,Refund
GL0001196,2024-02-03,9999,Misc Expense,,CC100,"Gonzalez, Harmon and King",-9494.23,CR,SaaS Canada,
GL0001197,2024-02-13,6300,General and Administrative,Engineering,CC200,Williams-Bell,5729.52,DR,saas us,Contractor costs
GL0001198,2024-02-01,6200,R&D,Engineering,,Green-Hall,2071.91,DR,saas us,Reclass
GL0001199,2024-02-04,9999,Misc Expense,,CC300,Thomas-White,-15090.67,CR,saas us,Refund
GL0001200,2024-02-04,6200,R&D,Finance,,"Nelson, Pearson and Patton",20109.13,DR,SaaS Canada,Google Ads
GL0001201,2024-02-18,6100,sales & marketing,Marketing,CC100,Rodriguez-Ramirez,-4511.02,DR,saas us,Refund
GL0001202,2024-02-04,6100,Sales and Marketing,Marketing,,Murphy and Sons,13705.7,dr,SaaS US,Contractor costs
GL0001203,2024-02-02,6200,R&D,Marketing,,"Horne, Sanchez and Nelson",-21860.8,CR,SaaS HoldCo,AWS hosting
GL0001204,2024-02-23,6300,G&A,Operations,CC400,Johnson LLC,-7104.03,cr,SaaS US,Payroll
GL0001205,2024-02-11,6300,General and Administrative,Marketing,CC100,"Baker, Davis and Rasmussen",-12099.2,,SaaS Canada,Contractor costs
GL0001206,2024-02-20,9999,Misc Expense,,,Gray-Reese,13166.52,DR,saas us,Refund
GL0001207,2024-02-27,1010,Cash,Operations,CC200,Miller Ltd,-22668.76,CR,SaaS Canada,Refund
GL0001208,2024-02-16,6100,sales & marketing,Operations,CC100,Harris and Sons,9480.68,DR,SaaS Canada,AWS hosting
GL0001209,2024-02-08,5000,Cost of Service,Operations,CC400,Barber Ltd,10937.49,DR,saas us,Google Ads
GL0001210,2024-02-19,6100,sales & marketing,Sales,,"Simmons, Atkins and Thomas",-20319.73,CR,saas us,Software tools
GL0001211,2024-02-05,6100,S&M,Operations,,Carter LLC,4554.36,DR,SaaS HoldCo,AWS hosting
GL0001212,2024-02-24,9999,Misc Expense,Sales,CC100,"Horton, Ortiz and Pena",22762.95,DR,SaaS HoldCo,AWS hosting
GL0001213,2024-02-04,6300,G&A,,,"Weiss, Mitchell and May",21329.71,DR,SaaS HoldCo,AWS hosting
GL0001214,2024-02-09,6200,R&D,Sales,CC200,"Green, Wilson and Lopez",12206.26,DR,SaaS US,Refund
GL0001215,2024-02-22,9999,Misc Expense,Finance,CC200,Wallace-Wong,21385.88,DR,saas us,Payroll
GL0001216,2024-02-23,6100,S&M,,CC300,"Adams, Huff and Williams",5170.14,DR,SaaS Canada,Contractor costs
GL0001217,2024-02-23,9999,Misc Expense,,,Cannon-Stevens,8575.32,DR,SaaS HoldCo,AWS hosting
GL0001218,2024-02-10,6300,General and Administrative,Sales,,Wells-Horton,-17224.04,CR,SaaS Canada,
GL0001219,2024-02-13,6300,G&A,,,"Johnson, Roberts and Carter",23429.65,DR,SaaS US,Contractor costs
GL0001220,2024-02-13,5000,cost of service,,,Hebert Inc,-3626.64,cr,saas us,Google Ads
GL0001221,2024-02-19,6100,Sales and Marketing,Marketing,CC100,Hanson-Little,8079.83,DR,SaaS US,Software tools
GL0001222,2024-02-13,5000,Cost of Service,Operations,CC200,"Brown, Harris and Gutierrez",20422.08,DR,saas us,Software tools
GL0001223,2024-02-20,1010,Cash,Operations,,Campbell PLC,-10846.86,CR,SaaS Canada,Software tools
GL0001224,2024-02-15,6200,R&D,,,"Rodriguez, Franco and Martinez",15758.66,DR,SaaS Canada,Contractor costs
GL0001225,2024-02-21,1010,Cash,Marketing,CC300,Hall-Hamilton,-9655.87,CR,SaaS US,Payroll
GL0001226,2024-02-08,6300,General and Administrative,Sales,CC200,Hinton and Sons,10792.25,DR,SaaS US,Payroll
GL0001227,2024-02-15,5000,Cost of Service,Sales,CC100,Houston-Spencer,8410.07,DR,saas us,Google Ads
GL0001228,2024-02-19,6300,General and Administrative,Engineering,CC200,Camacho-King,6157.14,DR,SaaS US,Contractor costs
GL0001229,2024-02-12,6300,General and Administrative,Finance,CC100,Bell-Sullivan,3556.88,dr,SaaS Canada,Reclass
GL0001230,2024-02-10,6200,Research and Development,,CC400,"Brown, Cabrera and Caldwell",7954.02,DR,SaaS US,Refund
GL0001231,2024-02-10,6100,Sales and Marketing,Operations,CC100,Craig Inc,-10194.09,,SaaS HoldCo,Google Ads
GL0001232,2024-02-21,6100,S&M,Operations,CC200,Wolfe PLC,-19041.81,cr,SaaS HoldCo,
GL0001233,2024-02-03,6100,Sales and Marketing,Finance,,Wright and Sons,15912.52,DR,saas us,Payroll
GL0001234,2024-02-01,6100,Sales and Marketing,Marketing,CC300,Ross Inc,-24793.61,CR,SaaS HoldCo,
GL0001235,2024-02-05,9999,Misc Expense,Finance,CC200,Spencer Inc,16627.02,dr,SaaS HoldCo,AWS hosting
GL0001236,2024-02-20,5000,Cost of Service,Operations,CC300,"Sullivan, Anderson and Ramirez",16900.57,DR,SaaS HoldCo,AWS hosting
GL0001237,2024-02-23,6100,S&M,Operations,CC100,Foster-Perez,-19905.3,CR,SaaS HoldCo,Reclass
GL0001238,2024-02-19,6200,R&D,,,Perry-Oconnor,2708.76,dr,saas us,Payroll
GL0001239,2024-02-11,6300,General and Administrative,Finance,,"Myers, Lee and Santana",-4269.53,CR,SaaS US,AWS hosting
GL0001240,2024-02-15,6300,General and Administrative,Engineering,CC300,"Moore, White and Sutton",21908.38,DR,saas us,Refund
GL0001241,2024-02-22,6200,Research and Development,,,"Flowers, Reed and Carter",10594.91,dr,SaaS US,Reclass
GL0001242,2024-02-03,6100,S&M,Sales,,"Morris, Wolf and Simpson",8311.23,DR,SaaS Canada,Payroll
GL0001243,2024-02-25,6200,Research and Development,Finance,CC400,Lewis-Rodgers,1118.57,dr,SaaS HoldCo,
GL0001244,2024-02-27,5000,cost of service,,CC300,Collins-Zamora,12957.37,DR,SaaS US,
GL0001245,2024-02-17,6100,Sales and Marketing,Operations,,Gay-Morrow,3305.27,DR,SaaS US,Reclass
GL0001246,2024-02-13,6100,S&M,Operations,CC400,Jacobs and Sons,-2823.73,CR,SaaS HoldCo,Refund
GL0001247,2024-02-20,6300,G&A,,,Lewis-Moore,-10518.65,CR,saas us,Google Ads
GL0001248,2024-02-07,6300,G&A,Finance,,Smith-Brown,4218.0,DR,SaaS HoldCo,Google Ads
GL0001249,2024-02-20,5000,cost of service,Marketing,,"Thompson, Davis and Lamb",7256.25,DR,SaaS HoldCo,Reclass
GL0001250,2024-02-21,6300,General and Administrative,Operations,CC100,Schultz Inc,-24415.19,CR,SaaS HoldCo,Software tools
GL0001251,2024-02-06,9999,Misc Expense,,CC400,"Kemp, Flores and Todd",12540.82,DR,SaaS Canada,Contractor costs
GL0001252,2024-02-14,6200,Research and Development,Sales,CC200,Cowan Ltd,-23482.44,CR,SaaS HoldCo,Contractor costs
GL0001253,2024-02-07,9999,Misc Expense,Marketing,CC400,"Vaughn, Adams and Hernandez",20948.51,DR,saas us,Contractor costs
GL0001254,2024-02-17,,Misc Expense,Sales,CC300,Phelps-Neal,-11255.47,,SaaS HoldCo,AWS hosting
GL0001255,2024-02-17,6200,R&D,Marketing,CC100,"James, Meza and Yu",-19275.26,cr,saas us,Payroll
GL0001256,2024-02-26,6100,Sales and Marketing,Engineering,CC100,Fleming Ltd,16305.9,DR,SaaS Canada,
GL0001257,2024-02-16,6100,Sales and Marketing,,CC200,Lara-Smith,-2940.94,dr,SaaS Canada,Software tools
GL0001258,2024-02-18,5000,Cost of Service,Engineering,,Taylor-Schmitt,16592.34,DR,SaaS HoldCo,
GL0001259,2024-02-18,1010,Cash,Engineering,CC100,Vargas-Allen,4331.6,DR,saas us,Contractor costs
GL0001260,2024-02-08,6100,sales & marketing,Marketing,CC100,"Thompson, Patterson and Harris",11998.37,dr,SaaS HoldCo,Software tools
GL0001261,2024-03-24,6100,sales & marketing,Operations,CC100,Foster PLC,22120.87,DR,SaaS HoldCo,AWS hosting
GL0001262,2024-03-05,6200,R&D,,,"Osborne, Nielsen and Smith",-15530.0,CR,saas us,Payroll
GL0001263,2024-03-11,6300,G&A,Engineering,,Harris-Hobbs,3675.09,DR,SaaS HoldCo,Reclass
GL0001264,2024-03-10,6100,Sales and Marketing,Sales,CC400,Zimmerman and Sons,13266.16,DR,SaaS HoldCo,Reclass
GL0001265,2024-03-15,6300,G&A,,,"Beck, Weber and Conner",15680.13,DR,saas us,Google Ads
GL0001266,2024-03-26,5000,cost of service,,CC400,Cline LLC,-15082.65,CR,saas us,Google Ads
GL0001267,2024-03-16,,Cash,,CC400,"Nicholson, Webb and Chambers",-19471.8,CR,saas us,Google Ads
GL0001268,2024-03-12,6100,Sales and Marketing,,CC300,Sullivan LLC,20065.62,DR,SaaS HoldCo,Google Ads
GL0001269,2024-03-13,6100,sales & marketing,Engineering,CC100,Rojas-Lester,18052.26,DR,SaaS Canada,
GL0001270,2024-03-10,6100,sales & marketing,Operations,CC400,Combs Ltd,-22351.06,CR,SaaS US,Google Ads
GL0001271,2024-03-02,6200,R&D,Operations,CC200,Whitaker-Gray,16143.79,DR,SaaS US,Google Ads
GL0001272,2024-03-27,6300,General and Administrative,,CC400,Wilson PLC,-20694.93,CR,SaaS US,Google Ads
GL0001273,2024-03-06,6200,R&D,,CC200,"Adams, Austin and Curry",5774.57,DR,SaaS Canada,Contractor costs
GL0001274,2024-03-13,,G&A,,CC100,"Clay, Stewart and Watkins",2549.77,DR,SaaS HoldCo,Reclass
GL0001275,2024-03-05,9999,Misc Expense,Sales,,,21223.37,DR,SaaS US,Payroll
GL0001276,2024-03-24,6200,Research and Development,Sales,CC200,"Brooks, Owens and Coffey",-2980.12,cr,SaaS HoldCo,Payroll
GL0001277,2024-03-24,9999,Misc Expense,Finance,,Nguyen LLC,1486.51,DR,SaaS Canada,Google Ads
GL0001278,2024-03-12,1010,Cash,,CC200,Williamson-Wagner,21230.37,,SaaS Canada,Reclass
GL0001279,2024-03-08,6100,sales & marketing,,CC100,Knapp-Reynolds,10638.85,DR,SaaS HoldCo,AWS hosting
GL0001280,2024-03-11,5000,cost of service,Marketing,CC200,Jones Inc,-6538.81,CR,SaaS Canada,
GL0001281,2024-03-04,6300,General and Administrative,Sales,CC300,Lopez-Allen,-22871.4,CR,SaaS US,Payroll
GL0001282,2024-03-07,5000,Cost of Service,Sales,CC300,Bennett Ltd,2170.07,DR,SaaS HoldCo,Contractor costs
GL0001283,2024-03-11,6300,General and Administrative,Operations,CC100,Cook LLC,16783.16,,SaaS HoldCo,Google Ads
GL0001284,2024-03-03,6300,G&A,Marketing,,"Coleman, Wood and Rios",23220.16,dr,SaaS HoldCo,Payroll
GL0001285,2024-03-03,6300,General and Administrative,Marketing,CC100,Garcia-Smith,5369.62,DR,SaaS Canada,Refund
GL0001286,2024-03-15,6300,General and Administrative,Engineering,CC100,Owens-Hernandez,-10240.74,CR,SaaS HoldCo,
GL0001287,2024-03-14,6300,General and Administrative,Finance,CC300,Harris-Lynch,17311.42,DR,SaaS US,Contractor costs
GL0001288,2024-03-19,5000,Cost of Service,,CC200,Mccormick-Miller,-22528.57,,SaaS Canada,Google Ads
GL0001289,2024-03-04,5000,Cost of Service,Sales,CC400,Walker LLC,7875.16,DR,SaaS HoldCo,Software tools
GL0001290,2024-03-17,5000,Cost of Service,Operations,CC400,Franklin-Porter,-11342.48,,SaaS US,Reclass
GL0001291,2024-03-06,6100,sales & marketing,Operations,,"Baker, Russell and Hawkins",18575.06,dr,SaaS HoldCo,Refund
GL0001292,2024-03-08,9999,Misc Expense,Operations,,Byrd-Howard,-22364.36,cr,SaaS Canada,Reclass
GL0001293,2024-03-19,5000,cost of service,Sales,,Owen-Knight,18103.05,DR,SaaS Canada,AWS hosting
GL0001294,2024-03-18,6100,sales & marketing,Sales,,Jones PLC,-24838.36,CR,SaaS HoldCo,Software tools
GL0001295,2024-03-22,6100,sales & marketing,,,Howard Inc,-16358.68,CR,saas us,Software tools
GL0001296,2024-03-02,6100,Sales and Marketing,Sales,,"Anderson, Nielsen and Andrews",15442.88,DR,saas us,Payroll
GL0001297,2024-03-25,6300,General and Administrative,Sales,,"Ingram, Mills and Holland",16831.12,dr,SaaS Canada,Software tools
GL0001298,2024-03-15,9999,Misc Expense,,,Caldwell-Williams,20374.42,dr,saas us,Contractor costs
GL0001299,2024-03-27,6300,General and Administrative,,,Lopez-Andersen,7827.92,DR,SaaS HoldCo,AWS hosting
GL0001300,2024-03-18,6300,General and Administrative,,,"Ferguson, Olson and Beck",3303.0,,SaaS HoldCo,Reclass
GL0001301,2024-03-22,6200,Research and Development,Finance,,Rios PLC,-13752.83,CR,SaaS HoldCo,Contractor costs
GL0001302,2024-03-08,6300,General and Administrative,,CC400,Price Inc,5974.98,DR,SaaS HoldCo,Software tools
GL0001303,2024-03-23,9999,Misc Expense,,CC300,Craig-Gibbs,-23867.79,CR,SaaS Canada,Reclass
GL0001304,2024-03-17,6300,General and Administrative,Marketing,,Moon Ltd,22967.89,DR,SaaS Canada,Reclass
GL0001305,2024-03-14,9999,Misc Expense,Finance,CC400,Smith PLC,-5264.39,CR,SaaS US,
GL0001306,2024-03-10,5000,Cost of Service,,,Thompson-Rosales,23981.41,CR,SaaS HoldCo,Software tools
GL0001307,2024-03-23,5000,Cost of Service,,CC400,Campbell LLC,21731.59,dr,SaaS US,Payroll
GL0001308,2024-03-08,6200,R&D,Engineering,CC300,"Scott, Robinson and King",-7869.35,cr,SaaS HoldCo,Contractor costs
GL0001309,2024-03-04,6300,G&A,,CC400,Owen-Rodriguez,10057.39,dr,saas us,
GL0001310,2024-03-11,9999,Misc Expense,Engineering,CC200,Hughes-Mills,-13405.02,DR,SaaS US,Payroll
GL0001311,2024-03-08,6100,sales & marketing,,CC400,"Reed, Carr and Wagner",11252.19,DR,SaaS HoldCo,Contractor costs
GL0001312,2024-03-11,6100,S&M,Operations,CC200,Pham-Clark,8957.06,DR,SaaS US,Software tools
GL0001313,2024-03-10,6100,sales & marketing,Marketing,CC100,Harvey LLC,14076.49,,saas us,Payroll
GL0001314,2024-03-05,6100,Sales and Marketing,Sales,CC100,"Gregory, Reed and Burton",12315.21,DR,SaaS US,Google Ads
GL0001315,2024-03-14,6200,R&D,Finance,,Lee-Ward,-18594.92,CR,SaaS US,Software tools
GL0001316,2024-03-13,1010,Cash,Engineering,,Johnson LLC,5700.42,DR,SaaS HoldCo,Reclass
GL0001317,2024-03-15,6100,sales & marketing,,CC400,Walters-Chavez,3787.65,DR,SaaS Canada,AWS hosting
GL0001318,2024-03-21,1010,Cash,Sales,,"Coleman, Schwartz and Bennett",10026.62,DR,SaaS Canada,Contractor costs
GL0001319,2024-03-12,6200,R&D,,CC100,Ryan-Ingram,16767.18,dr,saas us,Payroll
GL0001320,2024-03-08,9999,Misc Expense,,,Miller-Ramirez,8789.44,DR,saas us,Google Ads
GL0001321,2024-03-06,5000,cost of service,,,Collins PLC,14710.57,cr,SaaS Canada,Refund
GL0001322,2024-03-26,5000,cost of service,Operations,,Ward-White,3149.31,DR,saas us,Refund
GL0001323,2024-03-27,9999,Misc Expense,Finance,CC100,Baker and Sons,14808.84,dr,SaaS US,Google Ads
GL0001324,2024-03-13,6100,sales & marketing,Operations,CC300,"Thompson, Knight and Malone",-20702.3,CR,SaaS US,Google Ads
GL0001325,2024-03-05,6300,G&A,,CC300,Wood and Sons,18278.55,DR,saas us,AWS hosting
GL0001326,2024-03-09,6300,General and Administrative,Operations,,Martinez LLC,-8338.88,CR,SaaS Canada,Reclass
GL0001327,2024-03-12,6200,Research and Development,Engineering,CC400,Smith-Wilson,-10367.52,CR,SaaS HoldCo,AWS hosting
GL0001328,2024-03-08,5000,cost of service,Operations,CC300,King PLC,1902.87,dr,SaaS Canada,Payroll
GL0001329,2024-03-12,9999,Misc Expense,,CC200,Prince-Francis,17062.97,dr,SaaS HoldCo,Software tools
GL0001330,2024-03-03,6200,Research and Development,Engineering,CC300,Owen-Ward,15085.12,DR,saas us,Reclass
GL0001331,2024-03-03,6100,Sales and Marketing,Finance,,Brown-White,20885.76,DR,SaaS Canada,Payroll
GL0001332,2024-03-18,6300,G&A,Operations,CC200,"Newton, Edwards and Walker",10580.81,DR,SaaS HoldCo,Google Ads
GL0001333,2024-03-18,6200,R&D,,CC100,Smith-Howell,20445.18,dr,SaaS HoldCo,
GL0001334,2024-03-21,9999,Misc Expense,Engineering,CC400,Sherman-Cox,-11929.79,CR,saas us,Reclass
GL0001335,2024-03-07,6200,R&D,Engineering,,"Martinez, Holt and Maldonado",-17403.98,CR,SaaS HoldCo,Reclass
GL0001336,2024-03-03,6100,S&M,,CC100,Brown-Jackson,9214.76,DR,SaaS HoldCo,Payroll
GL0001337,2024-03-26,9999,Misc Expense,,,Baker Group,6026.86,DR,SaaS US,Google Ads
GL0001338,2024-03-14,6300,G&A,,,Dyer Inc,12390.68,DR,saas us,Refund
GL0001339,2024-03-22,9999,Misc Expense,Finance,,"Clay, Ramos and Schwartz",-4869.17,,SaaS US,Refund
GL0001340,2024-03-18,6200,Research and Development,,CC200,Mack-Kennedy,1503.52,DR,SaaS HoldCo,Payroll
GL0001341,2024-03-17,6100,S&M,,CC200,"Martin, Jackson and Zimmerman",20613.43,DR,saas us,Contractor costs
GL0001342,2024-03-01,6200,R&D,,CC400,Craig Inc,7774.51,DR,SaaS US,Refund
GL0001343,2024-03-15,6100,Sales and Marketing,Marketing,CC300,Lopez and Sons,14256.88,dr,SaaS Canada,AWS hosting
GL0001344,2024-03-22,6200,Research and Development,,,Baker Group,-13049.72,CR,SaaS Canada,Contractor costs
GL0001345,2024-03-21,9999,Misc Expense,Finance,CC400,Hall Inc,-6044.83,cr,SaaS Canada,Payroll
GL0001346,2024-03-09,6300,General and Administrative,,CC400,"Garcia, Rocha and Martinez",-14260.86,cr,SaaS US,Payroll
GL0001347,2024-03-14,6100,sales & marketing,,CC100,Le LLC,-22814.89,cr,saas us,Software tools
GL0001348,2024-03-05,5000,Cost of Service,Finance,,Martin PLC,-15601.81,cr,SaaS US,Contractor costs
GL0001349,2024-03-21,6100,Sales and Marketing,Marketing,CC400,Hopkins Group,20522.91,dr,SaaS Canada,Software tools
GL0001350,2024-03-21,6300,General and Administrative,Sales,CC400,Schultz-Rios,-22765.07,cr,saas us,Refund
GL0001351,2024-04-04,6100,sales & marketing,Finance,CC100,Bradley-York,-1282.05,CR,SaaS Canada,Refund
GL0001352,2024-04-24,5000,Cost of Service,Sales,CC400,Taylor-Hendricks,-10420.05,cr,saas us,Software tools
GL0001353,2024-04-21,6300,G&A,Marketing,CC300,Wiggins and Sons,4187.83,DR,SaaS HoldCo,
GL0001354,2024-04-22,6100,Sales and Marketing,Marketing,CC300,Benson PLC,-12644.49,,SaaS HoldCo,Reclass
GL0001355,2024-04-12,9999,Misc Expense,Engineering,,May-Patel,13293.35,DR,saas us,Contractor costs
GL0001356,2024-04-08,5000,cost of service,Sales,CC100,Willis-Weber,-23743.77,CR,SaaS US,Contractor costs
GL0001357,2024-04-11,6200,R&D,Engineering,,"Estrada, Cardenas and Rodriguez",3111.18,dr,SaaS Canada,Payroll
GL0001358,2024-04-10,6100,sales & marketing,Sales,CC400,Quinn and Sons,-19834.62,CR,SaaS Canada,Contractor costs
GL0001359,2024-04-01,6300,G&A,Operations,,Harris-Webb,4165.69,DR,SaaS Canada,Reclass
GL0001360,2024-04-13,6200,Research and Development,Sales,CC100,"Smith, Cooper and Quinn",-1004.83,cr,saas us,Google Ads
GL0001361,2024-04-03,6300,G&A,,CC300,Griffith-Noble,-6767.47,CR,SaaS Canada,Refund
GL0001362,2024-04-03,9999,Misc Expense,,,"Jackson, Foster and Houston",14251.69,DR,SaaS US,Refund
GL0001363,2024-04-14,6300,G&A,Operations,CC300,Murphy-Rodriguez,-9415.27,cr,SaaS Canada,Google Ads
GL0001364,2024-04-26,,General and Administrative,,,Smith Group,13089.42,DR,SaaS Canada,
GL0001365,2024-04-23,6200,Research and Development,Marketing,CC400,Roberts-Castro,13772.47,DR,SaaS HoldCo,
GL0001366,2024-04-11,6300,G&A,Operations,,"Riley, Gonzalez and Butler",22896.47,DR,SaaS US,
GL0001367,2024-04-06,5000,cost of service,Marketing,CC100,"Reynolds, Santiago and Gardner",-3546.72,CR,SaaS US,Payroll
GL0001368,2024-04-05,5000,cost of service,,,Harris and Sons,20223.15,DR,SaaS US,Refund
GL0001369,2024-04-17,6300,General and Administrative,Finance,CC100,Hill Inc,22483.31,dr,SaaS HoldCo,Payroll
GL0001370,2024-04-18,9999,Misc Expense,Engineering,CC100,Miller Inc,-23390.74,CR,saas us,AWS hosting
GL0001371,2024-04-04,6300,General and Administrative,Marketing,CC100,"Patterson, Estrada and Buckley",-10067.42,,SaaS Canada,
GL0001372,2024-04-27,5000,cost of service,Engineering,CC400,Livingston-Miller,24096.92,DR,SaaS HoldCo,Reclass
GL0001373,2024-04-10,9999,Misc Expense,,CC300,"Reid, Madden and Smith",24559.57,dr,saas us,
GL0001374,2024-04-16,6300,General and Administrative,,CC200,Ray Inc,-14264.7,cr,SaaS Canada,Payroll
GL0001375,2024-04-15,6200,Research and Development,Finance,CC300,"Mason, Hensley and Gilbert",15034.7,DR,SaaS HoldCo,Software tools
GL0001376,2024-04-20,6200,Research and Development,Marketing,,Henry Ltd,-9254.26,CR,SaaS Canada,Refund
GL0001377,2024-04-14,6100,Sales and Marketing,,CC300,Simpson Group,-23838.5,CR,saas us,Software tools
GL0001378,2024-04-03,5000,cost of service,Marketing,CC400,Johnson-Faulkner,9369.34,DR,saas us,Google Ads
GL0001379,2024-04-01,1010,Cash,Finance,CC100,"Williams, Caldwell and Lee",16708.35,DR,SaaS HoldCo,Contractor costs
GL0001380,2024-04-24,5000,cost of service,,CC200,Fuller-Payne,-24705.51,CR,SaaS HoldCo,Refund
GL0001381,2024-04-17,6100,S&M,Engineering,,Ellis Group,11397.25,dr,saas us,Software tools
GL0001382,2024-04-07,6300,General and Administrative,Sales,,"Hall, Leonard and Dalton",4565.59,DR,SaaS HoldCo,
GL0001383,2024-04-05,1010,Cash,,,Bradley-Walter,9961.27,dr,SaaS US,Reclass
GL0001384,2024-04-13,,S&M,,CC200,Gonzalez Inc,9008.28,DR,SaaS HoldCo,AWS hosting
GL0001385,2024-04-25,5000,Cost of Service,,,Rice and Sons,-7533.57,cr,saas us,Contractor costs
GL0001386,2024-04-05,5000,cost of service,Marketing,,Martinez-Hines,16508.49,DR,saas us,Payroll
GL0001387,2024-04-16,5000,Cost of Service,Finance,CC200,Williams Ltd,-19953.56,cr,saas us,Contractor costs
GL0001388,2024-04-21,6100,sales & marketing,Finance,CC400,Williams and Sons,-16566.45,CR,SaaS US,Refund
GL0001389,2024-04-04,6100,S&M,,,"Freeman, Edwards and Walker",7890.5,dr,saas us,Refund
GL0001390,2024-04-19,9999,Misc Expense,Marketing,CC400,Schaefer-Alexander,5145.54,DR,SaaS HoldCo,Google Ads
GL0001391,2024-04-12,1010,Cash,Engineering,CC200,"Shannon, Thompson and Sweeney",-15182.78,CR,saas us,Google Ads
GL0001392,2024-04-04,6200,Research and Development,Sales,CC200,"Ryan, Davis and Herrera",18124.65,DR,SaaS HoldCo,
GL0001393,2024-04-04,6100,S&M,Marketing,CC200,Williams and Sons,-18212.11,CR,SaaS US,Reclass
GL0001394,2024-04-27,1010,Cash,,CC100,"Dawson, Wood and Cross",13735.25,dr,SaaS Canada,Reclass
GL0001395,2024-04-19,,G&A,Sales,CC100,Gutierrez-Phelps,-17935.01,CR,SaaS US,Google Ads
GL0001396,2024-04-24,6300,General and Administrative,Engineering,CC100,Wiley and Sons,23527.27,DR,SaaS US,Reclass
GL0001397,2024-04-22,6100,Sales and Marketing,Sales,,"Hill, Wilson and Robinson",10843.31,DR,saas us,Google Ads
GL0001398,2024-04-23,5000,cost of service,Marketing,CC100,Watson-Kim,-13192.66,CR,SaaS Canada,Payroll
GL0001399,2024-04-18,6200,R&D,Sales,CC300,Russo Inc,4175.61,DR,SaaS HoldCo,Reclass
GL0001400,2024-04-11,6300,General and Administrative,Operations,CC400,"Tate, Bradley and Warren",13764.57,DR,saas us,Refund
GL0001401,2024-04-21,6200,Research and Development,Marketing,,Garcia LLC,1735.61,DR,SaaS Canada,Refund
GL0001402,2024-04-09,6300,General and Administrative,Finance,,Newton-Hunter,8150.57,dr,saas us,Software tools
GL0001403,2024-04-05,9999,Misc Expense,,CC200,Perry Ltd,10482.42,DR,SaaS HoldCo,Reclass
GL0001404,2024-04-21,6200,Research and Development,Operations,CC100,Lane LLC,-20427.12,CR,SaaS US,Refund
GL0001405,2024-04-13,6200,R&D,Engineering,,Gallegos PLC,21627.53,DR,SaaS Canada,Payroll
GL0001406,2024-04-17,9999,Misc Expense,,CC100,"Harvey, Mills and Dillon",-10017.29,,SaaS Canada,Payroll
GL0001407,2024-04-25,6200,R&D,,CC100,Fuller LLC,1170.08,DR,SaaS HoldCo,Reclass
GL0001408,2024-04-11,6100,Sales and Marketing,Finance,CC200,Garcia Ltd,9143.89,DR,SaaS Canada,
GL0001409,2024-04-13,6100,Sales and Marketing,,CC200,"Hayes, Lyons and Moyer",16663.11,DR,saas us,Software tools
GL0001410,2024-04-15,6300,General and Administrative,Sales,CC100,Freeman-Jenkins,9514.02,dr,SaaS Canada,Software tools
GL0001411,2024-04-14,5000,Cost of Service,Marketing,CC400,"Pena, Christian and Murray",24173.13,DR,saas us,Software tools
GL0001412,2024-04-25,6200,R&D,Sales,CC400,"Hamilton, Peters and White",16135.15,DR,SaaS HoldCo,Refund
GL0001413,2024-04-25,9999,Misc Expense,Finance,CC300,Perry-Johnson,20089.2,DR,saas us,Reclass
GL0001414,2024-04-06,9999,Misc Expense,,,"Reid, Tate and Hudson",11468.32,DR,SaaS Canada,Payroll
GL0001415,2024-04-05,9999,Misc Expense,,CC200,"Travis, Hendricks and Cunningham",-17816.78,cr,SaaS HoldCo,Google Ads
GL0001416,2024-04-23,6100,Sales and Marketing,Marketing,,Whitaker-Jones,-4267.23,CR,SaaS HoldCo,Contractor costs
GL0001417,2024-04-09,5000,cost of service,,,"Martinez, Richardson and Pearson",7916.2,DR,SaaS HoldCo,Reclass
GL0001418,2024-04-08,6100,sales & marketing,,CC400,Evans-Welch,-1861.38,CR,SaaS US,Software tools
GL0001419,2024-04-13,6300,G&A,Sales,,Charles and Sons,12868.37,DR,SaaS HoldCo,Payroll
GL0001420,2024-04-04,9999,Misc Expense,Marketing,CC400,Kennedy Group,-13364.49,CR,SaaS Canada,Google Ads
GL0001421,2024-04-10,9999,Misc Expense,,CC200,Rodriguez-Jackson,-14154.08,cr,SaaS HoldCo,
GL0001422,2024-04-03,6200,Research and Development,Engineering,,Huffman LLC,-11043.51,cr,SaaS HoldCo,Google Ads
GL0001423,2024-04-15,6100,S&M,,,Brady Group,10226.04,DR,saas us,
GL0001424,2024-04-18,6300,G&A,,,"Trevino, Hawkins and Lee",2182.26,DR,SaaS US,Reclass
GL0001425,2024-04-25,9999,Misc Expense,,,"Hardy, Evans and Bell",15989.38,DR,SaaS Canada,Payroll
GL0001426,2024-04-22,6300,G&A,,CC400,Ramirez Group,24764.15,DR,SaaS Canada,Contractor costs
GL0001427,2024-04-06,6200,Research and Development,,,Perez PLC,11659.19,DR,SaaS Canada,
GL0001428,2024-04-13,6200,R&D,Marketing,,"Martinez, Baird and Gray",-13263.8,CR,SaaS US,Payroll
GL0001429,2024-04-15,5000,cost of service,,CC100,Torres-Delgado,5838.72,DR,saas us,
GL0001430,2024-04-22,5000,cost of service,Finance,CC100,"Woodard, Gibson and White",-15578.54,CR,saas us,Google Ads
GL0001431,2024-04-07,6300,G&A,,,Schaefer and Sons,20908.08,DR,saas us,
GL0001432,2024-04-17,5000,Cost of Service,,,Ferguson-Rivera,-21112.71,CR,SaaS HoldCo,
GL0001433,2024-04-02,5000,Cost of Service,Engineering,CC400,"Smith, Perkins and Cummings",22718.64,cr,SaaS HoldCo,Payroll
GL0001434,2024-04-10,6100,S&M,Engineering,CC400,Anderson-Castro,-10712.63,cr,SaaS US,AWS hosting
GL0001435,2024-04-18,1010,Cash,,CC400,Chung PLC,-1767.92,CR,SaaS HoldCo,
GL0001436,2024-04-07,6100,sales & marketing,,CC200,Hall and Sons,16306.31,DR,SaaS HoldCo,Contractor costs
GL0001437,2024-04-06,6100,S&M,Engineering,CC200,Robinson-Jones,8206.19,DR,SaaS HoldCo,Payroll
GL0001438,2024-04-03,6100,S&M,Sales,CC400,Jones-Jones,5815.6,DR,SaaS HoldCo,Contractor costs
GL0001439,2024-04-21,9999,Misc Expense,Operations,CC300,"Brewer, May and Brown",-18137.17,cr,SaaS Canada,
GL0001440,2024-04-24,5000,cost of service,Marketing,,Vazquez-Reynolds,13375.36,DR,SaaS Canada,Reclass
GL0001441,2024-05-09,6100,S&M,,,Huang-Garcia,-19487.7,CR,SaaS HoldCo,Reclass
GL0001442,2024-05-10,6100,Sales and Marketing,Operations,CC200,"Boyd, Rogers and Wilson",6361.46,dr,SaaS HoldCo,Google Ads
GL0001443,2024-05-10,6200,R&D,,CC200,"Rubio, Allen and Russo",-24604.49,CR,SaaS US,Reclass
GL0001444,2024-05-09,9999,Misc Expense,Engineering,CC200,"Hernandez, Diaz and Schneider",8706.11,DR,saas us,Google Ads
GL0001445,2024-05-13,9999,Misc Expense,,CC400,Gonzales-Best,-22229.71,cr,SaaS HoldCo,Reclass
GL0001446,2024-05-04,9999,Misc Expense,Operations,,Davis-Cook,23084.31,DR,SaaS US,Contractor costs
GL0001447,2024-05-06,6100,Sales and Marketing,,CC100,Adams-Collins,-13989.54,cr,SaaS Canada,
GL0001448,2024-05-25,1010,Cash,,,Anderson-Stokes,7647.75,DR,saas us,Software tools
GL0001449,2024-05-14,1010,Cash,Sales,CC300,Bradshaw-Welch,-22936.0,cr,saas us,Reclass
GL0001450,2024-05-25,6100,Sales and Marketing,,,Watts-Anderson,16225.53,DR,SaaS Canada,Google Ads
GL0001451,2024-05-20,1010,Cash,Sales,CC400,Barnett and Sons,6219.84,,SaaS US,Google Ads
GL0001452,2024-05-25,5000,Cost of Service,,CC200,"Gonzales, Barker and Mendoza",6494.5,DR,saas us,Google Ads
GL0001453,2024-05-04,6200,R&D,Engineering,CC200,Snyder LLC,6516.14,DR,saas us,
GL0001454,2024-05-10,6100,Sales and Marketing,Operations,,Rasmussen-Booth,4153.97,DR,saas us,AWS hosting
GL0001455,2024-05-16,1010,Cash,Sales,CC100,Howell Inc,2963.65,DR,SaaS Canada,Google Ads
GL0001456,2024-05-21,1010,Cash,,,"Wong, Phillips and Torres",15947.2,DR,SaaS HoldCo,
GL0001457,2024-05-26,6200,Research and Development,Marketing,CC200,Rivera Inc,18767.88,DR,saas us,Refund
GL0001458,2024-05-16,9999,Misc Expense,,,Robertson LLC,-8418.29,CR,SaaS HoldCo,Refund
GL0001459,2024-05-26,6200,R&D,,CC200,"Smith, Cruz and Medina",7437.82,dr,SaaS HoldCo,Contractor costs
GL0001460,2024-05-10,1010,Cash,Operations,CC400,"Gonzalez, Duncan and Morales",14247.21,DR,SaaS US,
GL0001461,2024-05-04,6100,sales & marketing,Marketing,CC200,"Lee, Miller and Wyatt",-20757.3,DR,SaaS US,Reclass
GL0001462,2024-05-25,9999,Misc Expense,Operations,CC400,"Valenzuela, Gonzalez and Hunter",18954.46,dr,SaaS US,Google Ads
GL0001463,2024-05-12,6100,sales & marketing,Marketing,,Sherman and Sons,-4077.39,DR,SaaS US,AWS hosting
GL0001464,2024-05-21,6200,Research and Development,,,"Hudson, Johnson and Brady",-7591.97,cr,SaaS HoldCo,Refund
GL0001465,2024-05-10,6100,S&M,Engineering,CC100,"Meyers, Hull and Kelly",18465.31,DR,saas us,Refund
GL0001466,2024-05-24,6300,General and Administrative,Engineering,CC200,Fowler-Alvarez,8859.69,dr,SaaS HoldCo,Reclass
GL0001467,2024-05-05,6100,Sales and Marketing,Sales,CC200,"Cook, Evans and Hicks",-24186.79,CR,saas us,AWS hosting
GL0001468,2024-05-17,1010,Cash,Marketing,,Olson and Sons,-13373.53,CR,SaaS US,Contractor costs
GL0001469,2024-05-05,1010,Cash,Sales,CC200,"Moore, Rose and Morales",20463.79,DR,SaaS US,Contractor costs
GL0001470,2024-05-03,6100,sales & marketing,Finance,CC300,Rhodes LLC,19759.8,DR,SaaS HoldCo,Reclass
GL0001471,2024-05-09,5000,cost of service,Finance,,,-3816.22,,saas us,Reclass
GL0001472,2024-05-20,6200,Research and Development,Engineering,CC100,Long Ltd,-3696.09,CR,SaaS US,Software tools
GL0001473,2024-05-23,6100,S&M,Operations,CC100,Baker-Lopez,23872.01,DR,saas us,Payroll
GL0001474,2024-05-25,6100,S&M,Marketing,,Sanchez-Alvarez,7687.61,DR,saas us,Contractor costs
GL0001475,2024-05-04,6100,Sales and Marketing,,CC200,Carroll Inc,-9855.29,,saas us,Contractor costs
GL0001476,2024-05-03,6300,General and Administrative,Engineering,CC100,Wilson Inc,14521.65,dr,SaaS US,Contractor costs
GL0001477,2024-05-20,1010,Cash,,CC100,Price-King,5996.42,DR,saas us,Reclass
GL0001478,2024-05-19,6200,R&D,Operations,,Scott-Johnson,-22620.97,CR,SaaS HoldCo,Google Ads
GL0001479,2024-05-05,9999,Misc Expense,Sales,,,16141.91,DR,SaaS US,Google Ads
GL0001480,2024-05-25,6100,sales & marketing,,,Robinson LLC,-9544.31,cr,SaaS Canada,Reclass
GL0001481,2024-05-20,1010,Cash,,CC400,Thomas-Duncan,10821.72,DR,saas us,Google Ads
GL0001482,2024-05-10,6200,Research and Development,Marketing,CC400,Marshall Ltd,-6867.92,cr,SaaS Canada,Refund
GL0001483,2024-05-02,,R&D,Operations,CC100,Hayes LLC,1079.6,DR,saas us,
GL0001484,2024-05-20,9999,Misc Expense,Marketing,CC300,Ponce-White,-23772.63,CR,SaaS US,Reclass
GL0001485,2024-05-08,5000,Cost of Service,Engineering,CC400,Shaw-Stevens,17325.81,DR,SaaS Canada,Reclass
GL0001486,2024-05-27,5000,cost of service,,CC200,Washington-Price,1606.11,DR,SaaS Canada,Google Ads
GL0001487,2024-05-18,6300,General and Administrative,Finance,CC400,Sandoval-Blevins,20394.15,DR,SaaS US,Contractor costs
GL0001488,2024-05-17,6300,General and Administrative,,CC100,Perez-Perry,17220.51,dr,SaaS Canada,Reclass
GL0001489,2024-05-26,6300,G&A,Sales,,Cuevas-Caldwell,-7936.82,,SaaS HoldCo,Reclass
GL0001490,2024-05-06,1010,Cash,Finance,CC300,Cannon-Schneider,1540.4,DR,saas us,Refund
GL0001491,2024-05-23,1010,Cash,Operations,CC400,Farmer-Greene,2196.22,DR,SaaS US,Payroll
GL0001492,2024-05-20,1010,Cash,Marketing,,Johnson Ltd,8594.27,dr,saas us,
GL0001493,2024-05-05,6300,G&A,Engineering,CC100,Moore Ltd,12938.39,dr,SaaS Canada,Refund
GL0001494,2024-05-18,6200,R&D,Finance,CC200,Stevens Inc,15979.9,DR,SaaS HoldCo,Refund
GL0001495,2024-05-04,1010,Cash,Finance,,Williams-Anderson,6817.04,DR,SaaS HoldCo,Contractor costs
GL0001496,2024-05-14,6200,R&D,,CC100,Thornton-Franklin,-7193.93,cr,SaaS HoldCo,AWS hosting
GL0001497,2024-05-25,6200,R&D,,,Gross Ltd,-14920.6,CR,SaaS HoldCo,Reclass
GL0001498,2024-05-21,9999,Misc Expense,,,Hernandez PLC,11581.13,DR,SaaS US,Contractor costs
GL0001499,2024-05-13,6200,Research and Development,Operations,CC100,Stuart LLC,-5926.12,CR,SaaS HoldCo,Software tools
GL0001500,2024-05-01,1010,Cash,Finance,CC100,Frank and Sons,10793.03,DR,SaaS HoldCo,
GL0001501,2024-05-15,6100,sales & marketing,,CC100,"Dyer, Allen and Hall",17318.93,dr,SaaS US,Reclass
GL0001502,2024-05-24,6100,Sales and Marketing,,CC200,"Mendoza, Yang and Fisher",-15777.61,cr,SaaS Canada,Google Ads
GL0001503,2024-05-22,6100,Sales and Marketing,Engineering,CC100,Horn-Cummings,18778.85,dr,SaaS HoldCo,Payroll
GL0001504,2024-05-13,6200,R&D,,,Green Inc,-14569.56,CR,SaaS US,
GL0001505,2024-05-19,6300,General and Administrative,Operations,CC400,Larsen LLC,16421.76,,SaaS US,Google Ads
GL0001506,2024-05-21,9999,Misc Expense,,,"Fuller, Owen and Perez",-13916.53,CR,SaaS Canada,Contractor costs
GL0001507,2024-05-25,5000,Cost of Service,,CC300,"Hamilton, Jackson and Good",-17294.29,cr,SaaS Canada,Google Ads
GL0001508,2024-05-08,6100,S&M,,CC100,Fields Ltd,8867.22,DR,SaaS US,Reclass
GL0001509,2024-05-03,9999,Misc Expense,,CC400,"Chan, Bowman and Moore",20140.58,dr,saas us,AWS hosting
GL0001510,2024-05-15,5000,cost of service,,,Bryant-Perkins,-10355.34,cr,SaaS US,Refund
GL0001511,2024-05-03,6100,sales & marketing,Marketing,CC400,Schneider Ltd,10945.62,DR,SaaS Canada,Refund
GL0001512,2024-05-27,1010,Cash,,,"Duncan, Reid and Ochoa",15027.96,DR,SaaS Canada,Software tools
GL0001513,2024-05-10,6200,Research and Development,,,"Miller, Schneider and Ford",-2392.73,CR,SaaS US,Contractor costs
GL0001514,2024-05-11,6200,R&D,Operations,CC400,Williams Inc,1799.89,DR,saas us,Refund
GL0001515,2024-05-03,5000,cost of service,Operations,,"Hartman, Lang and Aguirre",-14594.84,cr,saas us,
GL0001516,2024-05-10,6300,G&A,Marketing,CC200,"Webb, Gill and Chavez",1958.23,DR,SaaS HoldCo,Contractor costs
GL0001517,2024-05-04,5000,Cost of Service,,CC200,Jimenez-Ewing,21498.4,,SaaS Canada,Google Ads
GL0001518,2024-05-08,6100,sales & marketing,Finance,CC400,"Baker, Wilson and Reed",6591.93,dr,SaaS Canada,Software tools
GL0001519,2024-05-02,9999,Misc Expense,Engineering,CC100,Burke LLC,14324.87,DR,SaaS HoldCo,Contractor costs
GL0001520,2024-05-01,6200,Research and Development,Marketing,,"Gardner, Miller and Jones",-12804.58,CR,SaaS HoldCo,Reclass
GL0001521,2024-05-02,5000,Cost of Service,Engineering,CC200,Johnson LLC,-8449.5,CR,SaaS HoldCo,Software tools
GL0001522,2024-05-20,6100,S&M,Finance,CC200,Evans-Obrien,14717.17,DR,SaaS Canada,
GL0001523,2024-05-24,6300,G&A,Operations,CC400,Welch-Duke,12042.36,DR,saas us,Contractor costs
GL0001524,2024-05-20,6300,G&A,Sales,CC400,Roman-Rodriguez,-3938.22,CR,saas us,Reclass
GL0001525,2024-05-24,6100,sales & marketing,Finance,CC100,"Collins, Reid and Rogers",4944.6,dr,SaaS Canada,Refund
GL0001526,2024-05-19,6200,R&D,Sales,CC200,Roberts-Miller,19417.02,DR,SaaS US,Payroll
GL0001527,2024-05-10,6200,Research and Development,,CC100,"Lawrence, Miller and Johnson",13603.82,DR,SaaS HoldCo,Google Ads
GL0001528,2024-05-05,9999,Misc Expense,Finance,CC200,Jones-Mccall,10498.83,dr,SaaS HoldCo,AWS hosting
GL0001529,2024-05-27,6100,S&M,Engineering,,Blackwell-Turner,-13005.39,CR,saas us,AWS hosting
GL0001530,2024-05-07,1010,Cash,Operations,CC200,Nelson-Hamilton,-4431.99,cr,saas us,AWS hosting
GL0001531,2024-06-09,6200,Research and Development,Finance,,"Deleon, Arnold and Smith",-11204.3,CR,SaaS Canada,Google Ads
GL0001532,2024-06-01,6200,Research and Development,Finance,CC200,Mccullough PLC,-21348.12,cr,SaaS HoldCo,Google Ads
GL0001533,2024-06-04,5000,cost of service,Operations,CC100,"Patterson, Vazquez and Suarez",8812.05,DR,SaaS Canada,Software tools
GL0001534,2024-06-06,6200,R&D,Sales,,"Grimes, Leonard and Lane",20709.53,DR,SaaS US,
GL0001535,2024-06-19,6200,Research and Development,Engineering,CC400,Wilson-Smith,-10777.2,cr,SaaS US,Refund
GL0001536,2024-06-04,6100,S&M,Engineering,CC100,Wallace Group,7711.32,DR,saas us,Google Ads
GL0001537,2024-06-12,5000,cost of service,Operations,,Schwartz-Lee,15038.5,dr,SaaS HoldCo,
GL0001538,2024-06-12,6200,R&D,,,"Miller, Pierce and Ellis",12373.19,DR,SaaS Canada,Software tools
GL0001539,2024-06-16,5000,cost of service,Sales,,"Tapia, Robinson and Shields",-20517.2,DR,SaaS US,Refund
GL0001540,2024-06-27,6200,R&D,Engineering,,Oneal LLC,15023.83,DR,SaaS US,
GL0001541,2024-06-07,6100,S&M,,CC400,Alvarado-Patrick,3034.33,DR,SaaS HoldCo,Reclass
GL0001542,2024-06-10,6100,sales & marketing,Finance,CC300,Manning Ltd,-21469.91,CR,saas us,Reclass
GL0001543,2024-06-08,1010,Cash,Operations,CC300,Banks-Sims,-24867.46,CR,SaaS US,
GL0001544,2024-06-09,1010,Cash,Finance,CC200,Jennings PLC,-23622.57,CR,SaaS US,Contractor costs
GL0001545,2024-06-20,5000,cost of service,Operations,CC300,"Torres, White and Keller",20707.63,DR,SaaS HoldCo,AWS hosting
GL0001546,2024-06-15,9999,Misc Expense,Engineering,CC300,Levy and Sons,4646.63,DR,SaaS US,Payroll
GL0001547,2024-06-15,5000,cost of service,,,Roberts Group,-9958.69,cr,SaaS US,Google Ads
GL0001548,2024-06-27,9999,Misc Expense,Operations,CC300,Lewis LLC,-13873.15,CR,SaaS US,Refund
GL0001549,2024-06-27,6300,General and Administrative,,,"Turner, Koch and Cardenas",-4589.53,cr,SaaS US,Payroll
GL0001550,2024-06-24,6100,Sales and Marketing,,CC400,"Stevenson, Russell and Thomas",11295.16,DR,saas us,
GL0001551,2024-06-05,6100,Sales and Marketing,Engineering,CC100,Fisher Group,6694.63,DR,SaaS HoldCo,Reclass
GL0001552,2024-06-03,1010,Cash,Finance,CC300,"Tran, Holmes and Scott",12251.69,DR,SaaS US,Refund
GL0001553,2024-06-19,1010,Cash,Finance,CC300,Moreno-Brown,19787.42,dr,SaaS HoldCo,Contractor costs
GL0001554,2024-06-10,6100,Sales and Marketing,,CC200,Walters PLC,6988.0,DR,SaaS Canada,Google Ads
GL0001555,2024-06-19,1010,Cash,Marketing,CC300,"Zimmerman, Thomas and Franklin",-22196.71,CR,SaaS US,Refund
GL0001556,2024-06-18,6100,S&M,Marketing,CC200,Ashley Ltd,-10434.88,cr,SaaS HoldCo,
GL0001557,2024-06-25,5000,cost of service,Marketing,,"Morris, Clark and Gregory",18171.11,dr,SaaS HoldCo,Google Ads
GL0001558,2024-06-17,6300,G&A,,CC200,Jackson-Delgado,-17173.32,CR,SaaS Canada,Software tools
GL0001559,2024-06-10,6200,R&D,,,"Marsh, Branch and Silva",-21776.98,CR,SaaS US,Reclass
GL0001560,2024-06-09,6100,S&M,Finance,,Romero-Green,17960.17,DR,saas us,Refund
GL0001561,2024-06-23,6100,sales & marketing,,CC100,,-4543.37,CR,SaaS US,Payroll
GL0001562,2024-06-12,5000,cost of service,Finance,,"Whitaker, Bauer and Fuller",-10458.75,CR,SaaS US,Contractor costs
GL0001563,2024-06-27,6300,G&A,Marketing,CC400,"Sanchez, Anderson and Smith",-1285.27,CR,SaaS US,
GL0001564,2024-06-17,9999,Misc Expense,Marketing,,Barnes PLC,-17227.59,cr,SaaS Canada,Payroll
GL0001565,2024-06-04,6100,Sales and Marketing,,CC400,Woods-Gonzales,-8732.67,cr,SaaS Canada,
GL0001566,2024-06-14,6300,G&A,Marketing,CC200,Russo Group,7092.12,DR,SaaS Canada,Reclass
GL0001567,2024-06-18,1010,Cash,Engineering,CC200,Meza PLC,-21430.05,DR,SaaS US,Contractor costs
GL0001568,2024-06-20,9999,Misc Expense,,CC100,Gonzalez-Bailey,-24947.38,cr,SaaS Canada,Payroll
GL0001569,2024-06-14,5000,cost of service,,CC300,Andrews Ltd,19465.73,DR,saas us,Software tools
GL0001570,2024-06-25,6100,sales & marketing,,CC100,"Bradley, Owens and Lozano",18530.71,DR,SaaS US,Software tools
GL0001571,2024-06-09,1010,Cash,Marketing,CC100,Kelley-Moore,8480.99,DR,SaaS US,Contractor costs
GL0001572,2024-06-19,6100,S&M,,,"Patton, Phelps and Taylor",15233.38,DR,SaaS Canada,Reclass
GL0001573,2024-06-05,6300,General and Administrative,Operations,CC300,,5389.47,dr,SaaS HoldCo,Google Ads
GL0001574,2024-06-03,6100,sales & marketing,,CC200,"Hill, Gilbert and Miller",14137.53,DR,SaaS Canada,
GL0001575,2024-06-12,6100,S&M,Operations,CC100,Johnson-Barnett,9468.63,DR,saas us,
GL0001576,2024-06-07,5000,cost of service,Finance,CC300,Woods-Byrd,-20954.24,CR,SaaS Canada,Google Ads
GL0001577,2024-06-20,6100,Sales and Marketing,Marketing,,Jenkins Inc,12183.07,DR,SaaS HoldCo,Reclass
GL0001578,2024-06-15,6100,sales & marketing,Operations,CC200,Patel Ltd,-10328.01,CR,SaaS Canada,Contractor costs
GL0001579,2024-06-05,6100,sales & marketing,Engineering,CC300,Colon PLC,9863.8,DR,SaaS Canada,
GL0001580,2024-06-22,9999,Misc Expense,Finance,CC100,"Taylor, Griffin and Santos",10149.52,DR,SaaS US,Reclass
GL0001581,2024-06-17,6100,sales & marketing,Operations,,"Martin, Burns and Phillips",-6754.42,CR,SaaS HoldCo,AWS hosting
GL0001582,2024-06-08,9999,Misc Expense,Engineering,CC400,"Williams, Murray and Peterson",-2597.03,cr,SaaS HoldCo,Reclass
GL0001583,2024-06-19,1010,Cash,Finance,CC400,"Smith, Perry and Wilson",19118.54,dr,SaaS HoldCo,
GL0001584,2024-06-02,1010,Cash,,CC200,Thompson-Williams,1352.3,CR,saas us,Reclass
GL0001585,2024-06-24,6300,General and Administrative,Operations,CC200,Martin-Reyes,24539.45,DR,saas us,Payroll
GL0001586,2024-06-27,5000,cost of service,Engineering,CC200,Phelps-Klein,8414.76,DR,SaaS US,AWS hosting
GL0001587,2024-06-10,6100,Sales and Marketing,Sales,,Rodgers Group,13648.94,DR,SaaS US,Refund
GL0001588,2024-06-19,6300,General and Administrative,Finance,CC400,Weeks Inc,-13234.23,,saas us,AWS hosting
GL0001589,2024-06-06,6100,sales & marketing,Marketing,,Jones-Torres,22300.7,DR,SaaS HoldCo,Contractor costs
GL0001590,2024-06-26,5000,Cost of Service,,CC300,Taylor-Cooke,24110.99,DR,saas us,
GL0001591,2024-06-17,6100,Sales and Marketing,,CC100,"Jones, Casey and Scott",4525.79,dr,SaaS HoldCo,Google Ads
GL0001592,2024-06-19,1010,Cash,Marketing,,"Robinson, Shelton and Perez",10109.63,dr,saas us,Contractor costs
GL0001593,2024-06-08,6200,Research and Development,,CC100,King LLC,22408.56,dr,SaaS US,Google Ads
GL0001594,2024-06-05,6300,General and Administrative,Operations,CC300,Savage-Williams,-19720.63,CR,SaaS US,
GL0001595,2024-06-24,5000,cost of service,,CC200,"Nelson, Hamilton and Strong",-3796.61,CR,saas us,Contractor costs
GL0001596,2024-06-16,6200,Research and Development,Operations,CC400,Baird-Vaughan,-15520.14,CR,SaaS Canada,Software tools
GL0001597,2024-06-23,9999,Misc Expense,,CC400,"Hanson, Reyes and Byrd",3995.15,DR,SaaS Canada,Contractor costs
GL0001598,2024-06-05,5000,Cost of Service,,CC400,Arnold Inc,-14865.32,cr,saas us,Google Ads
GL0001599,2024-06-11,6300,General and Administrative,,CC400,Cherry-Rosario,2379.03,DR,SaaS HoldCo,Refund
GL0001600,2024-06-19,6100,Sales and Marketing,Operations,,"Smith, Roberson and Johnson",-15168.75,CR,SaaS HoldCo,Reclass
GL0001601,2024-06-23,6200,Research and Development,,CC400,Reed-Elliott,-13916.77,,SaaS Canada,Software tools
GL0001602,2024-06-10,6200,R&D,,,"Murray, Shea and Bell",-24937.66,CR,saas us,Payroll
GL0001603,2024-06-17,6100,S&M,,CC200,Rodriguez-Jennings,-22960.96,CR,saas us,Refund
GL0001604,2024-06-20,6200,Research and Development,Operations,CC300,Gonzalez Inc,-24125.43,CR,SaaS HoldCo,Google Ads
GL0001605,2024-06-12,6200,R&D,Engineering,CC300,Harris-Hicks,20611.41,,SaaS HoldCo,Google Ads
GL0001606,2024-06-05,6300,G&A,Finance,CC200,"Martin, Gilbert and Wilson",11165.5,DR,saas us,Reclass
GL0001607,2024-06-26,6200,R&D,Sales,CC200,Cisneros-Green,23449.64,dr,SaaS US,Contractor costs
GL0001608,2024-06-26,6100,sales & marketing,Marketing,CC300,Duke and Sons,17864.59,DR,SaaS Canada,Reclass
GL0001609,2024-06-12,1010,Cash,,CC200,"Velasquez, Fuentes and Mckenzie",17859.99,dr,SaaS US,
GL0001610,2024-06-14,5000,Cost of Service,Engineering,CC200,Delgado Group,-17250.78,CR,SaaS Canada,Contractor costs
GL0001611,2024-06-18,6100,sales & marketing,,CC400,Peterson Inc,21546.14,DR,saas us,Google Ads
GL0001612,2024-06-03,6300,General and Administrative,,CC300,"Hensley, Thomas and Perez",19508.36,DR,SaaS Canada,AWS hosting
GL0001613,2024-06-12,5000,Cost of Service,Operations,CC200,Li Inc,17164.0,,saas us,Google Ads
GL0001614,2024-06-04,6100,S&M,Sales,CC300,Davis and Sons,21817.34,DR,SaaS HoldCo,Refund
GL0001615,2024-06-17,6300,General and Administrative,Operations,,Mason Inc,20459.44,DR,SaaS HoldCo,Google Ads
GL0001616,2024-06-09,5000,Cost of Service,Marketing,,Russell-Haynes,19085.41,DR,SaaS Canada,
GL0001617,2024-06-17,6100,S&M,Sales,CC100,Norton-Cox,14886.32,DR,SaaS HoldCo,Payroll
GL0001618,2024-06-15,6200,Research and Development,Engineering,,Perez-Lewis,8415.5,DR,SaaS Canada,Software tools
GL0001619,2024-06-25,6300,G&A,Marketing,CC100,"Warren, Oneal and Rodriguez",3913.68,DR,saas us,Google Ads
GL0001620,2024-06-18,6200,R&D,Finance,,Murphy-Suarez,24627.56,DR,SaaS Canada,Software tools
GL0001621,2024-07-04,6200,R&D,Operations,,Baker-Mejia,-8262.51,CR,SaaS US,Reclass
GL0001622,2024-07-05,5000,cost of service,Finance,CC100,Chavez-Davis,-6517.44,CR,SaaS Canada,Contractor costs
GL0001623,2024-07-09,6100,S&M,Finance,,Smith-Woods,-6650.56,CR,SaaS HoldCo,Refund
GL0001624,2024-07-04,6300,G&A,Sales,CC400,Porter PLC,-5705.3,cr,SaaS US,Software tools
GL0001625,2024-07-08,6100,Sales and Marketing,,CC200,"Valentine, Moore and Cox",-3888.8,CR,SaaS US,Contractor costs
GL0001626,2024-07-15,9999,Misc Expense,,CC300,Gill PLC,10410.72,DR,SaaS US,Software tools
GL0001627,2024-07-11,1010,Cash,,CC100,Holland PLC,18173.95,DR,SaaS HoldCo,
GL0001628,2024-07-17,6100,S&M,Operations,CC300,"Lopez, Smith and Mills",18660.5,DR,SaaS Canada,Google Ads
GL0001629,2024-07-09,6300,G&A,,CC200,"Johnson, Randall and Ochoa",3582.12,,SaaS US,Google Ads
GL0001630,2024-07-27,5000,Cost of Service,Operations,,Sanford Group,-16308.26,CR,SaaS US,AWS hosting
GL0001631,2024-07-25,,Misc Expense,Finance,,Mullen LLC,2112.01,dr,SaaS Canada,Reclass
GL0001632,2024-07-02,5000,cost of service,Finance,,"Mitchell, Roman and Phillips",-10521.82,CR,saas us,Contractor costs
GL0001633,2024-07-05,6200,R&D,,CC100,"Smith, Keller and Chambers",11854.26,DR,SaaS US,AWS hosting
GL0001634,2024-07-01,6200,Research and Development,Operations,CC300,"Elliott, Ross and Perez",-1682.59,cr,SaaS HoldCo,Contractor costs
GL0001635,2024-07-21,6300,G&A,Engineering,CC300,Davis-Lucas,-23168.7,CR,SaaS Canada,Contractor costs
GL0001636,2024-07-27,6100,S&M,Marketing,,"Delgado, Davis and Johnson",-13579.81,CR,SaaS HoldCo,Contractor costs
GL0001637,2024-07-21,6100,sales & marketing,Operations,CC400,Lopez-Brooks,-13180.81,CR,SaaS US,Refund
GL0001638,2024-07-18,6100,sales & marketing,Finance,CC400,Lewis-Garcia,24979.29,DR,SaaS HoldCo,Payroll
GL0001639,2024-07-02,5000,Cost of Service,Marketing,CC400,Watkins-Murphy,8975.05,DR,SaaS Canada,Contractor costs
GL0001640,2024-07-05,6300,General and Administrative,Marketing,,Harris-Jones,7880.75,dr,SaaS Canada,Software tools
GL0001641,2024-07-12,5000,Cost of Service,,,Kelly-Mathews,-2839.31,CR,SaaS Canada,Contractor costs
GL0001642,2024-07-05,6200,R&D,Finance,CC100,Martin-Ryan,-4773.54,CR,saas us,Reclass
GL0001643,2024-07-04,6100,sales & marketing,,CC300,"Vazquez, Harris and Pierce",-17828.72,CR,SaaS Canada,Payroll
GL0001644,2024-07-17,5000,cost of service,,CC400,Silva Inc,-22869.65,DR,SaaS HoldCo,Refund
GL0001645,2024-07-03,5000,Cost of Service,,CC200,Mason LLC,-22883.85,cr,SaaS US,Payroll
GL0001646,2024-07-26,6100,Sales and Marketing,Sales,,"Farley, Todd and Elliott",12975.75,DR,SaaS Canada,Payroll
GL0001647,2024-07-19,6200,Research and Development,Sales,CC200,Cook-Miller,22892.85,DR,saas us,Refund
GL0001648,2024-07-09,6100,sales & marketing,Finance,CC300,"Graves, Young and Baker",-20004.32,DR,saas us,Reclass
GL0001649,2024-07-05,6300,G&A,,CC200,Williams-Johnson,-22814.87,CR,saas us,Google Ads
GL0001650,2024-07-07,6300,General and Administrative,,CC300,Thomas Group,9721.47,DR,SaaS Canada,Software tools
GL0001651,2024-07-06,6200,R&D,Marketing,CC400,Ramos-Johnson,-14192.74,CR,saas us,Google Ads
GL0001652,2024-07-20,5000,cost of service,Finance,,Gomez-Clayton,-8111.03,CR,SaaS US,Google Ads
GL0001653,2024-07-16,6300,G&A,Engineering,CC300,"Bradshaw, Freeman and Snow",18492.38,DR,SaaS Canada,Software tools
GL0001654,2024-07-21,6100,sales & marketing,,,"Holloway, Solis and Young",7989.62,dr,saas us,Software tools
GL0001655,2024-07-11,6100,sales & marketing,Sales,CC200,Maynard-Castaneda,2804.03,DR,SaaS HoldCo,Contractor costs
GL0001656,2024-07-24,1010,Cash,Operations,CC200,Johnson-Cox,14834.24,dr,saas us,Reclass
GL0001657,2024-07-19,5000,cost of service,Marketing,CC300,Dudley Group,4988.83,DR,SaaS US,Payroll
GL0001658,2024-07-17,9999,Misc Expense,,,Wood-Brandt,16813.52,DR,saas us,Payroll
GL0001659,2024-07-17,1010,Cash,,CC200,Schultz LLC,3613.79,DR,saas us,Reclass
GL0001660,2024-07-11,1010,Cash,,CC400,Williams-Martin,2030.24,dr,SaaS HoldCo,Reclass
GL0001661,2024-07-05,6300,General and Administrative,,CC400,Herrera Group,-4681.44,CR,SaaS HoldCo,Software tools
GL0001662,2024-07-03,5000,cost of service,Operations,CC200,Moore-Lopez,16830.92,DR,SaaS HoldCo,Contractor costs
GL0001663,2024-07-26,1010,Cash,Sales,CC400,Bowers-Stone,19769.36,DR,SaaS Canada,
GL0001664,2024-07-27,6100,sales & marketing,,CC100,"Ramirez, Crawford and Gonzalez",24829.4,DR,SaaS HoldCo,Refund
GL0001665,2024-07-06,5000,Cost of Service,,CC200,Rowe LLC,15797.85,DR,SaaS Canada,Software tools
GL0001666,2024-07-23,6300,G&A,Finance,,Garza-Wilson,6426.69,DR,SaaS US,Google Ads
GL0001667,2024-07-13,6100,sales & marketing,,CC200,"Mcgee, Robertson and Castro",-20379.65,CR,SaaS HoldCo,Contractor costs
GL0001668,2024-07-10,6200,Research and Development,,,Ellis Ltd,-6756.24,cr,SaaS HoldCo,Software tools
GL0001669,2024-07-17,6300,General and Administrative,Engineering,CC200,James-Garcia,15446.2,,SaaS HoldCo,Software tools
GL0001670,2024-07-19,6100,Sales and Marketing,Finance,CC100,Kirk Ltd,17591.82,CR,SaaS HoldCo,Payroll
GL0001671,2024-07-08,6100,S&M,Marketing,,Love PLC,-18476.8,CR,SaaS Canada,AWS hosting
GL0001672,2024-07-25,6300,General and Administrative,Marketing,CC100,Potter-Hunter,16152.84,dr,SaaS HoldCo,Software tools
GL0001673,2024-07-11,6200,R&D,,CC100,Tyler-Reed,3201.7,DR,SaaS HoldCo,Reclass
GL0001674,2024-07-06,5000,Cost of Service,Engineering,,Hudson LLC,16648.34,DR,SaaS US,Reclass
GL0001675,2024-07-16,6100,Sales and Marketing,Sales,CC100,Cochran and Sons,-13586.21,CR,SaaS Canada,AWS hosting
GL0001676,2024-07-08,6100,sales & marketing,,CC100,"Dean, Navarro and Graham",-8412.2,CR,SaaS HoldCo,Software tools
GL0001677,2024-07-23,6100,S&M,Marketing,CC200,Walker-Schroeder,5490.41,DR,SaaS Canada,Contractor costs
GL0001678,2024-07-05,6300,G&A,Engineering,CC200,Martinez-Espinoza,24405.67,DR,saas us,Contractor costs
GL0001679,2024-07-06,6100,Sales and Marketing,Finance,CC200,Watkins Inc,20349.46,DR,SaaS HoldCo,Payroll
GL0001680,2024-07-18,6200,R&D,,,"Martin, Wolf and Ramirez",7982.11,DR,SaaS HoldCo,AWS hosting
GL0001681,2024-07-01,6200,Research and Development,,CC300,"Bradley, Miles and Brown",24782.37,DR,SaaS Canada,Reclass
GL0001682,2024-07-23,6300,General and Administrative,Marketing,CC300,Torres-Walker,19738.31,DR,SaaS HoldCo,
GL0001683,2024-07-09,6100,sales & marketing,Marketing,CC200,Williams PLC,8138.06,DR,saas us,Reclass
GL0001684,2024-07-25,1010,Cash,,CC200,Zimmerman Ltd,-19781.5,CR,SaaS US,Payroll
GL0001685,2024-07-18,6100,sales & marketing,Marketing,CC200,Bailey-Ferguson,-20743.21,CR,SaaS HoldCo,Contractor costs
GL0001686,2024-07-06,5000,Cost of Service,,CC400,"Jennings, Lang and Gutierrez",20831.36,DR,saas us,Reclass
GL0001687,2024-07-23,6300,G&A,Sales,CC400,Douglas-Sanchez,15855.86,DR,saas us,Google Ads
GL0001688,2024-07-24,6200,R&D,Engineering,CC100,"Potts, Rosario and Porter",-12111.38,cr,SaaS HoldCo,AWS hosting
GL0001689,2024-07-02,5000,cost of service,Marketing,CC100,Barajas Group,6462.68,dr,saas us,Payroll
GL0001690,2024-07-11,6100,sales & marketing,Sales,,"Bradley, Duncan and Smith",19692.73,DR,SaaS HoldCo,Payroll
GL0001691,2024-07-22,6100,Sales and Marketing,,CC300,Stone-Thompson,14224.01,DR,saas us,Google Ads
GL0001692,2024-07-07,6100,sales & marketing,Sales,,Williams Inc,5988.71,DR,SaaS US,Software tools
GL0001693,2024-07-01,6100,Sales and Marketing,Sales,,"Moore, Sullivan and Morton",-9069.23,,SaaS Canada,Software tools
GL0001694,2024-07-25,6100,sales & marketing,Finance,,,20140.89,DR,SaaS Canada,Google Ads
GL0001695,2024-07-14,6200,R&D,Finance,,,6037.0,DR,SaaS HoldCo,AWS hosting
GL0001696,2024-07-22,6300,G&A,Finance,CC100,Gonzalez-Spencer,14575.54,DR,saas us,
GL0001697,2024-07-21,6100,Sales and Marketing,,CC400,"Foster, Wood and Erickson",9451.55,dr,SaaS HoldCo,Software tools
GL0001698,2024-07-24,6100,S&M,,,Gay-Smith,-13553.76,CR,SaaS Canada,AWS hosting
GL0001699,2024-07-16,5000,cost of service,Marketing,CC300,"Bryant, Garza and Baker",20041.2,dr,SaaS HoldCo,Payroll
GL0001700,2024-07-25,6100,Sales and Marketing,Finance,CC200,Archer and Sons,10082.83,DR,saas us,Contractor costs
GL0001701,2024-07-18,6100,Sales and Marketing,,,Morris-Powell,13968.73,DR,saas us,Contractor costs
GL0001702,2024-07-16,6100,S&M,Operations,CC400,"Bryan, Dominguez and Bailey",3162.26,dr,SaaS Canada,
GL0001703,2024-07-27,6100,Sales and Marketing,,,Hensley Ltd,-23315.33,cr,SaaS Canada,
GL0001704,2024-07-09,1010,Cash,,CC100,Alexander Inc,17080.19,dr,saas us,Payroll
GL0001705,2024-07-09,1010,Cash,Marketing,,Kim-Parker,3050.89,DR,SaaS HoldCo,Reclass
GL0001706,2024-07-06,6100,S&M,Finance,,Johnson-Henderson,10450.25,dr,SaaS HoldCo,AWS hosting
GL0001707,2024-07-01,6100,S&M,Finance,,Pineda-Simpson,20261.41,dr,SaaS Canada,Software tools
GL0001708,2024-07-02,6200,R&D,Marketing,,Foster Ltd,-9487.06,CR,SaaS HoldCo,AWS hosting
GL0001709,2024-07-27,5000,Cost of Service,Finance,,Smith-Barrett,6309.85,DR,SaaS US,Software tools
GL0001710,2024-07-21,6100,Sales and Marketing,Operations,,"Martinez, Horn and Harris",-7737.81,CR,SaaS Canada,Payroll
GL0001711,2024-08-13,9999,Misc Expense,,CC200,Diaz-Brown,-19763.87,cr,saas us,
GL0001712,2024-08-18,6200,R&D,Marketing,CC200,English LLC,6241.64,DR,SaaS HoldCo,
GL0001713,2024-08-08,5000,cost of service,Engineering,CC100,Horn LLC,12995.61,dr,SaaS US,Contractor costs
GL0001714,2024-08-09,6200,Research and Development,Sales,,"Livingston, Mckenzie and Carter",-22820.18,cr,SaaS Canada,Payroll
GL0001715,2024-08-18,6200,Research and Development,Operations,CC100,"Summers, Mcbride and Mcpherson",-12478.53,CR,SaaS Canada,AWS hosting
GL0001716,2024-08-05,6300,G&A,,,Johnson-Romero,3459.87,DR,SaaS Canada,Reclass
GL0001717,2024-08-22,5000,Cost of Service,Operations,CC100,Diaz-Quinn,-21199.26,CR,saas us,Refund
GL0001718,2024-08-17,6100,sales & marketing,Engineering,,"Garcia, Green and Cooper",2676.09,DR,SaaS Canada,Refund
GL0001719,2024-08-25,1010,Cash,Engineering,CC400,"Wang, Conner and Wise",3876.76,dr,SaaS US,Contractor costs
GL0001720,2024-08-12,6300,General and Administrative,,CC400,Mason-Koch,-11620.27,CR,SaaS US,AWS hosting
GL0001721,2024-08-13,5000,Cost of Service,Sales,,Fischer Inc,7825.46,DR,SaaS HoldCo,AWS hosting
GL0001722,2024-08-09,,cost of service,Marketing,,Nguyen-Thomas,13960.34,DR,SaaS US,
GL0001723,2024-08-11,9999,Misc Expense,,CC300,Parsons-Taylor,-5831.55,CR,SaaS HoldCo,Reclass
GL0001724,2024-08-19,1010,Cash,Operations,CC100,"Johnson, Sanchez and Williams",-2474.31,CR,SaaS Canada,Contractor costs
GL0001725,2024-08-11,6100,S&M,Finance,,"Cook, Howard and Schultz",6002.88,DR,SaaS HoldCo,AWS hosting
GL0001726,2024-08-09,6100,sales & marketing,Engineering,CC200,,24821.65,DR,SaaS US,Payroll
GL0001727,2024-08-12,6100,sales & marketing,Engineering,CC200,Porter Inc,21580.13,cr,saas us,Refund
GL0001728,2024-08-08,6200,R&D,Marketing,CC400,"Lewis, Alvarado and Fletcher",23554.79,DR,SaaS US,Refund
GL0001729,2024-08-01,6200,R&D,,CC100,Dougherty-Garner,9988.78,DR,saas us,Software tools
GL0001730,2024-08-22,6200,R&D,Sales,,Jones Ltd,3931.58,dr,SaaS HoldCo,Payroll
GL0001731,2024-08-03,6300,G&A,,CC200,Oconnor-Summers,4006.26,DR,SaaS US,Reclass
GL0001732,2024-08-04,5000,Cost of Service,Marketing,,Morris-Martin,24738.31,DR,SaaS US,AWS hosting
GL0001733,2024-08-12,,Sales and Marketing,,,"Nelson, Ruiz and Tapia",10492.83,dr,SaaS HoldCo,Refund
GL0001734,2024-08-21,6300,G&A,,CC300,"Stevens, Hardy and Lynch",1409.21,DR,saas us,Software tools
GL0001735,2024-08-13,6200,R&D,,,"Romero, Parker and Martinez",-20725.65,,SaaS US,Software tools
GL0001736,2024-08-16,5000,cost of service,Operations,,Hernandez Ltd,20677.35,CR,SaaS HoldCo,Contractor costs
GL0001737,2024-08-02,5000,cost of service,Engineering,,Ellison LLC,16931.3,DR,SaaS Canada,Software tools
GL0001738,2024-08-01,1010,Cash,Operations,,"Walsh, Lewis and Cunningham",-7974.26,CR,SaaS Canada,Software tools
GL0001739,2024-08-25,6100,sales & marketing,,,Walton-West,16507.84,DR,SaaS HoldCo,Software tools
GL0001740,2024-08-11,6100,S&M,Engineering,CC200,"Miller, Frye and Rivera",-23110.59,CR,SaaS US,
GL0001741,2024-08-24,9999,Misc Expense,Sales,,"Sanchez, Moran and Tate",17987.01,dr,SaaS HoldCo,Google Ads
GL0001742,2024-08-08,5000,Cost of Service,,,Alvarez-Medina,-15980.35,cr,SaaS US,Refund
GL0001743,2024-08-12,6300,G&A,Finance,CC300,Fuentes-Harvey,-8841.05,CR,SaaS US,
GL0001744,2024-08-21,6300,G&A,Sales,CC300,Norman LLC,-10306.69,cr,SaaS US,Contractor costs
GL0001745,2024-08-04,6100,S&M,Sales,CC300,"Elliott, Ortiz and Martin",23940.09,DR,SaaS HoldCo,
GL0001746,2024-08-08,6200,Research and Development,Finance,,Sparks-Bell,-16254.94,CR,saas us,Software tools
GL0001747,2024-08-17,5000,cost of service,Finance,CC300,Juarez-Haney,4254.59,DR,saas us,
GL0001748,2024-08-15,5000,Cost of Service,Finance,CC400,"Powell, Jackson and Clark",19802.45,DR,SaaS Canada,Reclass
GL0001749,2024-08-16,6200,R&D,Operations,,Jenkins-Randall,3776.19,DR,SaaS US,Google Ads
GL0001750,2024-08-10,,Misc Expense,Marketing,CC100,Guzman PLC,16602.65,DR,SaaS HoldCo,Payroll
GL0001751,2024-08-14,6300,G&A,Marketing,CC100,Hale-Johnson,-21891.0,CR,SaaS US,Payroll
GL0001752,2024-08-08,5000,cost of service,Operations,CC400,"Gonzalez, Freeman and Hicks",24064.89,,SaaS Canada,AWS hosting
GL0001753,2024-08-15,6200,Research and Development,Marketing,CC200,Allen-Grant,-21167.83,,SaaS HoldCo,Reclass
GL0001754,2024-08-11,6100,Sales and Marketing,Marketing,CC300,"Gonzalez, Alvarez and Moore",-5199.72,CR,SaaS HoldCo,Reclass
GL0001755,2024-08-09,6300,General and Administrative,Operations,CC400,"Bradley, Collins and Boyer",-1128.31,CR,SaaS US,Contractor costs
GL0001756,2024-08-22,9999,Misc Expense,Engineering,CC300,Elliott-Lindsey,-9017.88,CR,SaaS US,Contractor costs
GL0001757,2024-08-27,1010,Cash,,CC400,Camacho-Lane,22131.0,DR,SaaS US,Payroll
GL0001758,2024-08-16,5000,cost of service,Sales,CC300,Brown-Bennett,-23243.28,,SaaS Canada,AWS hosting
GL0001759,2024-08-24,5000,Cost of Service,Operations,CC100,"Williams, King and Morales",4199.61,DR,saas us,
GL0001760,2024-08-18,5000,cost of service,Sales,,Martin Ltd,3305.25,DR,saas us,Payroll
GL0001761,2024-08-05,6200,Research and Development,,CC300,Jones-Brandt,11410.56,DR,SaaS US,
GL0001762,2024-08-11,6200,Research and Development,Sales,CC200,"Rogers, Fisher and Jones",-16466.46,CR,SaaS US,Reclass
GL0001763,2024-08-06,5000,Cost of Service,Sales,,"Montgomery, Ramirez and Robbins",-23105.26,CR,SaaS HoldCo,AWS hosting
GL0001764,2024-08-15,6300,General and Administrative,,,Hardin-Braun,18187.89,DR,saas us,Reclass
GL0001765,2024-08-21,6200,R&D,Sales,CC200,"Torres, Barnett and Hanson",-15794.56,cr,SaaS Canada,
GL0001766,2024-08-13,1010,Cash,,CC400,Wise LLC,13562.53,DR,SaaS HoldCo,AWS hosting
GL0001767,2024-08-06,6100,Sales and Marketing,Finance,CC200,Faulkner Group,13779.52,DR,SaaS HoldCo,Software tools
GL0001768,2024-08-12,9999,Misc Expense,,CC100,Mcclain-Atkinson,-17559.84,CR,SaaS US,AWS hosting
GL0001769,2024-08-11,6100,sales & marketing,Engineering,CC300,Foster Ltd,5076.07,DR,SaaS Canada,Refund
GL0001770,2024-08-02,6100,Sales and Marketing,Finance,CC300,"Gallagher, Gilbert and Vasquez",-3244.31,CR,saas us,Payroll
GL0001771,2024-08-11,6100,sales & marketing,Operations,CC200,Klein Inc,18948.57,DR,SaaS Canada,AWS hosting
GL0001772,2024-08-01,5000,Cost of Service,Operations,CC400,Smith-Adams,20032.95,DR,SaaS HoldCo,
GL0001773,2024-08-02,6300,General and Administrative,,CC300,"Byrd, Mccarthy and Thomas",22892.27,DR,SaaS Canada,Reclass
GL0001774,2024-08-19,6100,sales & marketing,,CC300,Goodwin Ltd,5220.38,DR,saas us,Software tools
GL0001775,2024-08-03,6300,G&A,,CC400,Bartlett-Hall,2725.49,DR,SaaS Canada,Software tools
GL0001776,2024-08-12,6300,General and Administrative,Engineering,,"Adams, Brown and Brooks",14952.25,DR,SaaS HoldCo,Software tools
GL0001777,2024-08-08,6300,G&A,Marketing,CC200,Holland Ltd,-6890.93,CR,SaaS HoldCo,Google Ads
GL0001778,2024-08-03,5000,cost of service,,,Wyatt-Hernandez,10945.76,DR,SaaS HoldCo,AWS hosting
GL0001779,2024-08-02,5000,cost of service,Operations,CC100,Cervantes-Watts,-22614.89,DR,SaaS US,Contractor costs
GL0001780,2024-08-16,6200,R&D,,CC200,"Ellison, Salazar and Kemp",8097.77,DR,SaaS HoldCo,Payroll
GL0001781,2024-08-15,5000,cost of service,,CC200,"Mclaughlin, Hatfield and Gutierrez",-18282.67,CR,SaaS Canada,Refund
GL0001782,2024-08-15,6300,G&A,,CC400,Park-Patton,4458.04,DR,saas us,Contractor costs
GL0001783,2024-08-02,9999,Misc Expense,Sales,,Bates Ltd,-13674.57,CR,SaaS US,Google Ads
GL0001784,2024-08-06,6100,Sales and Marketing,Engineering,CC100,"Williams, Sanchez and Glover",9481.12,DR,SaaS HoldCo,AWS hosting
GL0001785,2024-08-12,6200,Research and Development,Engineering,CC100,"Dominguez, Brown and Myers",1719.99,dr,SaaS US,Payroll
GL0001786,2024-08-14,6200,R&D,,CC400,Bell PLC,-20938.71,cr,SaaS HoldCo,Software tools
GL0001787,2024-08-01,6200,Research and Development,,CC100,Walker-Golden,1267.3,DR,SaaS HoldCo,Contractor costs
GL0001788,2024-08-22,6200,Research and Development,,CC200,"Simon, Mendez and Odonnell",-19492.78,CR,SaaS Canada,Reclass
GL0001789,2024-08-13,6300,G&A,,,Leon Group,11435.28,dr,SaaS US,AWS hosting
GL0001790,2024-08-15,6200,Research and Development,Operations,CC300,Key and Sons,-17368.17,CR,SaaS Canada,Software tools
GL0001791,2024-08-13,6200,Research and Development,Sales,CC400,Harris-Hart,19298.58,DR,SaaS HoldCo,Contractor costs
GL0001792,2024-08-03,5000,cost of service,Operations,CC200,Davis-West,16399.47,dr,saas us,
GL0001793,2024-08-21,5000,cost of service,,,Brown LLC,8719.64,DR,SaaS US,AWS hosting
GL0001794,2024-08-26,6100,S&M,,CC200,"Shepard, Patel and Williams",10994.99,dr,SaaS HoldCo,Google Ads
GL0001795,2024-08-06,6100,Sales and Marketing,Operations,CC100,Thompson LLC,22024.55,DR,saas us,
GL0001796,2024-08-15,,Research and Development,,,Lopez-Roberts,-12028.77,cr,SaaS Canada,Reclass
GL0001797,2024-08-15,1010,Cash,Engineering,CC200,Johnson Inc,4780.96,DR,saas us,Payroll
GL0001798,2024-08-24,9999,Misc Expense,Operations,CC100,"Smith, Carlson and White",-22916.06,CR,SaaS US,Google Ads
GL0001799,2024-08-24,6200,R&D,,,"Curtis, Cruz and Green",12681.21,DR,SaaS HoldCo,
GL0001800,2024-08-27,6200,Research and Development,,CC200,"Jones, Scott and Nguyen",14641.13,DR,SaaS Canada,
GL0001801,2024-09-14,6100,sales & marketing,Engineering,,Peters PLC,-24762.35,cr,SaaS HoldCo,
GL0001802,2024-09-02,6100,sales & marketing,Engineering,,Miller-Brown,17614.29,DR,SaaS US,
GL0001803,2024-09-01,6300,General and Administrative,,CC200,Sanders Ltd,16496.6,dr,saas us,Software tools
GL0001804,2024-09-03,6200,R&D,Operations,CC400,,16904.49,DR,SaaS Canada,Software tools
GL0001805,2024-09-02,6200,R&D,Operations,CC200,Miller PLC,14257.85,,SaaS Canada,
GL0001806,2024-09-19,1010,Cash,Marketing,CC200,"Anderson, Blankenship and Black",13130.21,DR,SaaS Canada,Refund
GL0001807,2024-09-27,6300,General and Administrative,Marketing,,"Eaton, Powell and Frye",-22482.44,cr,saas us,AWS hosting
GL0001808,2024-09-14,6300,General and Administrative,Sales,CC300,Nguyen Inc,-20459.01,cr,SaaS Canada,Software tools
GL0001809,2024-09-01,1010,Cash,Operations,CC100,Porter and Sons,10474.26,DR,SaaS HoldCo,
GL0001810,2024-09-24,5000,cost of service,Sales,CC300,"Williams, Boyer and Meyers",13413.37,DR,saas us,Reclass
GL0001811,2024-09-01,5000,cost of service,Sales,CC100,Bowers-Smith,-18278.69,cr,saas us,Refund
GL0001812,2024-09-12,6100,sales & marketing,Marketing,,Hunter PLC,-6992.22,CR,SaaS US,
GL0001813,2024-09-23,5000,Cost of Service,Operations,CC200,"Anderson, Nash and Robinson",16063.19,DR,SaaS HoldCo,AWS hosting
GL0001814,2024-09-05,6200,R&D,,CC400,Jefferson and Sons,-6392.6,CR,SaaS HoldCo,Google Ads
GL0001815,2024-09-26,6100,Sales and Marketing,Marketing,CC200,"Delacruz, Kim and Wright",1827.75,DR,SaaS US,Contractor costs
GL0001816,2024-09-26,5000,Cost of Service,,,Rollins-Richardson,-10690.41,,SaaS US,Reclass
GL0001817,2024-09-20,6300,General and Administrative,Sales,,"Lopez, Klein and Mclaughlin",11923.92,dr,SaaS US,AWS hosting
GL0001818,2024-09-23,6200,Research and Development,,CC200,"Martin, Garza and Wells",22708.1,dr,saas us,Refund
GL0001819,2024-09-10,5000,Cost of Service,Sales,CC200,Munoz LLC,18906.46,DR,SaaS US,
GL0001820,2024-09-15,5000,cost of service,,,"Merritt, Cain and Goodwin",-10836.16,CR,SaaS HoldCo,Software tools
GL0001821,2024-09-18,6100,Sales and Marketing,,CC200,Lee PLC,20550.74,DR,SaaS US,
GL0001822,2024-09-20,9999,Misc Expense,Marketing,CC200,Perry-Patterson,12452.85,DR,SaaS Canada,Software tools
GL0001823,2024-09-22,5000,Cost of Service,Finance,,"Howe, Martinez and Merritt",15134.6,dr,SaaS Canada,
GL0001824,2024-09-26,6200,Research and Development,Finance,CC100,Johnson Ltd,21606.79,DR,SaaS US,Google Ads
GL0001825,2024-09-04,6200,R&D,,CC200,Harris-Arnold,22983.87,DR,SaaS Canada,Contractor costs
GL0001826,2024-09-11,6100,Sales and Marketing,Sales,CC200,Anderson Ltd,-11708.31,CR,SaaS HoldCo,Reclass
GL0001827,2024-09-19,6200,Research and Development,Marketing,CC300,Rose Ltd,12421.04,CR,SaaS Canada,Google Ads
GL0001828,2024-09-12,5000,cost of service,,CC200,Torres Ltd,18226.56,DR,SaaS US,Payroll
GL0001829,2024-09-24,1010,Cash,Marketing,,Haynes-Villa,21167.05,DR,SaaS Canada,
GL0001830,2024-09-19,6200,Research and Development,Operations,CC400,Perkins-Crawford,17371.7,DR,SaaS HoldCo,Contractor costs
GL0001831,2024-09-20,6100,sales & marketing,Finance,CC100,Wilson and Sons,-5375.9,CR,SaaS US,Refund
GL0001832,2024-09-08,5000,cost of service,Engineering,,Moore Ltd,19816.46,DR,saas us,Payroll
GL0001833,2024-09-19,6100,S&M,,CC400,Blevins Inc,7822.45,dr,saas us,AWS hosting
GL0001834,2024-09-21,9999,Misc Expense,,CC400,Wheeler-Blair,20266.37,DR,SaaS HoldCo,Contractor costs
GL0001835,2024-09-18,9999,Misc Expense,Operations,CC200,"Ingram, Berry and Chan",6608.9,DR,saas us,Contractor costs
GL0001836,2024-09-15,5000,cost of service,,CC200,"Mckinney, Rogers and Collins",5504.34,DR,SaaS US,Software tools
GL0001837,2024-09-02,5000,Cost of Service,Sales,CC300,Cook-Edwards,-19734.99,CR,SaaS US,Software tools
GL0001838,2024-09-26,6100,Sales and Marketing,Finance,CC400,"Walker, Johnson and Gibbs",13461.92,DR,SaaS Canada,AWS hosting
GL0001839,2024-09-25,9999,Misc Expense,,CC300,"Middleton, Castro and Holloway",-22123.09,cr,SaaS HoldCo,Contractor costs
GL0001840,2024-09-15,6100,sales & marketing,Sales,CC200,Murray PLC,-16425.0,cr,SaaS US,AWS hosting
GL0001841,2024-09-26,6200,Research and Development,,CC100,Strickland Group,-15820.11,CR,SaaS US,Payroll
GL0001842,2024-09-08,6100,sales & marketing,,,Santos PLC,16136.8,DR,SaaS Canada,Google Ads
GL0001843,2024-09-19,6100,Sales and Marketing,Engineering,CC400,"Smith, Herrera and Carr",15388.13,DR,SaaS Canada,Payroll
GL0001844,2024-09-22,6200,Research and Development,Finance,CC100,"Garcia, Perez and Meyer",-6228.17,cr,SaaS Canada,Contractor costs
GL0001845,2024-09-22,6100,sales & marketing,Marketing,CC300,West-Rodgers,4019.23,DR,SaaS US,
GL0001846,2024-09-10,6100,S&M,Operations,CC100,"Marshall, Dorsey and Martin",-2687.6,cr,SaaS HoldCo,Reclass
GL0001847,2024-09-10,5000,Cost of Service,Marketing,,Walters-Taylor,15054.08,dr,SaaS Canada,Contractor costs
GL0001848,2024-09-25,1010,Cash,Marketing,CC200,Lee-Perez,10090.74,DR,SaaS HoldCo,Refund
GL0001849,2024-09-11,1010,Cash,,,"Patterson, Dunlap and Osborn",16973.49,DR,saas us,Contractor costs
GL0001850,2024-09-09,5000,cost of service,Sales,CC100,Ramos Ltd,-13928.37,CR,SaaS HoldCo,
GL0001851,2024-09-27,,Cash,,CC200,Short-Kerr,18900.02,DR,SaaS HoldCo,
GL0001852,2024-09-04,5000,cost of service,,,Sheppard Group,15120.85,DR,SaaS Canada,Google Ads
GL0001853,2024-09-11,6100,sales & marketing,,,Brown-Maddox,23130.61,dr,saas us,Reclass
GL0001854,2024-09-18,5000,Cost of Service,Finance,CC100,Drake-Ray,-11044.41,CR,SaaS US,Software tools
GL0001855,2024-09-14,6100,Sales and Marketing,Engineering,CC400,Castillo and Sons,-8324.97,DR,SaaS Canada,Refund
GL0001856,2024-09-25,6300,G&A,,CC400,Hobbs-Patterson,24572.85,DR,SaaS US,Software tools
GL0001857,2024-09-09,9999,Misc Expense,,CC400,,19550.48,DR,saas us,Refund
GL0001858,2024-09-18,6100,sales & marketing,Operations,CC400,Underwood LLC,15062.43,dr,SaaS HoldCo,Google Ads
GL0001859,2024-09-03,9999,Misc Expense,Sales,CC300,Anderson-Welch,-11576.5,,saas us,Refund
GL0001860,2024-09-22,6100,Sales and Marketing,,CC400,Montoya and Sons,-24017.48,CR,SaaS US,Reclass
GL0001861,2024-09-01,6200,Research and Development,Engineering,CC100,"Ferguson, Anderson and Haney",22137.01,DR,saas us,
GL0001862,2024-09-16,6100,Sales and Marketing,Marketing,CC200,Andrews Ltd,-11519.29,CR,SaaS US,
GL0001863,2024-09-24,6200,R&D,Finance,CC400,"Hamilton, Jones and Monroe",7664.6,dr,SaaS HoldCo,AWS hosting
GL0001864,2024-09-21,6100,S&M,Operations,,Keller-Morris,-7988.27,CR,SaaS US,AWS hosting
GL0001865,2024-09-05,6300,General and Administrative,,CC200,Chang Ltd,15072.46,DR,SaaS US,
GL0001866,2024-09-07,6200,Research and Development,Operations,CC200,Medina Inc,3478.66,DR,SaaS US,Payroll
GL0001867,2024-09-06,6100,Sales and Marketing,Sales,CC400,Hodges and Sons,10208.5,dr,SaaS HoldCo,Software tools
GL0001868,2024-09-26,1010,Cash,Engineering,,Davis Inc,5715.32,DR,saas us,Contractor costs
GL0001869,2024-09-01,6300,General and Administrative,,,Mercado-Allen,-10737.05,DR,saas us,Software tools
GL0001870,2024-09-01,6300,General and Administrative,Operations,,Thompson Group,13204.46,dr,SaaS HoldCo,Contractor costs
GL0001871,2024-09-13,6200,Research and Development,Sales,CC400,"Andrade, Salinas and Barron",4430.2,dr,saas us,Google Ads
GL0001872,2024-09-26,6100,sales & marketing,Sales,CC400,King LLC,-12213.58,CR,saas us,Software tools
GL0001873,2024-09-10,6100,S&M,Finance,CC100,Perez-Day,-6395.61,CR,saas us,AWS hosting
GL0001874,2024-09-26,9999,Misc Expense,,CC300,Luna Ltd,4472.16,DR,SaaS HoldCo,Refund
GL0001875,2024-09-07,1010,Cash,,,"Watson, Meyer and Castro",5007.35,DR,saas us,
GL0001876,2024-09-26,5000,cost of service,,,Lee-Sharp,18043.79,DR,saas us,Reclass
GL0001877,2024-09-25,5000,cost of service,,CC400,"Blanchard, Henry and Lopez",19147.58,DR,SaaS Canada,Google Ads
GL0001878,2024-09-22,6100,S&M,,CC400,"Gordon, Garcia and Bell",-12947.12,CR,SaaS US,
GL0001879,2024-09-09,6300,General and Administrative,Operations,,Montgomery-Richardson,9566.68,DR,saas us,Payroll
GL0001880,2024-09-12,1010,Cash,Operations,,"Freeman, Ruiz and Kelley",-9796.34,CR,SaaS Canada,
GL0001881,2024-09-04,,Misc Expense,,CC300,Gutierrez Group,-16652.76,CR,SaaS Canada,Contractor costs
GL0001882,2024-09-08,5000,Cost of Service,Engineering,CC400,Austin Group,6187.24,DR,SaaS US,Reclass
GL0001883,2024-09-09,9999,Misc Expense,Engineering,CC400,Rosales-Thomas,1974.53,DR,SaaS HoldCo,Refund
GL0001884,2024-09-17,9999,Misc Expense,Finance,,Smith LLC,16463.32,DR,SaaS US,
GL0001885,2024-09-03,6300,G&A,Finance,CC100,Diaz Ltd,-17790.54,cr,SaaS US,Contractor costs
GL0001886,2024-09-26,6300,G&A,Finance,CC300,Jones PLC,6792.66,dr,SaaS US,
GL0001887,2024-09-12,6200,Research and Development,Engineering,CC200,Kim PLC,3796.66,dr,SaaS Canada,Refund
GL0001888,2024-09-13,6100,Sales and Marketing,Sales,CC400,Gonzales Group,20248.79,DR,SaaS HoldCo,Payroll
GL0001889,2024-09-21,5000,Cost of Service,Operations,CC100,Lang PLC,-23798.04,cr,saas us,Refund
GL0001890,2024-09-16,5000,Cost of Service,Engineering,CC200,Goodwin Inc,21836.23,dr,SaaS US,Contractor costs
GL0001891,2024-10-07,6100,sales & marketing,Finance,CC200,,-2885.72,CR,SaaS Canada,Contractor costs
GL0001892,2024-10-07,6100,sales & marketing,Sales,CC400,"Butler, Lee and Chaney",20873.47,,SaaS HoldCo,Software tools
GL0001893,2024-10-15,,cost of service,Finance,CC300,Lee Inc,5377.55,dr,saas us,
GL0001894,2024-10-14,6100,S&M,Marketing,,"Raymond, Anthony and James",16971.0,dr,saas us,
GL0001895,2024-10-15,6300,G&A,Finance,,Lee PLC,-9220.5,CR,SaaS US,Google Ads
GL0001896,2024-10-24,1010,Cash,Finance,CC400,Boyd Inc,14317.63,DR,SaaS US,Payroll
GL0001897,2024-10-07,5000,Cost of Service,,,Stewart Inc,-23555.58,cr,saas us,AWS hosting
GL0001898,2024-10-04,9999,Misc Expense,Sales,CC100,White-Rivers,-19832.12,CR,SaaS HoldCo,Contractor costs
GL0001899,2024-10-02,5000,cost of service,Engineering,CC100,"Benson, Perez and Butler",23449.18,DR,SaaS HoldCo,Contractor costs
GL0001900,2024-10-14,5000,cost of service,Engineering,,"Rodriguez, Martin and Montoya",7285.8,DR,SaaS US,Payroll
GL0001901,2024-10-23,5000,cost of service,Operations,CC400,Gutierrez-Carlson,20875.25,DR,SaaS Canada,Payroll
GL0001902,2024-10-08,5000,cost of service,Engineering,,Barker-Jones,16053.09,DR,SaaS HoldCo,Reclass
GL0001903,2024-10-16,9999,Misc Expense,Sales,CC400,Graves Group,16092.38,DR,SaaS HoldCo,Payroll
GL0001904,2024-10-14,5000,cost of service,,CC300,"Adams, Ward and Chen",19992.17,DR,SaaS US,Google Ads
GL0001905,2024-10-17,6200,R&D,Sales,CC300,"Russell, Tate and Zuniga",3368.2,DR,saas us,Contractor costs
GL0001906,2024-10-21,5000,Cost of Service,Marketing,CC400,Bryant-Waller,20217.09,dr,SaaS US,Refund
GL0001907,2024-10-05,6300,G&A,Engineering,CC200,Perez-Rivera,-15255.56,cr,saas us,Contractor costs
GL0001908,2024-10-01,6300,G&A,,CC100,"Parker, Jones and Schaefer",3593.65,DR,SaaS Canada,AWS hosting
GL0001909,2024-10-07,9999,Misc Expense,Operations,,"Price, West and Long",6211.58,DR,SaaS Canada,Contractor costs
GL0001910,2024-10-06,9999,Misc Expense,Marketing,,Bishop-Mcdowell,22768.32,DR,SaaS Canada,Contractor costs
GL0001911,2024-10-24,6100,S&M,Engineering,CC100,Sandoval PLC,23247.7,DR,saas us,Contractor costs
GL0001912,2024-10-19,6200,R&D,,,Foley-Allen,19407.66,DR,saas us,Payroll
GL0001913,2024-10-22,6300,G&A,,CC400,Ellis-Young,22095.67,DR,SaaS US,Contractor costs
GL0001914,2024-10-01,6100,S&M,Operations,CC200,Welch Ltd,2898.95,,SaaS HoldCo,Payroll
GL0001915,2024-10-27,6200,R&D,Finance,,Parker-Smith,10548.51,DR,SaaS HoldCo,AWS hosting
GL0001916,2024-10-19,6300,General and Administrative,Marketing,,Barr-Meadows,21264.42,DR,SaaS Canada,Payroll
GL0001917,2024-10-26,6300,General and Administrative,Sales,CC400,Moore Group,-13166.37,CR,SaaS HoldCo,Reclass
GL0001918,2024-10-07,6200,R&D,Finance,CC200,Meyer Inc,4961.48,DR,SaaS Canada,Google Ads
GL0001919,2024-10-07,9999,Misc Expense,,CC400,Johnson-Perry,-8712.12,CR,SaaS Canada,Contractor costs
GL0001920,2024-10-27,5000,cost of service,,CC200,Johnson-Madden,14170.54,DR,SaaS US,AWS hosting
GL0001921,2024-10-24,9999,Misc Expense,Finance,,Phillips LLC,17146.04,dr,SaaS Canada,
GL0001922,2024-10-14,9999,Misc Expense,,CC400,"Ward, Matthews and Richardson",-2484.92,CR,SaaS HoldCo,AWS hosting
GL0001923,2024-10-01,6300,General and Administrative,,,"Castro, Carey and Little",-6776.51,,SaaS Canada,AWS hosting
GL0001924,2024-10-22,5000,Cost of Service,Finance,,Clark-Myers,12632.87,DR,SaaS HoldCo,Reclass
GL0001925,2024-10-15,6200,R&D,Engineering,CC100,Conner-Gomez,-15047.87,CR,SaaS Canada,Payroll
GL0001926,2024-10-22,9999,Misc Expense,Operations,CC100,Acosta LLC,-19155.53,CR,SaaS US,AWS hosting
GL0001927,2024-10-06,6200,R&D,Finance,CC300,Jones-Thomas,-14416.49,CR,saas us,Google Ads
GL0001928,2024-10-16,6100,S&M,Sales,CC200,"Barnes, Wilson and Perkins",-15801.97,CR,SaaS HoldCo,Software tools
GL0001929,2024-10-21,,cost of service,Operations,CC400,Richards-Soto,14893.99,DR,SaaS US,Software tools
GL0001930,2024-10-21,6300,G&A,Operations,CC300,Dean-Daniel,11706.83,DR,saas us,Contractor costs
GL0001931,2024-10-25,9999,Misc Expense,,CC400,Martinez Ltd,7012.15,dr,SaaS US,Google Ads
GL0001932,2024-10-24,6200,Research and Development,Engineering,,Lawrence and Sons,1332.95,dr,SaaS US,Payroll
GL0001933,2024-10-01,6300,General and Administrative,Marketing,CC200,Hamilton Inc,19265.69,DR,SaaS HoldCo,Contractor costs
GL0001934,2024-10-12,6100,sales & marketing,Finance,CC100,"Flowers, Hunter and Holland",8742.07,DR,SaaS Canada,Contractor costs
GL0001935,2024-10-07,6300,G&A,,,"Rhodes, Crawford and Gomez",24068.83,DR,saas us,
GL0001936,2024-10-14,6100,S&M,,CC200,,-10976.36,CR,SaaS Canada,Software tools
GL0001937,2024-10-26,9999,Misc Expense,,,Mcmahon PLC,-6485.73,CR,saas us,AWS hosting
GL0001938,2024-10-25,6200,Research and Development,Operations,,"Ramsey, Baker and Rice",-5369.94,CR,saas us,AWS hosting
GL0001939,2024-10-26,6100,S&M,,CC400,Garza Inc,8793.61,DR,SaaS US,Reclass
GL0001940,2024-10-15,1010,Cash,Marketing,CC200,"Foley, Chambers and Diaz",12925.33,DR,SaaS Canada,AWS hosting
GL0001941,2024-10-20,9999,Misc Expense,Engineering,,"Wilson, Dean and Bennett",-9978.52,CR,saas us,
GL0001942,2024-10-04,6200,R&D,Sales,,Carter Ltd,8901.31,DR,SaaS HoldCo,Google Ads
GL0001943,2024-10-03,6200,R&D,Marketing,,"Smith, Mendez and Perez",-23782.02,CR,saas us,AWS hosting
GL0001944,2024-10-07,6300,G&A,Operations,CC300,Lopez-Pratt,21611.97,DR,saas us,AWS hosting
GL0001945,2024-10-04,6200,R&D,Sales,CC200,Ross Ltd,-20585.57,CR,SaaS Canada,Contractor costs
GL0001946,2024-10-14,6300,General and Administrative,Marketing,CC200,Singleton-Powers,2827.68,dr,SaaS Canada,Refund
GL0001947,2024-10-06,6200,R&D,,CC300,Pena and Sons,14262.8,DR,saas us,Contractor costs
GL0001948,2024-10-15,6300,General and Administrative,Engineering,CC100,"Thomas, Cook and Moreno",8343.1,dr,SaaS HoldCo,Refund
GL0001949,2024-10-27,5000,cost of service,Marketing,CC400,Hurst Inc,-7442.82,CR,saas us,Payroll
GL0001950,2024-10-27,6300,G&A,Finance,CC100,Aguirre-Hutchinson,3105.65,DR,SaaS Canada,Payroll
GL0001951,2024-10-23,6100,Sales and Marketing,Marketing,CC100,Ross-Jones,19866.6,DR,SaaS HoldCo,
GL0001952,2024-10-15,1010,Cash,,CC400,"Brown, Barajas and Cowan",10570.37,DR,SaaS US,Software tools
GL0001953,2024-10-27,9999,Misc Expense,,,Doyle-Garrison,4231.08,DR,SaaS HoldCo,Refund
GL0001954,2024-10-17,6200,R&D,,CC300,Baker and Sons,20939.11,DR,SaaS HoldCo,Google Ads
GL0001955,2024-10-11,6300,General and Administrative,Engineering,CC200,,5412.8,DR,SaaS Canada,Contractor costs
GL0001956,2024-10-26,5000,Cost of Service,Operations,CC200,Ellis Ltd,-23996.42,cr,SaaS US,AWS hosting
GL0001957,2024-10-27,6200,Research and Development,Finance,CC300,"Li, Buchanan and Hall",8113.05,,SaaS Canada,AWS hosting
GL0001958,2024-10-07,5000,Cost of Service,,CC200,Kim-Harris,2127.91,DR,SaaS HoldCo,AWS hosting
GL0001959,2024-10-04,6100,sales & marketing,,CC400,"Carrillo, Erickson and Woodward",12504.53,DR,SaaS HoldCo,Payroll
GL0001960,2024-10-04,6200,Research and Development,Marketing,,Foster-White,8586.57,DR,SaaS US,AWS hosting
GL0001961,2024-10-17,6100,Sales and Marketing,,CC100,Thomas Inc,24156.97,DR,SaaS Canada,AWS hosting
GL0001962,2024-10-09,6200,Research and Development,Sales,,Jenkins Inc,23519.67,DR,SaaS US,
GL0001963,2024-10-20,9999,Misc Expense,Marketing,CC100,Oliver-Anderson,-10408.46,CR,SaaS Canada,Refund
GL0001964,2024-10-14,6300,G&A,,,Carter-Willis,7406.85,DR,SaaS HoldCo,Reclass
GL0001965,2024-10-01,6300,G&A,,CC300,"Smith, White and Miller",-16682.64,CR,saas us,AWS hosting
GL0001966,2024-10-14,9999,Misc Expense,Sales,CC300,"Hamilton, Mann and Nichols",5417.53,DR,saas us,Google Ads
GL0001967,2024-10-01,5000,Cost of Service,Engineering,CC400,King-Thompson,-6727.59,CR,SaaS Canada,Software tools
GL0001968,2024-10-07,,G&A,,,"Newman, Anderson and Peterson",-18539.08,CR,SaaS Canada,Reclass
GL0001969,2024-10-25,6100,Sales and Marketing,,CC300,"Rose, Roberts and Chambers",15900.66,,SaaS Canada,Reclass
GL0001970,2024-10-04,6100,sales & marketing,Operations,CC400,Patrick Inc,10315.65,DR,saas us,Contractor costs
GL0001971,2024-10-04,6100,sales & marketing,Operations,,"Proctor, Kim and King",22763.42,DR,SaaS Canada,Google Ads
GL0001972,2024-10-21,1010,Cash,Sales,CC200,Braun-Rivera,7493.38,dr,SaaS Canada,
GL0001973,2024-10-27,9999,Misc Expense,Sales,CC400,"Cole, Edwards and Little",16683.88,dr,saas us,Google Ads
GL0001974,2024-10-13,6100,S&M,Sales,,Benjamin-Carlson,11254.53,DR,SaaS Canada,
GL0001975,2024-10-14,6100,Sales and Marketing,Operations,,Ford Group,-6486.86,CR,SaaS HoldCo,
GL0001976,2024-10-18,6100,S&M,,CC100,"Garza, Myers and Walton",-14239.66,CR,SaaS US,AWS hosting
GL0001977,2024-10-25,9999,Misc Expense,Operations,CC300,"Smith, Duncan and Harris",20343.96,DR,SaaS Canada,Google Ads
GL0001978,2024-10-11,5000,cost of service,,CC100,"Torres, Carroll and Sharp",12354.1,DR,SaaS HoldCo,Refund
GL0001979,2024-10-12,6200,Research and Development,Marketing,,Hall-Miller,-14279.11,CR,saas us,
GL0001980,2024-10-18,9999,Misc Expense,Marketing,,Williams-Murphy,1078.5,DR,SaaS US,Software tools
GL0001981,2024-11-08,1010,Cash,Engineering,CC300,"Allen, Washington and Williams",5379.18,DR,SaaS Canada,Contractor costs
GL0001982,2024-11-07,6200,R&D,,CC200,Mahoney Ltd,-15971.71,DR,SaaS HoldCo,Reclass
GL0001983,2024-11-12,9999,Misc Expense,,CC400,Jones Inc,-23184.74,cr,SaaS HoldCo,AWS hosting
GL0001984,2024-11-11,6200,R&D,Marketing,CC100,Rivera Group,-17280.01,CR,SaaS Canada,Payroll
GL0001985,2024-11-20,1010,Cash,Finance,CC200,Collins-Evans,5055.63,DR,SaaS Canada,Payroll
GL0001986,2024-11-19,6200,Research and Development,Engineering,,Mcintosh-Eaton,20027.45,DR,SaaS Canada,Reclass
GL0001987,2024-11-23,6200,Research and Development,Operations,CC100,"Harris, Perez and Bowen",18284.49,DR,SaaS Canada,AWS hosting
GL0001988,2024-11-05,6300,General and Administrative,,CC400,Love Ltd,15506.58,DR,SaaS Canada,
GL0001989,2024-11-14,9999,Misc Expense,,CC100,"Smith, Figueroa and White",-12627.69,cr,saas us,
GL0001990,2024-11-08,6100,Sales and Marketing,Operations,CC400,Nguyen-Roberts,11057.19,DR,SaaS HoldCo,Google Ads
GL0001991,2024-11-27,6100,sales & marketing,Operations,CC100,Moss-Anderson,-23897.19,CR,SaaS HoldCo,Reclass
GL0001992,2024-11-05,6200,Research and Development,Operations,CC300,Jones-Atkinson,-16819.17,cr,SaaS Canada,Google Ads
GL0001993,2024-11-23,6100,S&M,Marketing,,Bailey-Brown,-20520.87,CR,SaaS HoldCo,Software tools
GL0001994,2024-11-08,6300,G&A,,CC100,Miller PLC,-8491.13,CR,SaaS Canada,AWS hosting
GL0001995,2024-11-19,6300,G&A,,CC200,,-21585.02,cr,saas us,Contractor costs
GL0001996,2024-11-17,6100,sales & marketing,Finance,,Rangel Group,11909.81,dr,SaaS Canada,Software tools
GL0001997,2024-11-17,5000,Cost of Service,,CC400,Savage-Clark,-23964.85,cr,SaaS US,Google Ads
GL0001998,2024-11-20,5000,cost of service,Finance,,"Gray, Coleman and Thompson",13505.9,,saas us,Google Ads
GL0001999,2024-11-20,6100,Sales and Marketing,Finance,CC100,Kaufman-Taylor,24500.34,DR,saas us,AWS hosting
GL0002000,2024-11-12,,cost of service,Finance,CC100,Riley LLC,20650.34,DR,SaaS Canada,
GL0002001,2024-11-25,6300,G&A,,CC200,Chapman and Sons,7021.97,DR,SaaS HoldCo,Refund
GL0002002,2024-11-25,6100,Sales and Marketing,,CC400,"Davis, Ford and Taylor",-8987.36,cr,SaaS Canada,
GL0002003,2024-11-08,6100,sales & marketing,,,"Butler, Miller and Sampson",-10540.93,CR,SaaS HoldCo,Software tools
GL0002004,2024-11-11,6100,S&M,Sales,,"Hanson, Lucas and Wilson",22811.02,DR,SaaS US,Reclass
GL0002005,2024-11-10,6200,R&D,Engineering,,"Escobar, Greer and Austin",-7899.65,CR,saas us,
GL0002006,2024-11-07,5000,Cost of Service,,CC400,"Clay, Mitchell and Perry",19918.18,DR,SaaS Canada,Google Ads
GL0002007,2024-11-06,9999,Misc Expense,Engineering,,Frank-Hunter,19072.89,DR,SaaS HoldCo,Refund
GL0002008,2024-11-08,5000,Cost of Service,,CC100,Wang-Becker,3368.8,DR,SaaS Canada,Payroll
GL0002009,2024-11-24,6100,S&M,Engineering,,Walker-Richardson,7429.5,DR,SaaS US,Refund
GL0002010,2024-11-11,6200,Research and Development,Finance,CC100,"Santiago, Griffin and Jones",-14996.5,CR,SaaS US,AWS hosting
GL0002011,2024-11-11,1010,Cash,,,"Roberson, Powell and Martin",17183.82,dr,saas us,Refund
GL0002012,2024-11-09,1010,Cash,,CC300,Mcclure-Meyer,-11156.2,CR,SaaS US,Refund
GL0002013,2024-11-25,6300,G&A,Sales,CC100,Gonzalez-Santiago,4527.18,dr,SaaS HoldCo,Contractor costs
GL0002014,2024-11-10,6200,R&D,,CC100,"Lindsey, Horne and Walker",-9691.92,cr,SaaS US,Software tools
GL0002015,2024-11-11,6100,sales & marketing,Sales,CC200,"Smith, Small and Smith",18526.96,DR,saas us,Payroll
GL0002016,2024-11-20,6200,Research and Development,,CC400,Lutz Inc,3431.74,DR,SaaS Canada,Google Ads
GL0002017,2024-11-07,5000,cost of service,Finance,CC300,Haynes Ltd,-21486.17,cr,saas us,Google Ads
GL0002018,2024-11-23,6300,General and Administrative,Operations,,"Burnett, Newman and Campbell",15140.39,dr,SaaS US,Payroll
GL0002019,2024-11-07,6100,Sales and Marketing,,CC300,Lee and Sons,-11944.7,CR,SaaS US,
GL0002020,2024-11-27,6100,sales & marketing,Finance,,Pham-Day,3632.01,DR,saas us,Software tools
GL0002021,2024-11-15,9999,Misc Expense,,,Miller-Clark,13752.58,DR,SaaS HoldCo,
GL0002022,2024-11-09,6300,G&A,Finance,,Mercado and Sons,-15894.46,cr,SaaS Canada,Refund
GL0002023,2024-11-11,9999,Misc Expense,Sales,CC400,Clark-Liu,-8001.89,CR,SaaS US,Google Ads
GL0002024,2024-11-17,1010,Cash,,,Hall LLC,7274.34,DR,SaaS US,Refund
GL0002025,2024-11-11,6100,S&M,Finance,CC100,"Reid, Lee and Morgan",-6163.77,cr,saas us,Google Ads
GL0002026,2024-11-10,6200,R&D,Operations,CC100,"Williams, Herrera and Anderson",20884.12,DR,saas us,Software tools
GL0002027,2024-11-07,1010,Cash,Finance,CC400,Sims Group,16928.37,DR,SaaS Canada,Software tools
GL0002028,2024-11-22,6100,Sales and Marketing,,,White and Sons,-23880.49,cr,SaaS US,Software tools
GL0002029,2024-11-22,6100,sales & marketing,,CC400,"Johnson, Daniel and Reilly",22664.21,DR,saas us,Reclass
GL0002030,2024-11-16,6300,General and Administrative,,CC100,"Galloway, Bernard and Sanchez",-19541.39,,SaaS HoldCo,Contractor costs
GL0002031,2024-11-16,5000,Cost of Service,Operations,CC300,Griffith Ltd,10620.17,DR,SaaS HoldCo,Reclass
GL0002032,2024-11-07,6200,Research and Development,Operations,CC100,Lara-Payne,6802.78,DR,SaaS US,AWS hosting
GL0002033,2024-11-23,9999,Misc Expense,Sales,CC100,Moore-Nash,-24435.55,cr,SaaS US,Google Ads
GL0002034,2024-11-23,1010,Cash,,,Gray and Sons,5097.45,DR,saas us,Contractor costs
GL0002035,2024-11-17,5000,cost of service,,CC200,Green PLC,17639.75,dr,SaaS US,
GL0002036,2024-11-11,9999,Misc Expense,Engineering,,"Garrett, Olsen and Bailey",7223.79,dr,SaaS US,
GL0002037,2024-11-05,6200,Research and Development,Finance,CC100,"Davenport, Hopkins and Mitchell",-17024.84,CR,saas us,
GL0002038,2024-11-23,6200,R&D,,CC100,Gould and Sons,4406.54,DR,SaaS Canada,Refund
GL0002039,2024-11-21,5000,Cost of Service,,,Vega-Smith,-5083.69,DR,SaaS US,Contractor costs
GL0002040,2024-11-01,6100,S&M,,CC100,Thomas-Davis,-19811.65,CR,SaaS HoldCo,Reclass
GL0002041,2024-11-24,1010,Cash,Engineering,,Miller Inc,9570.15,dr,SaaS Canada,Google Ads
GL0002042,2024-11-08,6200,Research and Development,Operations,,,-12128.37,CR,saas us,
GL0002043,2024-11-14,5000,Cost of Service,,CC400,"Smith, Snow and Hicks",2211.1,DR,SaaS Canada,Refund
GL0002044,2024-11-25,5000,Cost of Service,,CC300,Yates and Sons,24931.29,DR,SaaS US,Reclass
GL0002045,2024-11-15,6200,R&D,Engineering,CC400,Ortiz Inc,12072.29,dr,SaaS Canada,Reclass
GL0002046,2024-11-12,5000,Cost of Service,Engineering,,Gray-Lee,11608.73,,SaaS US,Google Ads
GL0002047,2024-11-05,9999,Misc Expense,Sales,CC300,Schaefer-Moore,-12023.02,,saas us,Payroll
GL0002048,2024-11-18,6300,G&A,,CC200,Lang-Henderson,-11451.43,cr,SaaS US,Refund
GL0002049,2024-11-09,6300,General and Administrative,Marketing,CC300,Wilson-Johnson,7124.13,DR,SaaS US,AWS hosting
GL0002050,2024-11-20,6100,S&M,Operations,CC300,Yang-Smith,8688.43,DR,SaaS Canada,AWS hosting
GL0002051,2024-11-04,6200,Research and Development,Sales,,Middleton-Zavala,4493.49,DR,SaaS Canada,
GL0002052,2024-11-05,6100,S&M,Engineering,CC100,"Mccoy, Jones and Casey",16254.62,DR,SaaS US,Payroll
GL0002053,2024-11-23,6100,Sales and Marketing,,CC300,Warren PLC,-24765.91,CR,SaaS US,Reclass
GL0002054,2024-11-04,6100,S&M,,CC300,Hernandez LLC,4869.76,DR,saas us,Reclass
GL0002055,2024-11-09,6100,Sales and Marketing,Marketing,CC200,"Davis, Moss and Rodriguez",15043.03,DR,SaaS HoldCo,AWS hosting
GL0002056,2024-11-02,6200,R&D,,CC400,Moore Ltd,-8570.87,DR,SaaS HoldCo,
GL0002057,2024-11-10,6100,S&M,Operations,CC300,"James, Cherry and Gardner",22658.56,DR,SaaS HoldCo,
GL0002058,2024-11-04,5000,cost of service,Operations,CC200,Thompson-Jordan,18271.04,DR,SaaS HoldCo,Software tools
GL0002059,2024-11-04,6300,General and Administrative,,,"Johnson, Krause and Mcmahon",-15816.91,CR,SaaS HoldCo,Contractor costs
GL0002060,2024-11-17,6200,Research and Development,Finance,,Blankenship PLC,-19533.52,CR,SaaS Canada,
GL0002061,2024-11-08,6100,S&M,Engineering,CC400,"Miller, Zamora and Stewart",22840.25,DR,SaaS HoldCo,Contractor costs
GL0002062,2024-11-25,6100,sales & marketing,Engineering,CC200,"Ramirez, Brown and Thompson",3985.82,DR,saas us,Reclass
GL0002063,2024-11-23,6300,General and Administrative,Marketing,CC100,"Pruitt, Jordan and Castro",5064.73,DR,SaaS US,Payroll
GL0002064,2024-11-12,5000,Cost of Service,Engineering,CC400,Howard-Booker,-19900.17,cr,SaaS HoldCo,AWS hosting
GL0002065,2024-11-18,6200,Research and Development,Marketing,CC300,Davis LLC,18996.53,DR,saas us,Software tools
GL0002066,2024-11-14,6200,Research and Development,Engineering,,Wilcox LLC,11288.28,DR,SaaS US,Software tools
GL0002067,2024-11-09,6100,sales & marketing,Finance,CC400,"White, Smith and Black",9020.95,DR,SaaS HoldCo,AWS hosting
GL0002068,2024-11-17,6100,S&M,,CC400,Lucas Group,-3749.49,CR,SaaS Canada,Contractor costs
GL0002069,2024-11-05,1010,Cash,Marketing,,Cantu-Clements,-16163.09,cr,SaaS Canada,Contractor costs
GL0002070,2024-11-01,,General and Administrative,Engineering,CC100,Stephens and Sons,22836.49,DR,saas us,Software tools
GL0002071,2024-12-24,6200,R&D,Sales,,"Mckinney, Marquez and Howard",16113.98,DR,SaaS Canada,
GL0002072,2024-12-23,6300,General and Administrative,Sales,CC300,Smith LLC,7294.43,DR,SaaS US,Contractor costs
GL0002073,2024-12-03,6100,S&M,Marketing,CC200,Morris-Fernandez,-21398.54,CR,SaaS HoldCo,Software tools
GL0002074,2024-12-18,6300,General and Administrative,,CC100,"Hammond, Owens and Dominguez",-2468.27,CR,SaaS Canada,Software tools
GL0002075,2024-12-27,6100,Sales and Marketing,,CC100,White Ltd,22476.25,DR,SaaS Canada,
GL0002076,2024-12-16,1010,Cash,Engineering,CC100,Mason-Rivera,-21713.62,CR,SaaS HoldCo,Software tools
GL0002077,2024-12-02,5000,cost of service,Finance,CC300,Chavez-Harris,16739.85,DR,SaaS US,Google Ads
GL0002078,2024-12-19,,Research and Development,Finance,CC300,"West, Ramirez and Crawford",6765.73,DR,SaaS US,
GL0002079,2024-12-02,6100,sales & marketing,,CC100,"Foster, Taylor and Mcdonald",6821.13,DR,saas us,Reclass
GL0002080,2024-12-06,6100,S&M,Finance,CC200,Barker-Phillips,-21288.07,CR,SaaS HoldCo,Reclass
GL0002081,2024-12-06,6200,Research and Development,Sales,CC100,"Hines, Wright and Ingram",15152.73,DR,SaaS HoldCo,Software tools
GL0002082,2024-12-20,6200,R&D,Marketing,CC400,Stone Inc,8004.73,DR,SaaS US,AWS hosting
GL0002083,2024-12-14,5000,Cost of Service,,,"Jordan, Rice and Suarez",-1857.65,CR,SaaS Canada,Reclass
GL0002084,2024-12-12,6100,S&M,Marketing,CC200,Campbell Inc,16839.3,DR,saas us,Contractor costs
GL0002085,2024-12-07,6300,G&A,,CC100,Bass-Stokes,9696.82,DR,SaaS US,Payroll
GL0002086,2024-12-12,6200,Research and Development,,CC300,Cole-Hendricks,14355.58,DR,SaaS Canada,Refund
GL0002087,2024-12-13,5000,Cost of Service,Sales,,Gill-Morris,-13531.1,CR,SaaS US,Refund
GL0002088,2024-12-22,1010,Cash,,,Garcia-Bryant,24800.34,DR,SaaS HoldCo,Google Ads
GL0002089,2024-12-13,1010,Cash,Finance,,Bailey-Henson,13915.25,DR,SaaS US,Refund
GL0002090,2024-12-10,6200,Research and Development,Finance,CC100,Porter-Wade,14072.94,DR,SaaS HoldCo,Payroll
GL0002091,2024-12-27,5000,Cost of Service,Marketing,CC200,Morales-Martin,7057.7,,SaaS HoldCo,Refund
GL0002092,2024-12-05,5000,cost of service,,CC100,White Inc,-24300.68,CR,SaaS HoldCo,Google Ads
GL0002093,2024-12-09,9999,Misc Expense,,CC200,"Parker, Williams and Wise",-16180.18,cr,SaaS US,Google Ads
GL0002094,2024-12-13,,S&M,Marketing,,Hansen-Horton,6124.46,DR,saas us,
GL0002095,2024-12-20,5000,Cost of Service,Sales,CC400,Scott-Grant,2267.34,DR,SaaS HoldCo,Refund
GL0002096,2024-12-09,6100,Sales and Marketing,Sales,,Johnson Ltd,-23786.79,CR,SaaS US,Contractor costs
GL0002097,2024-12-03,6300,G&A,Marketing,,Robinson Inc,24385.17,dr,SaaS HoldCo,Software tools
GL0002098,2024-12-07,6100,Sales and Marketing,Engineering,,Johnson-Campos,8829.01,DR,SaaS HoldCo,Google Ads
GL0002099,2024-12-19,9999,Misc Expense,Sales,CC200,Mcfarland Group,-18164.88,CR,SaaS Canada,Reclass
GL0002100,2024-12-15,6100,Sales and Marketing,Engineering,CC200,"Dougherty, Jenkins and Brown",14850.63,DR,SaaS US,Software tools
GL0002101,2024-12-15,5000,Cost of Service,Sales,,Johns-Richardson,-12574.63,CR,SaaS Canada,Reclass
GL0002102,2024-12-27,6200,Research and Development,,CC400,"Wilkinson, Craig and Holland",13038.28,DR,saas us,Reclass
GL0002103,2024-12-24,6300,G&A,,CC200,Phillips-Newman,5047.83,DR,SaaS Canada,Contractor costs
GL0002104,2024-12-16,6100,Sales and Marketing,Operations,CC400,Lucas PLC,19544.5,DR,SaaS Canada,Contractor costs
GL0002105,2024-12-20,6100,sales & marketing,,CC200,"Hernandez, Elliott and Bartlett",1484.7,,SaaS Canada,Software tools
GL0002106,2024-12-17,9999,Misc Expense,Engineering,CC300,Ponce-Carter,2484.33,DR,SaaS HoldCo,Software tools
GL0002107,2024-12-07,6300,General and Administrative,Operations,,Smith Inc,16359.78,DR,SaaS Canada,Payroll
GL0002108,2024-12-08,6200,R&D,Engineering,,Andrews LLC,-13009.61,cr,saas us,
GL0002109,2024-12-26,1010,Cash,Operations,CC200,Clay-Gomez,-12642.73,CR,SaaS Canada,Contractor costs
GL0002110,2024-12-05,5000,cost of service,,CC200,"Smith, Smith and Harmon",20894.89,DR,SaaS Canada,Software tools
GL0002111,2024-12-08,5000,Cost of Service,,CC200,Reed Inc,-13950.27,dr,SaaS HoldCo,Google Ads
GL0002112,2024-12-06,6300,General and Administrative,Marketing,,"Nichols, Knox and Campbell",11057.73,DR,saas us,Payroll
GL0002113,2024-12-06,9999,Misc Expense,Marketing,CC300,"Morton, Kennedy and Cunningham",15196.52,dr,SaaS Canada,
GL0002114,2024-12-04,6200,R&D,,CC200,Brown Ltd,3257.56,DR,SaaS US,Refund
GL0002115,2024-12-12,9999,Misc Expense,Finance,CC200,Cabrera Inc,-18572.59,cr,saas us,AWS hosting
GL0002116,2024-12-03,6300,G&A,Engineering,CC200,"Harrison, Ramos and Villegas",-14119.11,,saas us,Reclass
GL0002117,2024-12-06,6300,G&A,Sales,CC300,Schmidt-Levy,19971.24,DR,SaaS Canada,
GL0002118,2024-12-03,6300,General and Administrative,Engineering,CC400,Jensen-Bowers,-19456.79,CR,SaaS US,Reclass
GL0002119,2024-12-17,6200,Research and Development,Finance,CC100,"Harris, Vazquez and Lewis",24318.35,dr,SaaS US,AWS hosting
GL0002120,2024-12-08,5000,cost of service,Finance,CC400,Rivera Ltd,-8858.42,cr,SaaS Canada,Contractor costs
GL0002121,2024-12-04,6200,R&D,Sales,,"Robles, Giles and Davis",18802.62,dr,saas us,Refund
GL0002122,2024-12-07,5000,cost of service,,CC200,"Miranda, Harris and Smith",16517.88,DR,SaaS HoldCo,Payroll
GL0002123,2024-12-10,1010,Cash,,,Mckee Ltd,10545.8,DR,SaaS HoldCo,Refund
GL0002124,2024-12-17,6200,Research and Development,Marketing,CC300,Carpenter-Meyer,23757.81,DR,SaaS HoldCo,Refund
GL0002125,2024-12-18,6100,Sales and Marketing,Engineering,,Lopez-Murphy,-22857.5,CR,SaaS US,Software tools
GL0002126,2024-12-21,1010,Cash,Engineering,CC200,"Holland, Chapman and Ware",16302.71,,SaaS Canada,Payroll
GL0002127,2024-12-08,9999,Misc Expense,Operations,CC400,Jackson Inc,20287.97,dr,saas us,Refund
GL0002128,2024-12-18,1010,Cash,Operations,CC400,,5673.68,DR,SaaS HoldCo,Payroll
GL0002129,2024-12-24,6300,G&A,Operations,CC100,"Estes, Sutton and Johnson",8734.74,dr,SaaS HoldCo,
GL0002130,2024-12-17,6300,General and Administrative,,CC300,"Richards, Roberts and Hurley",13655.95,dr,saas us,Software tools
GL0002131,2024-12-02,5000,cost of service,,CC400,Garcia PLC,-13582.89,CR,SaaS US,Payroll
GL0002132,2024-12-15,5000,cost of service,,CC300,"Obrien, Evans and Hall",2893.89,dr,SaaS US,Contractor costs
GL0002133,2024-12-02,,cost of service,Finance,CC400,Hawkins-Dominguez,15421.0,DR,SaaS HoldCo,Software tools
GL0002134,2024-12-09,6300,G&A,Finance,CC400,Castro Inc,-3624.28,cr,SaaS Canada,Contractor costs
GL0002135,2024-12-27,6100,Sales and Marketing,Marketing,CC100,Peterson-Morgan,1495.4,DR,SaaS US,Google Ads
GL0002136,2024-12-03,,Misc Expense,Marketing,,Barnes-Harmon,10342.25,DR,SaaS US,Reclass
GL0002137,2024-12-01,6200,Research and Development,Finance,CC100,Whitaker LLC,14022.1,DR,SaaS US,AWS hosting
GL0002138,2024-12-06,6100,sales & marketing,Engineering,,Wilkinson and Sons,15861.84,DR,SaaS Canada,Software tools
GL0002139,2024-12-21,6100,sales & marketing,Sales,,"Garcia, Richards and Alexander",-18606.53,cr,SaaS US,AWS hosting
GL0002140,2024-12-17,6100,Sales and Marketing,Operations,CC100,"White, Schmidt and Brewer",5289.3,DR,saas us,Software tools
GL0002141,2024-12-19,6100,S&M,,CC100,"Decker, Rivera and Gordon",13333.69,DR,SaaS HoldCo,Software tools
GL0002142,2024-12-09,6300,G&A,Operations,CC300,Cooper-Tanner,4666.81,DR,SaaS Canada,Payroll
GL0002143,2024-12-22,6100,S&M,Sales,CC400,"Serrano, Anderson and Chang",3300.07,DR,saas us,Google Ads
GL0002144,2024-12-02,9999,Misc Expense,Finance,CC400,Huber-Bryant,-20451.7,cr,SaaS Canada,Google Ads
GL0002145,2024-12-08,9999,Misc Expense,Engineering,CC300,"Klein, Garza and Martinez",14814.38,DR,SaaS US,
GL0002146,2024-12-15,1010,Cash,Marketing,,Obrien Group,-12293.89,CR,SaaS HoldCo,
GL0002147,2024-12-06,6200,R&D,,,Johnson-Gould,17606.78,DR,SaaS HoldCo,Reclass
GL0002148,2024-12-13,6200,Research and Development,,CC100,"Hart, Randolph and Valenzuela",15032.63,DR,saas us,Google Ads
GL0002149,2024-12-25,6100,sales & marketing,Sales,,Lee Ltd,-3291.22,CR,SaaS HoldCo,Reclass
GL0002150,2024-12-13,6200,Research and Development,,CC100,Rice-Wilson,10878.99,DR,SaaS Canada,Google Ads
GL0002151,2024-12-11,1010,Cash,,,"Frey, Brown and Brown",21011.75,DR,saas us,Software tools
GL0002152,2024-12-20,5000,cost of service,Sales,CC300,"Stark, Hall and Ayala",-3426.36,cr,SaaS US,Reclass
GL0002153,2024-12-20,6100,Sales and Marketing,Operations,CC400,"Townsend, Montes and Riley",17940.31,DR,SaaS Canada,AWS hosting
GL0002154,2024-12-04,6300,G&A,Sales,,Edwards LLC,-21389.24,CR,SaaS HoldCo,Reclass
GL0002155,2024-12-05,6300,General and Administrative,Operations,CC400,"Gonzales, Smith and Gonzales",12669.11,DR,SaaS US,Refund
GL0002156,2024-12-09,9999,Misc Expense,,CC100,Morgan Ltd,-13465.07,,saas us,
GL0002157,2024-12-17,6300,General and Administrative,Sales,CC300,Richmond-Ponce,-8170.92,CR,saas us,Payroll
GL0002158,2024-12-08,6300,General and Administrative,,CC200,"Harris, Jones and Fuentes",7403.56,DR,saas us,
GL0002159,2024-12-12,6100,sales & marketing,Engineering,CC200,Harrington-Hood,-21084.47,CR,SaaS US,Software tools
GL0002160,2024-12-26,6100,sales & marketing,Sales,CC300,"Moore, Lopez and Rodriguez",-6757.76,CR,saas us,AWS hosting
GL0000011,2023-01-18,6200,R&D,,CC400,Ballard Ltd,-17932.06,CR,SaaS US,Reclass
